
> backend@0.0.1 start:prod
> node dist/main

[32m[Nest] 7392  - [39m03/08/2026, 11:00:50 a. m. [32m    LOG[39m [38;5;3m[NestFactory] [39m[32mStarting Nest application...[39m
[32m[Nest] 7392  - [39m03/08/2026, 11:00:50 a. m. [32m    LOG[39m [38;5;3m[InstanceLoader] [39m[32mTypeOrmModule dependencies initialized[39m[38;5;3m +29ms[39m
[32m[Nest] 7392  - [39m03/08/2026, 11:00:50 a. m. [32m    LOG[39m [38;5;3m[InstanceLoader] [39m[32mPassportModule dependencies initialized[39m[38;5;3m +0ms[39m
[32m[Nest] 7392  - [39m03/08/2026, 11:00:50 a. m. [32m    LOG[39m [38;5;3m[InstanceLoader] [39m[32mJwtModule dependencies initialized[39m[38;5;3m +0ms[39m
[32m[Nest] 7392  - [39m03/08/2026, 11:00:50 a. m. [32m    LOG[39m [38;5;3m[InstanceLoader] [39m[32mConfigHostModule dependencies initialized[39m[38;5;3m +1ms[39m
[32m[Nest] 7392  - [39m03/08/2026, 11:00:50 a. m. [32m    LOG[39m [38;5;3m[InstanceLoader] [39m[32mConfigModule dependencies initialized[39m[38;5;3m +0ms[39m
[32m[Nest] 7392  - [39m03/08/2026, 11:00:50 a. m. [32m    LOG[39m [38;5;3m[InstanceLoader] [39m[32mThrottlerModule dependencies initialized[39m[38;5;3m +71ms[39m
[32m[Nest] 7392  - [39m03/08/2026, 11:00:50 a. m. [32m    LOG[39m [38;5;3m[CacheService] [39m[32mCache provider: Memoria (REDIS_URL no definida)[39m
[32m[Nest] 7392  - [39m03/08/2026, 11:00:50 a. m. [32m    LOG[39m [38;5;3m[InstanceLoader] [39m[32mCacheModule dependencies initialized[39m[38;5;3m +1ms[39m
[32m[Nest] 7392  - [39m03/08/2026, 11:00:50 a. m. [32m    LOG[39m [38;5;3m[InstanceLoader] [39m[32mAppModule dependencies initialized[39m[38;5;3m +0ms[39m
query: SELECT version()
query: SELECT * FROM current_schema()
[32m[Nest] 7392  - [39m03/08/2026, 11:00:50 a. m. [32m    LOG[39m [38;5;3m[InstanceLoader] [39m[32mTypeOrmCoreModule dependencies initialized[39m[38;5;3m +128ms[39m
[32m[Nest] 7392  - [39m03/08/2026, 11:00:50 a. m. [32m    LOG[39m [38;5;3m[InstanceLoader] [39m[32mHealthModule dependencies initialized[39m[38;5;3m +0ms[39m
[32m[Nest] 7392  - [39m03/08/2026, 11:00:50 a. m. [32m    LOG[39m [38;5;3m[InstanceLoader] [39m[32mTypeOrmModule dependencies initialized[39m[38;5;3m +0ms[39m
[32m[Nest] 7392  - [39m03/08/2026, 11:00:50 a. m. [32m    LOG[39m [38;5;3m[InstanceLoader] [39m[32mTypeOrmModule dependencies initialized[39m[38;5;3m +0ms[39m
[32m[Nest] 7392  - [39m03/08/2026, 11:00:50 a. m. [32m    LOG[39m [38;5;3m[InstanceLoader] [39m[32mTypeOrmModule dependencies initialized[39m[38;5;3m +0ms[39m
[32m[Nest] 7392  - [39m03/08/2026, 11:00:50 a. m. [32m    LOG[39m [38;5;3m[InstanceLoader] [39m[32mTypeOrmModule dependencies initialized[39m[38;5;3m +0ms[39m
[32m[Nest] 7392  - [39m03/08/2026, 11:00:50 a. m. [32m    LOG[39m [38;5;3m[InstanceLoader] [39m[32mTypeOrmModule dependencies initialized[39m[38;5;3m +0ms[39m
[32m[Nest] 7392  - [39m03/08/2026, 11:00:50 a. m. [32m    LOG[39m [38;5;3m[InstanceLoader] [39m[32mTypeOrmModule dependencies initialized[39m[38;5;3m +0ms[39m
[32m[Nest] 7392  - [39m03/08/2026, 11:00:50 a. m. [32m    LOG[39m [38;5;3m[InstanceLoader] [39m[32mTypeOrmModule dependencies initialized[39m[38;5;3m +1ms[39m
[32m[Nest] 7392  - [39m03/08/2026, 11:00:50 a. m. [32m    LOG[39m [38;5;3m[InstanceLoader] [39m[32mTypeOrmModule dependencies initialized[39m[38;5;3m +0ms[39m
[32m[Nest] 7392  - [39m03/08/2026, 11:00:50 a. m. [32m    LOG[39m [38;5;3m[InstanceLoader] [39m[32mTypeOrmModule dependencies initialized[39m[38;5;3m +0ms[39m
[32m[Nest] 7392  - [39m03/08/2026, 11:00:50 a. m. [32m    LOG[39m [38;5;3m[InstanceLoader] [39m[32mTypeOrmModule dependencies initialized[39m[38;5;3m +0ms[39m
[32m[Nest] 7392  - [39m03/08/2026, 11:00:50 a. m. [32m    LOG[39m [38;5;3m[InstanceLoader] [39m[32mTypeOrmModule dependencies initialized[39m[38;5;3m +0ms[39m
[32m[Nest] 7392  - [39m03/08/2026, 11:00:50 a. m. [32m    LOG[39m [38;5;3m[InstanceLoader] [39m[32mTypeOrmModule dependencies initialized[39m[38;5;3m +0ms[39m
[32m[Nest] 7392  - [39m03/08/2026, 11:00:50 a. m. [32m    LOG[39m [38;5;3m[InstanceLoader] [39m[32mTypeOrmModule dependencies initialized[39m[38;5;3m +0ms[39m
[32m[Nest] 7392  - [39m03/08/2026, 11:00:50 a. m. [32m    LOG[39m [38;5;3m[InstanceLoader] [39m[32mTypeOrmModule dependencies initialized[39m[38;5;3m +0ms[39m
[32m[Nest] 7392  - [39m03/08/2026, 11:00:50 a. m. [32m    LOG[39m [38;5;3m[InstanceLoader] [39m[32mTypeOrmModule dependencies initialized[39m[38;5;3m +0ms[39m
[32m[Nest] 7392  - [39m03/08/2026, 11:00:50 a. m. [32m    LOG[39m [38;5;3m[InstanceLoader] [39m[32mTypeOrmModule dependencies initialized[39m[38;5;3m +0ms[39m
[32m[Nest] 7392  - [39m03/08/2026, 11:00:50 a. m. [32m    LOG[39m [38;5;3m[InstanceLoader] [39m[32mTypeOrmModule dependencies initialized[39m[38;5;3m +0ms[39m
[32m[Nest] 7392  - [39m03/08/2026, 11:00:50 a. m. [32m    LOG[39m [38;5;3m[InstanceLoader] [39m[32mTypeOrmModule dependencies initialized[39m[38;5;3m +0ms[39m
[32m[Nest] 7392  - [39m03/08/2026, 11:00:50 a. m. [32m    LOG[39m [38;5;3m[InstanceLoader] [39m[32mPublicApiModule dependencies initialized[39m[38;5;3m +1ms[39m
[32m[Nest] 7392  - [39m03/08/2026, 11:00:50 a. m. [32m    LOG[39m [38;5;3m[InstanceLoader] [39m[32mSearchModule dependencies initialized[39m[38;5;3m +0ms[39m
[32m[Nest] 7392  - [39m03/08/2026, 11:00:50 a. m. [32m    LOG[39m [38;5;3m[InstanceLoader] [39m[32mExportModule dependencies initialized[39m[38;5;3m +0ms[39m
[32m[Nest] 7392  - [39m03/08/2026, 11:00:50 a. m. [32m    LOG[39m [38;5;3m[InstanceLoader] [39m[32mAuditModule dependencies initialized[39m[38;5;3m +1ms[39m
[32m[Nest] 7392  - [39m03/08/2026, 11:00:50 a. m. [32m    LOG[39m [38;5;3m[InstanceLoader] [39m[32mReportsModule dependencies initialized[39m[38;5;3m +0ms[39m
[32m[Nest] 7392  - [39m03/08/2026, 11:00:50 a. m. [32m    LOG[39m [38;5;3m[InstanceLoader] [39m[32mPricingModule dependencies initialized[39m[38;5;3m +0ms[39m
[32m[Nest] 7392  - [39m03/08/2026, 11:00:50 a. m. [32m    LOG[39m [38;5;3m[InstanceLoader] [39m[32mJobsModule dependencies initialized[39m[38;5;3m +0ms[39m
[32m[Nest] 7392  - [39m03/08/2026, 11:00:50 a. m. [32m    LOG[39m [38;5;3m[InstanceLoader] [39m[32mSettingsModule dependencies initialized[39m[38;5;3m +0ms[39m
[32m[Nest] 7392  - [39m03/08/2026, 11:00:50 a. m. [32m    LOG[39m [38;5;3m[InstanceLoader] [39m[32mNotificationsModule dependencies initialized[39m[38;5;3m +1ms[39m
[32m[Nest] 7392  - [39m03/08/2026, 11:00:50 a. m. [32m    LOG[39m [38;5;3m[InstanceLoader] [39m[32mUsersModule dependencies initialized[39m[38;5;3m +0ms[39m
[32m[Nest] 7392  - [39m03/08/2026, 11:00:50 a. m. [32m    LOG[39m [38;5;3m[InstanceLoader] [39m[32mCustomersModule dependencies initialized[39m[38;5;3m +1ms[39m
[32m[Nest] 7392  - [39m03/08/2026, 11:00:50 a. m. [32m    LOG[39m [38;5;3m[InstanceLoader] [39m[32mSuppliersModule dependencies initialized[39m[38;5;3m +0ms[39m
[32m[Nest] 7392  - [39m03/08/2026, 11:00:50 a. m. [32m    LOG[39m [38;5;3m[InstanceLoader] [39m[32mCashRegisterModule dependencies initialized[39m[38;5;3m +0ms[39m
[32m[Nest] 7392  - [39m03/08/2026, 11:00:50 a. m. [32m    LOG[39m [38;5;3m[InstanceLoader] [39m[32mDocumentsModule dependencies initialized[39m[38;5;3m +0ms[39m
[32m[Nest] 7392  - [39m03/08/2026, 11:00:50 a. m. [32m    LOG[39m [38;5;3m[InstanceLoader] [39m[32mHrModule dependencies initialized[39m[38;5;3m +0ms[39m
[32m[Nest] 7392  - [39m03/08/2026, 11:00:50 a. m. [32m    LOG[39m [38;5;3m[InstanceLoader] [39m[32mBankingModule dependencies initialized[39m[38;5;3m +0ms[39m
[32m[Nest] 7392  - [39m03/08/2026, 11:00:50 a. m. [32m    LOG[39m [38;5;3m[InstanceLoader] [39m[32mAccountingModule dependencies initialized[39m[38;5;3m +0ms[39m
[32m[Nest] 7392  - [39m03/08/2026, 11:00:50 a. m. [32m    LOG[39m [38;5;3m[InstanceLoader] [39m[32mAuthModule dependencies initialized[39m[38;5;3m +0ms[39m
[32m[Nest] 7392  - [39m03/08/2026, 11:00:50 a. m. [32m    LOG[39m [38;5;3m[InstanceLoader] [39m[32mCatalogModule dependencies initialized[39m[38;5;3m +0ms[39m
[32m[Nest] 7392  - [39m03/08/2026, 11:00:50 a. m. [32m    LOG[39m [38;5;3m[InstanceLoader] [39m[32mInventoryModule dependencies initialized[39m[38;5;3m +0ms[39m
[32m[Nest] 7392  - [39m03/08/2026, 11:00:50 a. m. [32m    LOG[39m [38;5;3m[InstanceLoader] [39m[32mSalesModule dependencies initialized[39m[38;5;3m +0ms[39m
[32m[Nest] 7392  - [39m03/08/2026, 11:00:50 a. m. [32m    LOG[39m [38;5;3m[InstanceLoader] [39m[32mPurchasesModule dependencies initialized[39m[38;5;3m +0ms[39m
[32m[Nest] 7392  - [39m03/08/2026, 11:00:50 a. m. [32m    LOG[39m [38;5;3m[RoutesResolver] [39m[32mAuthController {/api/auth}:[39m[38;5;3m +40ms[39m
[32m[Nest] 7392  - [39m03/08/2026, 11:00:50 a. m. [32m    LOG[39m [38;5;3m[RouterExplorer] [39m[32mMapped {/api/auth/login, POST} route[39m[38;5;3m +2ms[39m
[32m[Nest] 7392  - [39m03/08/2026, 11:00:50 a. m. [32m    LOG[39m [38;5;3m[RouterExplorer] [39m[32mMapped {/api/auth/refresh, POST} route[39m[38;5;3m +0ms[39m
[32m[Nest] 7392  - [39m03/08/2026, 11:00:50 a. m. [32m    LOG[39m [38;5;3m[RouterExplorer] [39m[32mMapped {/api/auth/logout, POST} route[39m[38;5;3m +1ms[39m
[32m[Nest] 7392  - [39m03/08/2026, 11:00:50 a. m. [32m    LOG[39m [38;5;3m[RouterExplorer] [39m[32mMapped {/api/auth/change-password, POST} route[39m[38;5;3m +0ms[39m
[32m[Nest] 7392  - [39m03/08/2026, 11:00:50 a. m. [32m    LOG[39m [38;5;3m[RoutesResolver] [39m[32mUsersController {/api/users}:[39m[38;5;3m +0ms[39m
[32m[Nest] 7392  - [39m03/08/2026, 11:00:50 a. m. [32m    LOG[39m [38;5;3m[RouterExplorer] [39m[32mMapped {/api/users, GET} route[39m[38;5;3m +0ms[39m
[32m[Nest] 7392  - [39m03/08/2026, 11:00:50 a. m. [32m    LOG[39m [38;5;3m[RouterExplorer] [39m[32mMapped {/api/users/:id, GET} route[39m[38;5;3m +1ms[39m
[32m[Nest] 7392  - [39m03/08/2026, 11:00:50 a. m. [32m    LOG[39m [38;5;3m[RouterExplorer] [39m[32mMapped {/api/users, POST} route[39m[38;5;3m +0ms[39m
[32m[Nest] 7392  - [39m03/08/2026, 11:00:50 a. m. [32m    LOG[39m [38;5;3m[RouterExplorer] [39m[32mMapped {/api/users/:id, PATCH} route[39m[38;5;3m +0ms[39m
[32m[Nest] 7392  - [39m03/08/2026, 11:00:50 a. m. [32m    LOG[39m [38;5;3m[RoutesResolver] [39m[32mAuditController {/api/audit}:[39m[38;5;3m +0ms[39m
[32m[Nest] 7392  - [39m03/08/2026, 11:00:50 a. m. [32m    LOG[39m [38;5;3m[RouterExplorer] [39m[32mMapped {/api/audit, GET} route[39m[38;5;3m +0ms[39m
[32m[Nest] 7392  - [39m03/08/2026, 11:00:50 a. m. [32m    LOG[39m [38;5;3m[RoutesResolver] [39m[32mSettingsController {/api/settings}:[39m[38;5;3m +1ms[39m
[32m[Nest] 7392  - [39m03/08/2026, 11:00:50 a. m. [32m    LOG[39m [38;5;3m[RouterExplorer] [39m[32mMapped {/api/settings, GET} route[39m[38;5;3m +0ms[39m
[32m[Nest] 7392  - [39m03/08/2026, 11:00:50 a. m. [32m    LOG[39m [38;5;3m[RouterExplorer] [39m[32mMapped {/api/settings/:key, PATCH} route[39m[38;5;3m +0ms[39m
[32m[Nest] 7392  - [39m03/08/2026, 11:00:50 a. m. [32m    LOG[39m [38;5;3m[RouterExplorer] [39m[32mMapped {/api/settings/public/:key, GET} route[39m[38;5;3m +0ms[39m
[32m[Nest] 7392  - [39m03/08/2026, 11:00:50 a. m. [32m    LOG[39m [38;5;3m[RouterExplorer] [39m[32mMapped {/api/settings/history/:key, GET} route[39m[38;5;3m +0ms[39m
[32m[Nest] 7392  - [39m03/08/2026, 11:00:50 a. m. [32m    LOG[39m [38;5;3m[RoutesResolver] [39m[32mCatalogController {/api/products}:[39m[38;5;3m +0ms[39m
[32m[Nest] 7392  - [39m03/08/2026, 11:00:50 a. m. [32m    LOG[39m [38;5;3m[RouterExplorer] [39m[32mMapped {/api/products/by-code/:code, GET} route[39m[38;5;3m +1ms[39m
[32m[Nest] 7392  - [39m03/08/2026, 11:00:50 a. m. [32m    LOG[39m [38;5;3m[RouterExplorer] [39m[32mMapped {/api/products, GET} route[39m[38;5;3m +0ms[39m
[32m[Nest] 7392  - [39m03/08/2026, 11:00:50 a. m. [32m    LOG[39m [38;5;3m[RouterExplorer] [39m[32mMapped {/api/products/:id, GET} route[39m[38;5;3m +0ms[39m
[32m[Nest] 7392  - [39m03/08/2026, 11:00:50 a. m. [32m    LOG[39m [38;5;3m[RouterExplorer] [39m[32mMapped {/api/products, POST} route[39m[38;5;3m +0ms[39m
[32m[Nest] 7392  - [39m03/08/2026, 11:00:50 a. m. [32m    LOG[39m [38;5;3m[RouterExplorer] [39m[32mMapped {/api/products/:id, PATCH} route[39m[38;5;3m +0ms[39m
[32m[Nest] 7392  - [39m03/08/2026, 11:00:50 a. m. [32m    LOG[39m [38;5;3m[RouterExplorer] [39m[32mMapped {/api/products/:id, DELETE} route[39m[38;5;3m +1ms[39m
[32m[Nest] 7392  - [39m03/08/2026, 11:00:50 a. m. [32m    LOG[39m [38;5;3m[RoutesResolver] [39m[32mInventoryController {/api/inventory}:[39m[38;5;3m +0ms[39m
[32m[Nest] 7392  - [39m03/08/2026, 11:00:50 a. m. [32m    LOG[39m [38;5;3m[RouterExplorer] [39m[32mMapped {/api/inventory/purchases, POST} route[39m[38;5;3m +0ms[39m
[32m[Nest] 7392  - [39m03/08/2026, 11:00:50 a. m. [32m    LOG[39m [38;5;3m[RouterExplorer] [39m[32mMapped {/api/inventory/adjustments, POST} route[39m[38;5;3m +0ms[39m
[32m[Nest] 7392  - [39m03/08/2026, 11:00:50 a. m. [32m    LOG[39m [38;5;3m[RouterExplorer] [39m[32mMapped {/api/inventory/kardex/:productId, GET} route[39m[38;5;3m +0ms[39m
[32m[Nest] 7392  - [39m03/08/2026, 11:00:50 a. m. [32m    LOG[39m [38;5;3m[RoutesResolver] [39m[32mNotificationsController {/api/notifications}:[39m[38;5;3m +0ms[39m
[32m[Nest] 7392  - [39m03/08/2026, 11:00:50 a. m. [32m    LOG[39m [38;5;3m[RouterExplorer] [39m[32mMapped {/api/notifications, GET} route[39m[38;5;3m +0ms[39m
[32m[Nest] 7392  - [39m03/08/2026, 11:00:50 a. m. [32m    LOG[39m [38;5;3m[RouterExplorer] [39m[32mMapped {/api/notifications/unread-count, GET} route[39m[38;5;3m +0ms[39m
[32m[Nest] 7392  - [39m03/08/2026, 11:00:50 a. m. [32m    LOG[39m [38;5;3m[RouterExplorer] [39m[32mMapped {/api/notifications/stream, GET} route[39m[38;5;3m +1ms[39m
[32m[Nest] 7392  - [39m03/08/2026, 11:00:50 a. m. [32m    LOG[39m [38;5;3m[RouterExplorer] [39m[32mMapped {/api/notifications/read/:id, PATCH} route[39m[38;5;3m +0ms[39m
[32m[Nest] 7392  - [39m03/08/2026, 11:00:50 a. m. [32m    LOG[39m [38;5;3m[RouterExplorer] [39m[32mMapped {/api/notifications/read-all, POST} route[39m[38;5;3m +0ms[39m
[32m[Nest] 7392  - [39m03/08/2026, 11:00:50 a. m. [32m    LOG[39m [38;5;3m[RouterExplorer] [39m[32mMapped {/api/notifications/test, POST} route[39m[38;5;3m +0ms[39m
[32m[Nest] 7392  - [39m03/08/2026, 11:00:50 a. m. [32m    LOG[39m [38;5;3m[RoutesResolver] [39m[32mSalesController {/api/sales}:[39m[38;5;3m +0ms[39m
[32m[Nest] 7392  - [39m03/08/2026, 11:00:50 a. m. [32m    LOG[39m [38;5;3m[RouterExplorer] [39m[32mMapped {/api/sales, POST} route[39m[38;5;3m +0ms[39m
[32m[Nest] 7392  - [39m03/08/2026, 11:00:50 a. m. [32m    LOG[39m [38;5;3m[RouterExplorer] [39m[32mMapped {/api/sales, GET} route[39m[38;5;3m +0ms[39m
[32m[Nest] 7392  - [39m03/08/2026, 11:00:50 a. m. [32m    LOG[39m [38;5;3m[RouterExplorer] [39m[32mMapped {/api/sales/:id, GET} route[39m[38;5;3m +1ms[39m
[32m[Nest] 7392  - [39m03/08/2026, 11:00:50 a. m. [32m    LOG[39m [38;5;3m[RouterExplorer] [39m[32mMapped {/api/sales/:id/void, POST} route[39m[38;5;3m +0ms[39m
[32m[Nest] 7392  - [39m03/08/2026, 11:00:50 a. m. [32m    LOG[39m [38;5;3m[RoutesResolver] [39m[32mReportsController {/api/reports}:[39m[38;5;3m +0ms[39m
[32m[Nest] 7392  - [39m03/08/2026, 11:00:50 a. m. [32m    LOG[39m [38;5;3m[RouterExplorer] [39m[32mMapped {/api/reports/dashboard, GET} route[39m[38;5;3m +0ms[39m
[32m[Nest] 7392  - [39m03/08/2026, 11:00:50 a. m. [32m    LOG[39m [38;5;3m[RouterExplorer] [39m[32mMapped {/api/reports/low-stock, GET} route[39m[38;5;3m +0ms[39m
[32m[Nest] 7392  - [39m03/08/2026, 11:00:50 a. m. [32m    LOG[39m [38;5;3m[RouterExplorer] [39m[32mMapped {/api/reports/sales-by-day, GET} route[39m[38;5;3m +0ms[39m
[32m[Nest] 7392  - [39m03/08/2026, 11:00:50 a. m. [32m    LOG[39m [38;5;3m[RoutesResolver] [39m[32mHealthController {/api/health}:[39m[38;5;3m +0ms[39m
[32m[Nest] 7392  - [39m03/08/2026, 11:00:50 a. m. [32m    LOG[39m [38;5;3m[RouterExplorer] [39m[32mMapped {/api/health, GET} route[39m[38;5;3m +0ms[39m
[32m[Nest] 7392  - [39m03/08/2026, 11:00:50 a. m. [32m    LOG[39m [38;5;3m[RouterExplorer] [39m[32mMapped {/api/health/db, GET} route[39m[38;5;3m +1ms[39m
[32m[Nest] 7392  - [39m03/08/2026, 11:00:50 a. m. [32m    LOG[39m [38;5;3m[RoutesResolver] [39m[32mCustomersController {/api/customers}:[39m[38;5;3m +0ms[39m
[32m[Nest] 7392  - [39m03/08/2026, 11:00:50 a. m. [32m    LOG[39m [38;5;3m[RouterExplorer] [39m[32mMapped {/api/customers, GET} route[39m[38;5;3m +0ms[39m
[32m[Nest] 7392  - [39m03/08/2026, 11:00:50 a. m. [32m    LOG[39m [38;5;3m[RouterExplorer] [39m[32mMapped {/api/customers/:id, GET} route[39m[38;5;3m +0ms[39m
[32m[Nest] 7392  - [39m03/08/2026, 11:00:50 a. m. [32m    LOG[39m [38;5;3m[RouterExplorer] [39m[32mMapped {/api/customers, POST} route[39m[38;5;3m +0ms[39m
[32m[Nest] 7392  - [39m03/08/2026, 11:00:50 a. m. [32m    LOG[39m [38;5;3m[RouterExplorer] [39m[32mMapped {/api/customers/:id, PATCH} route[39m[38;5;3m +0ms[39m
[32m[Nest] 7392  - [39m03/08/2026, 11:00:50 a. m. [32m    LOG[39m [38;5;3m[RoutesResolver] [39m[32mSuppliersController {/api/suppliers}:[39m[38;5;3m +0ms[39m
[32m[Nest] 7392  - [39m03/08/2026, 11:00:50 a. m. [32m    LOG[39m [38;5;3m[RouterExplorer] [39m[32mMapped {/api/suppliers, GET} route[39m[38;5;3m +0ms[39m
[32m[Nest] 7392  - [39m03/08/2026, 11:00:50 a. m. [32m    LOG[39m [38;5;3m[RouterExplorer] [39m[32mMapped {/api/suppliers/:id, GET} route[39m[38;5;3m +1ms[39m
[32m[Nest] 7392  - [39m03/08/2026, 11:00:50 a. m. [32m    LOG[39m [38;5;3m[RouterExplorer] [39m[32mMapped {/api/suppliers, POST} route[39m[38;5;3m +0ms[39m
[32m[Nest] 7392  - [39m03/08/2026, 11:00:50 a. m. [32m    LOG[39m [38;5;3m[RouterExplorer] [39m[32mMapped {/api/suppliers/:id, PATCH} route[39m[38;5;3m +0ms[39m
[32m[Nest] 7392  - [39m03/08/2026, 11:00:50 a. m. [32m    LOG[39m [38;5;3m[RoutesResolver] [39m[32mPurchasesController {/api/purchases}:[39m[38;5;3m +0ms[39m
[32m[Nest] 7392  - [39m03/08/2026, 11:00:50 a. m. [32m    LOG[39m [38;5;3m[RouterExplorer] [39m[32mMapped {/api/purchases, POST} route[39m[38;5;3m +0ms[39m
[32m[Nest] 7392  - [39m03/08/2026, 11:00:50 a. m. [32m    LOG[39m [38;5;3m[RouterExplorer] [39m[32mMapped {/api/purchases, GET} route[39m[38;5;3m +0ms[39m
[32m[Nest] 7392  - [39m03/08/2026, 11:00:50 a. m. [32m    LOG[39m [38;5;3m[RouterExplorer] [39m[32mMapped {/api/purchases/:id, GET} route[39m[38;5;3m +0ms[39m
[32m[Nest] 7392  - [39m03/08/2026, 11:00:50 a. m. [32m    LOG[39m [38;5;3m[RoutesResolver] [39m[32mCashRegisterController {/api/cash-registers}:[39m[38;5;3m +1ms[39m
[32m[Nest] 7392  - [39m03/08/2026, 11:00:50 a. m. [32m    LOG[39m [38;5;3m[RouterExplorer] [39m[32mMapped {/api/cash-registers, POST} route[39m[38;5;3m +0ms[39m
[32m[Nest] 7392  - [39m03/08/2026, 11:00:50 a. m. [32m    LOG[39m [38;5;3m[RouterExplorer] [39m[32mMapped {/api/cash-registers/mine, GET} route[39m[38;5;3m +0ms[39m
[32m[Nest] 7392  - [39m03/08/2026, 11:00:50 a. m. [32m    LOG[39m [38;5;3m[RouterExplorer] [39m[32mMapped {/api/cash-registers/:id/movements, POST} route[39m[38;5;3m +0ms[39m
[32m[Nest] 7392  - [39m03/08/2026, 11:00:50 a. m. [32m    LOG[39m [38;5;3m[RouterExplorer] [39m[32mMapped {/api/cash-registers/:id/movements, GET} route[39m[38;5;3m +0ms[39m
[32m[Nest] 7392  - [39m03/08/2026, 11:00:50 a. m. [32m    LOG[39m [38;5;3m[RouterExplorer] [39m[32mMapped {/api/cash-registers/:id/close, POST} route[39m[38;5;3m +0ms[39m
[32m[Nest] 7392  - [39m03/08/2026, 11:00:50 a. m. [32m    LOG[39m [38;5;3m[RoutesResolver] [39m[32mAccountingController {/api/accounting}:[39m[38;5;3m +0ms[39m
[32m[Nest] 7392  - [39m03/08/2026, 11:00:50 a. m. [32m    LOG[39m [38;5;3m[RouterExplorer] [39m[32mMapped {/api/accounting/accounts, GET} route[39m[38;5;3m +0ms[39m
[32m[Nest] 7392  - [39m03/08/2026, 11:00:50 a. m. [32m    LOG[39m [38;5;3m[RouterExplorer] [39m[32mMapped {/api/accounting/accounts, POST} route[39m[38;5;3m +1ms[39m
[32m[Nest] 7392  - [39m03/08/2026, 11:00:50 a. m. [32m    LOG[39m [38;5;3m[RouterExplorer] [39m[32mMapped {/api/accounting/entries, POST} route[39m[38;5;3m +0ms[39m
[32m[Nest] 7392  - [39m03/08/2026, 11:00:50 a. m. [32m    LOG[39m [38;5;3m[RouterExplorer] [39m[32mMapped {/api/accounting/entries, GET} route[39m[38;5;3m +0ms[39m
[32m[Nest] 7392  - [39m03/08/2026, 11:00:50 a. m. [32m    LOG[39m [38;5;3m[RouterExplorer] [39m[32mMapped {/api/accounting/entries/:id, GET} route[39m[38;5;3m +0ms[39m
[32m[Nest] 7392  - [39m03/08/2026, 11:00:50 a. m. [32m    LOG[39m [38;5;3m[RouterExplorer] [39m[32mMapped {/api/accounting/trial-balance, GET} route[39m[38;5;3m +0ms[39m
[32m[Nest] 7392  - [39m03/08/2026, 11:00:50 a. m. [32m    LOG[39m [38;5;3m[RoutesResolver] [39m[32mDocumentsController {/api/documents}:[39m[38;5;3m +0ms[39m
[32m[Nest] 7392  - [39m03/08/2026, 11:00:50 a. m. [32m    LOG[39m [38;5;3m[RouterExplorer] [39m[32mMapped {/api/documents, GET} route[39m[38;5;3m +0ms[39m
[32m[Nest] 7392  - [39m03/08/2026, 11:00:50 a. m. [32m    LOG[39m [38;5;3m[RouterExplorer] [39m[32mMapped {/api/documents/:id, GET} route[39m[38;5;3m +0ms[39m
[32m[Nest] 7392  - [39m03/08/2026, 11:00:50 a. m. [32m    LOG[39m [38;5;3m[RouterExplorer] [39m[32mMapped {/api/documents, POST} route[39m[38;5;3m +0ms[39m
[32m[Nest] 7392  - [39m03/08/2026, 11:00:50 a. m. [32m    LOG[39m [38;5;3m[RouterExplorer] [39m[32mMapped {/api/documents/:id, DELETE} route[39m[38;5;3m +0ms[39m
[32m[Nest] 7392  - [39m03/08/2026, 11:00:50 a. m. [32m    LOG[39m [38;5;3m[RoutesResolver] [39m[32mHrController {/api/employees}:[39m[38;5;3m +1ms[39m
[32m[Nest] 7392  - [39m03/08/2026, 11:00:50 a. m. [32m    LOG[39m [38;5;3m[RouterExplorer] [39m[32mMapped {/api/employees, GET} route[39m[38;5;3m +0ms[39m
[32m[Nest] 7392  - [39m03/08/2026, 11:00:50 a. m. [32m    LOG[39m [38;5;3m[RouterExplorer] [39m[32mMapped {/api/employees/:id, GET} route[39m[38;5;3m +0ms[39m
[32m[Nest] 7392  - [39m03/08/2026, 11:00:50 a. m. [32m    LOG[39m [38;5;3m[RouterExplorer] [39m[32mMapped {/api/employees, POST} route[39m[38;5;3m +0ms[39m
[32m[Nest] 7392  - [39m03/08/2026, 11:00:50 a. m. [32m    LOG[39m [38;5;3m[RouterExplorer] [39m[32mMapped {/api/employees/:id, PATCH} route[39m[38;5;3m +0ms[39m
[32m[Nest] 7392  - [39m03/08/2026, 11:00:50 a. m. [32m    LOG[39m [38;5;3m[RoutesResolver] [39m[32mBankingController {/api/banking}:[39m[38;5;3m +0ms[39m
[32m[Nest] 7392  - [39m03/08/2026, 11:00:50 a. m. [32m    LOG[39m [38;5;3m[RouterExplorer] [39m[32mMapped {/api/banking/accounts, GET} route[39m[38;5;3m +1ms[39m
[32m[Nest] 7392  - [39m03/08/2026, 11:00:50 a. m. [32m    LOG[39m [38;5;3m[RouterExplorer] [39m[32mMapped {/api/banking/accounts, POST} route[39m[38;5;3m +0ms[39m
[32m[Nest] 7392  - [39m03/08/2026, 11:00:50 a. m. [32m    LOG[39m [38;5;3m[RouterExplorer] [39m[32mMapped {/api/banking/accounts/:id/movements, POST} route[39m[38;5;3m +0ms[39m
[32m[Nest] 7392  - [39m03/08/2026, 11:00:50 a. m. [32m    LOG[39m [38;5;3m[RouterExplorer] [39m[32mMapped {/api/banking/accounts/:id/transfer, POST} route[39m[38;5;3m +0ms[39m
[32m[Nest] 7392  - [39m03/08/2026, 11:00:50 a. m. [32m    LOG[39m [38;5;3m[RouterExplorer] [39m[32mMapped {/api/banking/accounts/:id/movements, GET} route[39m[38;5;3m +0ms[39m
[32m[Nest] 7392  - [39m03/08/2026, 11:00:50 a. m. [32m    LOG[39m [38;5;3m[RoutesResolver] [39m[32mPublicApiController {/api/public}:[39m[38;5;3m +0ms[39m
[32m[Nest] 7392  - [39m03/08/2026, 11:00:50 a. m. [32m    LOG[39m [38;5;3m[RouterExplorer] [39m[32mMapped {/api/public/products, GET} route[39m[38;5;3m +0ms[39m
[32m[Nest] 7392  - [39m03/08/2026, 11:00:50 a. m. [32m    LOG[39m [38;5;3m[RouterExplorer] [39m[32mMapped {/api/public/status, GET} route[39m[38;5;3m +0ms[39m
[32m[Nest] 7392  - [39m03/08/2026, 11:00:50 a. m. [32m    LOG[39m [38;5;3m[RoutesResolver] [39m[32mSearchController {/api/search}:[39m[38;5;3m +0ms[39m
[32m[Nest] 7392  - [39m03/08/2026, 11:00:50 a. m. [32m    LOG[39m [38;5;3m[RouterExplorer] [39m[32mMapped {/api/search, GET} route[39m[38;5;3m +0ms[39m
[32m[Nest] 7392  - [39m03/08/2026, 11:00:50 a. m. [32m    LOG[39m [38;5;3m[RoutesResolver] [39m[32mExportController {/api/export}:[39m[38;5;3m +0ms[39m
[32m[Nest] 7392  - [39m03/08/2026, 11:00:50 a. m. [32m    LOG[39m [38;5;3m[RouterExplorer] [39m[32mMapped {/api/export/formats, GET} route[39m[38;5;3m +0ms[39m
[32m[Nest] 7392  - [39m03/08/2026, 11:00:50 a. m. [32m    LOG[39m [38;5;3m[RouterExplorer] [39m[32mMapped {/api/export/:resource, GET} route[39m[38;5;3m +1ms[39m
[32m[Nest] 7392  - [39m03/08/2026, 11:00:50 a. m. [32m    LOG[39m [38;5;3m[JobsService] [39m[32mBullMQ deshabilitado (REDIS_URL no definida)[39m
[32m[Nest] 7392  - [39m03/08/2026, 11:00:50 a. m. [32m    LOG[39m [38;5;3m[ReportsProcessor] [39m[32mReportsProcessor deshabilitado (sin Redis)[39m
[32m[Nest] 7392  - [39m03/08/2026, 11:00:50 a. m. [32m    LOG[39m [38;5;3m[NotificationsProcessor] [39m[32mNotificationsProcessor deshabilitado (sin Redis)[39m
query: SELECT "Setting"."key" AS "Setting_key", "Setting"."value" AS "Setting_value", "Setting"."updated_by" AS "Setting_updated_by", "Setting"."updated_at" AS "Setting_updated_at" FROM "settings" "Setting"
[32m[Nest] 7392  - [39m03/08/2026, 11:00:50 a. m. [32m    LOG[39m [38;5;3m[NestApplication] [39m[32mNest application successfully started[39m[38;5;3m +18ms[39m
[32m[Nest] 7392  - [39m03/08/2026, 11:00:50 a. m. [32m    LOG[39m [38;5;3m[Bootstrap] [39m[32mAPI corriendo en http://localhost:3000/api[39m
[32m[Nest] 7392  - [39m03/08/2026, 11:00:50 a. m. [32m    LOG[39m [38;5;3m[Bootstrap] [39m[32mSwagger en http://localhost:3000/api/docs[39m
query: SELECT "u"."id" AS "u_id", "u"."email" AS "u_email", "u"."full_name" AS "u_full_name", "u"."role" AS "u_role", "u"."is_active" AS "u_is_active", "u"."created_at" AS "u_created_at", "u"."updated_at" AS "u_updated_at", "u"."password_hash" AS "u_password_hash" FROM "users" "u" WHERE "u"."email" = $1 -- PARAMETERS: ["admin@sistema.com"]
query: SELECT "User"."id" AS "User_id", "User"."email" AS "User_email", "User"."full_name" AS "User_full_name", "User"."role" AS "User_role", "User"."is_active" AS "User_is_active", "User"."created_at" AS "User_created_at", "User"."updated_at" AS "User_updated_at" FROM "users" "User" WHERE (("User"."id" = $1)) LIMIT 1 -- PARAMETERS: [1]
query: START TRANSACTION
query: INSERT INTO "refresh_tokens"("jti", "user_id", "token_hash", "expires_at", "revoked_at", "replaced_by_jti", "ip", "user_agent", "created_at") VALUES ($1, $2, $3, $4, DEFAULT, DEFAULT, $5, $6, DEFAULT) RETURNING "id", "created_at" -- PARAMETERS: ["d0d6fe48-ee69-4b84-a86f-80328fe12a07",1,"$argon2id$v=19$m=65536,p=4,t=3$AUcmzyNEgg9cdagyUMwRRQ$+0WqVaCbymwe+lDD/G/wnkPK4HGQN718tMKmJfDoQu4","2026-08-10T15:00:51.529Z","127.0.0.1","curl/8.21.0"]
query: COMMIT
query: START TRANSACTION
query: INSERT INTO "audit_logs"("user_id", "action", "resource_type", "resource_id", "metadata", "ip", "user_agent", "created_at") VALUES ($1, $2, $3, $4, $5, $6, $7, DEFAULT) RETURNING "id", "created_at" -- PARAMETERS: [1,"AUTH:LOGIN","auth",null,null,"127.0.0.1","curl/8.21.0"]
query: COMMIT
[32m[Nest] 7392  - [39m03/08/2026, 11:00:51 a. m. [32m    LOG[39m [38;5;3m[HTTP] [39m[32m[-] POST /api/auth/login 200 226ms[39m
query: START TRANSACTION
query: INSERT INTO "notifications"("user_id", "type", "title", "message", "data", "is_read", "created_at") VALUES ($1, $2, $3, $4, $5, DEFAULT, DEFAULT) RETURNING "id", "is_read", "created_at" -- PARAMETERS: [1,"TEST","Notificación de prueba","hola desde API","{\"demo\":true}"]
query: COMMIT
[32m[Nest] 7392  - [39m03/08/2026, 11:00:51 a. m. [32m    LOG[39m [38;5;3m[HTTP] [39m[32m[-] POST /api/notifications/test 201 7ms[39m
query: SELECT "Notification"."id" AS "Notification_id", "Notification"."user_id" AS "Notification_user_id", "Notification"."type" AS "Notification_type", "Notification"."title" AS "Notification_title", "Notification"."message" AS "Notification_message", "Notification"."data" AS "Notification_data", "Notification"."is_read" AS "Notification_is_read", "Notification"."created_at" AS "Notification_created_at" FROM "notifications" "Notification" WHERE (("Notification"."user_id" = $1)) ORDER BY "Notification"."created_at" DESC LIMIT 20 OFFSET 0 -- PARAMETERS: [1]
query: SELECT COUNT(1) AS "cnt" FROM "notifications" "Notification" WHERE (("Notification"."user_id" = $1) AND ("Notification"."is_read" = $2)) -- PARAMETERS: [1,false]
[32m[Nest] 7392  - [39m03/08/2026, 11:00:52 a. m. [32m    LOG[39m [38;5;3m[HTTP] [39m[32m[-] GET /api/notifications 200 8ms[39m
query: SELECT COUNT(1) AS "cnt" FROM "notifications" "Notification" WHERE (("Notification"."user_id" = $1) AND ("Notification"."is_read" = $2)) -- PARAMETERS: [1,false]
[32m[Nest] 7392  - [39m03/08/2026, 11:00:52 a. m. [32m    LOG[39m [38;5;3m[HTTP] [39m[32m[-] GET /api/notifications/unread-count 200 1ms[39m
query: SELECT "u"."id" AS "u_id", "u"."email" AS "u_email", "u"."full_name" AS "u_full_name", "u"."role" AS "u_role", "u"."is_active" AS "u_is_active", "u"."created_at" AS "u_created_at", "u"."updated_at" AS "u_updated_at", "u"."password_hash" AS "u_password_hash" FROM "users" "u" WHERE "u"."email" = $1 -- PARAMETERS: ["admin@sistema.com"]
query: SELECT "User"."id" AS "User_id", "User"."email" AS "User_email", "User"."full_name" AS "User_full_name", "User"."role" AS "User_role", "User"."is_active" AS "User_is_active", "User"."created_at" AS "User_created_at", "User"."updated_at" AS "User_updated_at" FROM "users" "User" WHERE (("User"."id" = $1)) LIMIT 1 -- PARAMETERS: [1]
query: START TRANSACTION
query: INSERT INTO "refresh_tokens"("jti", "user_id", "token_hash", "expires_at", "revoked_at", "replaced_by_jti", "ip", "user_agent", "created_at") VALUES ($1, $2, $3, $4, DEFAULT, DEFAULT, $5, $6, DEFAULT) RETURNING "id", "created_at" -- PARAMETERS: ["4eaf5cfb-e54f-4069-9dee-02f8fa97f818",1,"$argon2id$v=19$m=65536,p=4,t=3$EhZhUfNPgX7jaSLxnvB/8Q$C+GcPqX+mYDOs/d2rZ4jb3oyLYkm/aDZO/fsYlGwcCw","2026-08-10T15:01:00.616Z","127.0.0.1","curl/8.21.0"]
query: COMMIT
query: START TRANSACTION
query: INSERT INTO "audit_logs"("user_id", "action", "resource_type", "resource_id", "metadata", "ip", "user_agent", "created_at") VALUES ($1, $2, $3, $4, $5, $6, $7, DEFAULT) RETURNING "id", "created_at" -- PARAMETERS: [1,"AUTH:LOGIN","auth",null,null,"127.0.0.1","curl/8.21.0"]
query: COMMIT
[32m[Nest] 7392  - [39m03/08/2026, 11:01:00 a. m. [32m    LOG[39m [38;5;3m[HTTP] [39m[32m[-] POST /api/auth/login 200 159ms[39m
query: UPDATE "notifications" SET "is_read" = $1 WHERE ("user_id" = $2 AND "id" = $3) -- PARAMETERS: [1,1,1]
[32m[Nest] 7392  - [39m03/08/2026, 11:01:00 a. m. [32m    LOG[39m [38;5;3m[HTTP] [39m[32m[-] PATCH /api/notifications/read/1 200 5ms[39m
query: SELECT COUNT(1) AS "cnt" FROM "notifications" "Notification" WHERE (("Notification"."user_id" = $1) AND ("Notification"."is_read" = $2)) -- PARAMETERS: [1,false]
[32m[Nest] 7392  - [39m03/08/2026, 11:01:01 a. m. [32m    LOG[39m [38;5;3m[HTTP] [39m[32m[-] GET /api/notifications/unread-count 200 2ms[39m
query: SELECT "Setting"."key" AS "Setting_key", "Setting"."value" AS "Setting_value", "Setting"."updated_by" AS "Setting_updated_by", "Setting"."updated_at" AS "Setting_updated_at" FROM "settings" "Setting" WHERE (("Setting"."key" = $1)) LIMIT 1 -- PARAMETERS: ["doc_sequence"]
query: START TRANSACTION
query: INSERT INTO "settings_history"("key", "value", "changed_by", "changed_at") VALUES ($1, $2, $3, DEFAULT) RETURNING "id", "changed_at" -- PARAMETERS: ["doc_sequence","{\"value\":{\"nota\":6,\"factura\":3,\"journal\":4,\"purchase\":4}}",1]
query: COMMIT
query: SELECT "Setting"."key" AS "Setting_key", "Setting"."value" AS "Setting_value", "Setting"."updated_by" AS "Setting_updated_by", "Setting"."updated_at" AS "Setting_updated_at" FROM "settings" "Setting" WHERE "Setting"."key" IN ($1) -- PARAMETERS: ["doc_sequence"]
query: START TRANSACTION
query: UPDATE "settings" SET "value" = $1, "updated_by" = $2, "updated_at" = CURRENT_TIMESTAMP WHERE "key" IN ($3) RETURNING "updated_at" -- PARAMETERS: ["{\"value\":{\"nota\":7,\"factura\":3,\"journal\":4,\"purchase\":4}}",1,"doc_sequence"]
query: COMMIT
query: SELECT "Setting"."key" AS "Setting_key", "Setting"."value" AS "Setting_value", "Setting"."updated_by" AS "Setting_updated_by", "Setting"."updated_at" AS "Setting_updated_at" FROM "settings" "Setting" WHERE (("Setting"."key" = $1)) LIMIT 1 -- PARAMETERS: ["doc_sequence"]
query: START TRANSACTION
query: SELECT "p"."id" AS "p_id", "p"."sku" AS "p_sku", "p"."oem_code" AS "p_oem_code", "p"."barcode" AS "p_barcode", "p"."name" AS "p_name", "p"."category" AS "p_category", "p"."brand" AS "p_brand", "p"."unit" AS "p_unit", "p"."stock" AS "p_stock", "p"."min_stock" AS "p_min_stock", "p"."cost_price" AS "p_cost_price", "p"."base_price" AS "p_base_price", "p"."sale_price" AS "p_sale_price", "p"."warehouse_aisle" AS "p_warehouse_aisle", "p"."warehouse_shelf" AS "p_warehouse_shelf", "p"."warehouse_level" AS "p_warehouse_level", "p"."warehouse_bin" AS "p_warehouse_bin", "p"."image_url" AS "p_image_url", "p"."is_active" AS "p_is_active", "p"."created_at" AS "p_created_at", "p"."updated_at" AS "p_updated_at" FROM "products" "p" WHERE "p"."id" IN ($1) FOR UPDATE -- PARAMETERS: [1]
query: SELECT "Product"."id" AS "Product_id", "Product"."sku" AS "Product_sku", "Product"."oem_code" AS "Product_oem_code", "Product"."barcode" AS "Product_barcode", "Product"."name" AS "Product_name", "Product"."category" AS "Product_category", "Product"."brand" AS "Product_brand", "Product"."unit" AS "Product_unit", "Product"."stock" AS "Product_stock", "Product"."min_stock" AS "Product_min_stock", "Product"."cost_price" AS "Product_cost_price", "Product"."base_price" AS "Product_base_price", "Product"."sale_price" AS "Product_sale_price", "Product"."warehouse_aisle" AS "Product_warehouse_aisle", "Product"."warehouse_shelf" AS "Product_warehouse_shelf", "Product"."warehouse_level" AS "Product_warehouse_level", "Product"."warehouse_bin" AS "Product_warehouse_bin", "Product"."image_url" AS "Product_image_url", "Product"."is_active" AS "Product_is_active", "Product"."created_at" AS "Product_created_at", "Product"."updated_at" AS "Product_updated_at" FROM "products" "Product" WHERE "Product"."id" IN ($1) -- PARAMETERS: [1]
query: UPDATE "products" SET "stock" = $1, "updated_at" = CURRENT_TIMESTAMP WHERE "id" IN ($2) RETURNING "updated_at" -- PARAMETERS: [47,1]
query: INSERT INTO "sale_documents"("doc_type", "doc_number", "customer_name", "customer_doc", "subtotal", "tax_rate", "tax_amount", "total", "status", "void_reason", "user_id", "created_at") VALUES ($1, $2, $3, $4, $5, $6, $7, $8, $9, DEFAULT, $10, DEFAULT) RETURNING "id", "status", "created_at" -- PARAMETERS: ["NOTA","NOT-00006","Cliente Test Notif",null,"14.25","16.00","2.28","16.53","COMPLETED",1]
query: INSERT INTO "sale_items"("sale_id", "product_id", "product_sku", "product_name", "quantity", "unit_cost", "unit_base", "unit_sale", "tax_rate", "tax_amount", "line_total") VALUES ($1, $2, $3, $4, $5, $6, $7, $8, $9, $10, $11) RETURNING "id" -- PARAMETERS: ["4",1,"FA-001","Filtro de Aceite PH-6607",1,"9.50","14.25","16.53","16.00","2.28","16.53"]
query: INSERT INTO "stock_movements"("product_id", "movement_type", "quantity", "unit_cost", "unit_base", "unit_sale", "concept", "reference_type", "reference_id", "user_id", "created_at") VALUES ($1, $2, $3, $4, $5, $6, $7, $8, $9, $10, DEFAULT) RETURNING "id", "created_at" -- PARAMETERS: [1,"SALE",-1,"9.50","14.25","16.53","NOTA NOT-00006","SALE","4",1]
query: START TRANSACTION
query: INSERT INTO "audit_logs"("user_id", "action", "resource_type", "resource_id", "metadata", "ip", "user_agent", "created_at") VALUES ($1, $2, $3, $4, $5, $6, $7, DEFAULT) RETURNING "id", "created_at" -- PARAMETERS: [1,"SALE:CREATE","sale_documents","4","{\"docNumber\":\"NOT-00006\",\"docType\":\"NOTA\",\"total\":16.53,\"items\":1}","127.0.0.1","curl/8.21.0"]
query: COMMIT
query: COMMIT
query: SELECT id FROM users WHERE is_active = TRUE AND role = ANY($1) -- PARAMETERS: [["ADMIN","MANAGER"]]
query: START TRANSACTION
query: INSERT INTO "notifications"("user_id", "type", "title", "message", "data", "is_read", "created_at") VALUES ($1, $2, $3, $4, $5, DEFAULT, DEFAULT) RETURNING "id", "is_read", "created_at" -- PARAMETERS: ["1","SALE","Nueva venta NOT-00006","Venta NOTA NOT-00006 por $16.53 — 1 línea(s)","{\"docNumber\":\"NOT-00006\",\"total\":\"16.53\",\"docType\":\"NOTA\",\"userId\":1}"]
query: COMMIT
[32m[Nest] 7392  - [39m03/08/2026, 11:01:04 a. m. [32m    LOG[39m [38;5;3m[HTTP] [39m[32m[-] POST /api/sales 201 112ms[39m
query: SELECT "Notification"."id" AS "Notification_id", "Notification"."user_id" AS "Notification_user_id", "Notification"."type" AS "Notification_type", "Notification"."title" AS "Notification_title", "Notification"."message" AS "Notification_message", "Notification"."data" AS "Notification_data", "Notification"."is_read" AS "Notification_is_read", "Notification"."created_at" AS "Notification_created_at" FROM "notifications" "Notification" WHERE (("Notification"."user_id" = $1)) ORDER BY "Notification"."created_at" DESC LIMIT 20 OFFSET 0 -- PARAMETERS: [1]
query: SELECT COUNT(1) AS "cnt" FROM "notifications" "Notification" WHERE (("Notification"."user_id" = $1) AND ("Notification"."is_read" = $2)) -- PARAMETERS: [1,false]
[32m[Nest] 7392  - [39m03/08/2026, 11:01:04 a. m. [32m    LOG[39m [38;5;3m[HTTP] [39m[32m[-] GET /api/notifications 200 3ms[39m
query: SELECT "u"."id" AS "u_id", "u"."email" AS "u_email", "u"."full_name" AS "u_full_name", "u"."role" AS "u_role", "u"."is_active" AS "u_is_active", "u"."created_at" AS "u_created_at", "u"."updated_at" AS "u_updated_at", "u"."password_hash" AS "u_password_hash" FROM "users" "u" WHERE "u"."email" = $1 -- PARAMETERS: ["admin@sistema.com"]
query: SELECT "User"."id" AS "User_id", "User"."email" AS "User_email", "User"."full_name" AS "User_full_name", "User"."role" AS "User_role", "User"."is_active" AS "User_is_active", "User"."created_at" AS "User_created_at", "User"."updated_at" AS "User_updated_at" FROM "users" "User" WHERE (("User"."id" = $1)) LIMIT 1 -- PARAMETERS: [1]
query: START TRANSACTION
query: INSERT INTO "refresh_tokens"("jti", "user_id", "token_hash", "expires_at", "revoked_at", "replaced_by_jti", "ip", "user_agent", "created_at") VALUES ($1, $2, $3, $4, DEFAULT, DEFAULT, $5, $6, DEFAULT) RETURNING "id", "created_at" -- PARAMETERS: ["de8a6889-6904-40db-9ed0-08bb6fa122d6",1,"$argon2id$v=19$m=65536,p=4,t=3$nuPQ3hutdyavmLyls5LSPA$He7uySgl5YSI4AiMcsYp3c+R8nkuPyWCXj3MsWEDvT0","2026-08-10T15:01:12.769Z","127.0.0.1","curl/8.21.0"]
query: COMMIT
query: START TRANSACTION
query: INSERT INTO "audit_logs"("user_id", "action", "resource_type", "resource_id", "metadata", "ip", "user_agent", "created_at") VALUES ($1, $2, $3, $4, $5, $6, $7, DEFAULT) RETURNING "id", "created_at" -- PARAMETERS: [1,"AUTH:LOGIN","auth",null,null,"127.0.0.1","curl/8.21.0"]
query: COMMIT
[32m[Nest] 7392  - [39m03/08/2026, 11:01:12 a. m. [32m    LOG[39m [38;5;3m[HTTP] [39m[32m[-] POST /api/auth/login 200 179ms[39m
query: START TRANSACTION
query: INSERT INTO "notifications"("user_id", "type", "title", "message", "data", "is_read", "created_at") VALUES ($1, $2, $3, $4, $5, DEFAULT, DEFAULT) RETURNING "id", "is_read", "created_at" -- PARAMETERS: [1,"TEST","Notificación de prueba","push en vivo","{\"demo\":true}"]
query: COMMIT
[32m[Nest] 7392  - [39m03/08/2026, 11:01:15 a. m. [32m    LOG[39m [38;5;3m[HTTP] [39m[32m[-] GET /api/notifications/stream 200 2040ms[39m
[32m[Nest] 7392  - [39m03/08/2026, 11:01:15 a. m. [32m    LOG[39m [38;5;3m[HTTP] [39m[32m[-] POST /api/notifications/test 201 3ms[39m
[33m[Nest] 7392  - [39m03/08/2026, 12:30:48 p. m. [33m   WARN[39m [38;5;3m[AllExceptionsFilter] [39m[33m[undefined] GET /api -> 404 (Cannot GET /api)[39m
[33m[Nest] 7392  - [39m03/08/2026, 12:30:49 p. m. [33m   WARN[39m [38;5;3m[AllExceptionsFilter] [39m[33m[undefined] GET /favicon.ico -> 404 (Cannot GET /favicon.ico)[39m
query: SELECT "u"."id" AS "u_id", "u"."email" AS "u_email", "u"."full_name" AS "u_full_name", "u"."role" AS "u_role", "u"."is_active" AS "u_is_active", "u"."created_at" AS "u_created_at", "u"."updated_at" AS "u_updated_at", "u"."password_hash" AS "u_password_hash" FROM "users" "u" WHERE "u"."email" = $1 -- PARAMETERS: ["admin@sistema.com"]
query: SELECT "User"."id" AS "User_id", "User"."email" AS "User_email", "User"."full_name" AS "User_full_name", "User"."role" AS "User_role", "User"."is_active" AS "User_is_active", "User"."created_at" AS "User_created_at", "User"."updated_at" AS "User_updated_at" FROM "users" "User" WHERE (("User"."id" = $1)) LIMIT 1 -- PARAMETERS: [1]
query: START TRANSACTION
query: INSERT INTO "refresh_tokens"("jti", "user_id", "token_hash", "expires_at", "revoked_at", "replaced_by_jti", "ip", "user_agent", "created_at") VALUES ($1, $2, $3, $4, DEFAULT, DEFAULT, $5, $6, DEFAULT) RETURNING "id", "created_at" -- PARAMETERS: ["144d9990-230f-4afd-ad80-31ce92f14f30",1,"$argon2id$v=19$m=65536,p=4,t=3$3qsJqKu/RRuHLAxH2kKXig$PtsxfnTEInY/ZoFrA/tmN8ymxHdqReRByppXafcmKG4","2026-08-10T16:32:41.487Z","127.0.0.1","Mozilla/5.0 (Windows NT 10.0; Win64; x64) AppleWebKit/537.36 (KHTML, like Gecko) Code/1.129.1 Chrome/148.0.7778.280 Electron/42.6.0 Safari/537.36"]
query: COMMIT
query: START TRANSACTION
query: INSERT INTO "audit_logs"("user_id", "action", "resource_type", "resource_id", "metadata", "ip", "user_agent", "created_at") VALUES ($1, $2, $3, $4, $5, $6, $7, DEFAULT) RETURNING "id", "created_at" -- PARAMETERS: [1,"AUTH:LOGIN","auth",null,null,"127.0.0.1","Mozilla/5.0 (Windows NT 10.0; Win64; x64) AppleWebKit/537.36 (KHTML, like Gecko) Code/1.129.1 Chrome/148.0.7778.280 Electron/42.6.0 Safari/537.36"]
query: COMMIT
[32m[Nest] 7392  - [39m03/08/2026, 12:32:41 p. m. [32m    LOG[39m [38;5;3m[HTTP] [39m[32m[-] POST /api/auth/login 200 388ms[39m
query: SELECT "Notification"."id" AS "Notification_id", "Notification"."user_id" AS "Notification_user_id", "Notification"."type" AS "Notification_type", "Notification"."title" AS "Notification_title", "Notification"."message" AS "Notification_message", "Notification"."data" AS "Notification_data", "Notification"."is_read" AS "Notification_is_read", "Notification"."created_at" AS "Notification_created_at" FROM "notifications" "Notification" WHERE (("Notification"."user_id" = $1)) ORDER BY "Notification"."created_at" DESC LIMIT 20 OFFSET 0 -- PARAMETERS: [1]
query: SELECT COUNT(1) AS "cnt" FROM "notifications" "Notification" WHERE (("Notification"."user_id" = $1) AND ("Notification"."is_read" = $2)) -- PARAMETERS: [1,false]
[33m[Nest] 7392  - [39m03/08/2026, 12:32:41 p. m. [33m   WARN[39m [38;5;3m[AllExceptionsFilter] [39m[33m[undefined] GET /api/health/modules -> 404 (Cannot GET /api/health/modules)[39m
[32m[Nest] 7392  - [39m03/08/2026, 12:32:41 p. m. [32m    LOG[39m [38;5;3m[HTTP] [39m[32m[-] GET /api/notifications 200 19ms[39m
query: SELECT COUNT(*) AS "count", COALESCE(SUM("d"."total"), 0) AS "total" FROM "sale_documents" "d" WHERE "d"."created_at" >= $1 AND "d"."status" = $2 -- PARAMETERS: ["2026-08-03T04:00:00.000Z","COMPLETED"]
query: SELECT COUNT(*) AS "count", COALESCE(SUM("d"."total"), 0) AS "total" FROM "sale_documents" "d" WHERE "d"."created_at" >= $1 AND "d"."status" = $2 -- PARAMETERS: ["2026-08-01T04:00:00.000Z","COMPLETED"]
query: SELECT COUNT(1) AS "cnt" FROM "products" "p" WHERE "p"."stock" <= "p"."min_stock" AND "p"."is_active" = true
query: SELECT COUNT(1) AS "cnt" FROM "products" "p" WHERE "p"."is_active" = true
query: SELECT COALESCE(SUM("p"."stock" * "p"."cost_price"), 0) AS "value" FROM "products" "p" WHERE "p"."is_active" = true
query: SELECT DISTINCT "distinctAlias"."Product_id" AS "ids_Product_id", "distinctAlias"."Product_stock" FROM (SELECT "Product"."id" AS "Product_id", "Product"."sku" AS "Product_sku", "Product"."oem_code" AS "Product_oem_code", "Product"."barcode" AS "Product_barcode", "Product"."name" AS "Product_name", "Product"."category" AS "Product_category", "Product"."brand" AS "Product_brand", "Product"."unit" AS "Product_unit", "Product"."stock" AS "Product_stock", "Product"."min_stock" AS "Product_min_stock", "Product"."cost_price" AS "Product_cost_price", "Product"."base_price" AS "Product_base_price", "Product"."sale_price" AS "Product_sale_price", "Product"."warehouse_aisle" AS "Product_warehouse_aisle", "Product"."warehouse_shelf" AS "Product_warehouse_shelf", "Product"."warehouse_level" AS "Product_warehouse_level", "Product"."warehouse_bin" AS "Product_warehouse_bin", "Product"."image_url" AS "Product_image_url", "Product"."is_active" AS "Product_is_active", "Product"."created_at" AS "Product_created_at", "Product"."updated_at" AS "Product_updated_at", "Product__codes"."id" AS "Product__codes_id", "Product__codes"."product_id" AS "Product__codes_product_id", "Product__codes"."code_type" AS "Product__codes_code_type", "Product__codes"."code_value" AS "Product__codes_code_value", "Product__codes"."created_at" AS "Product__codes_created_at" FROM "products" "Product" LEFT JOIN "product_codes" "Product__codes" ON "Product__codes"."product_id"="Product"."id" WHERE (("Product"."is_active" = $1))) "distinctAlias" ORDER BY "distinctAlias"."Product_stock" ASC, "Product_id" ASC LIMIT 10 -- PARAMETERS: [true]
query: SELECT "Product"."id" AS "Product_id", "Product"."sku" AS "Product_sku", "Product"."oem_code" AS "Product_oem_code", "Product"."barcode" AS "Product_barcode", "Product"."name" AS "Product_name", "Product"."category" AS "Product_category", "Product"."brand" AS "Product_brand", "Product"."unit" AS "Product_unit", "Product"."stock" AS "Product_stock", "Product"."min_stock" AS "Product_min_stock", "Product"."cost_price" AS "Product_cost_price", "Product"."base_price" AS "Product_base_price", "Product"."sale_price" AS "Product_sale_price", "Product"."warehouse_aisle" AS "Product_warehouse_aisle", "Product"."warehouse_shelf" AS "Product_warehouse_shelf", "Product"."warehouse_level" AS "Product_warehouse_level", "Product"."warehouse_bin" AS "Product_warehouse_bin", "Product"."image_url" AS "Product_image_url", "Product"."is_active" AS "Product_is_active", "Product"."created_at" AS "Product_created_at", "Product"."updated_at" AS "Product_updated_at", "Product__codes"."id" AS "Product__codes_id", "Product__codes"."product_id" AS "Product__codes_product_id", "Product__codes"."code_type" AS "Product__codes_code_type", "Product__codes"."code_value" AS "Product__codes_code_value", "Product__codes"."created_at" AS "Product__codes_created_at" FROM "products" "Product" LEFT JOIN "product_codes" "Product__codes" ON "Product__codes"."product_id"="Product"."id" WHERE ( (("Product"."is_active" = $1)) ) AND ( "Product"."id" IN ($2, $3, $4) ) ORDER BY "Product"."stock" ASC -- PARAMETERS: [true,"2","1","3"]
query: SELECT "SaleDocument"."id" AS "SaleDocument_id", "SaleDocument"."doc_type" AS "SaleDocument_doc_type", "SaleDocument"."doc_number" AS "SaleDocument_doc_number", "SaleDocument"."customer_name" AS "SaleDocument_customer_name", "SaleDocument"."customer_doc" AS "SaleDocument_customer_doc", "SaleDocument"."subtotal" AS "SaleDocument_subtotal", "SaleDocument"."tax_rate" AS "SaleDocument_tax_rate", "SaleDocument"."tax_amount" AS "SaleDocument_tax_amount", "SaleDocument"."total" AS "SaleDocument_total", "SaleDocument"."status" AS "SaleDocument_status", "SaleDocument"."void_reason" AS "SaleDocument_void_reason", "SaleDocument"."user_id" AS "SaleDocument_user_id", "SaleDocument"."created_at" AS "SaleDocument_created_at" FROM "sale_documents" "SaleDocument" ORDER BY "SaleDocument"."created_at" DESC LIMIT 10
[32m[Nest] 7392  - [39m03/08/2026, 12:32:41 p. m. [32m    LOG[39m [38;5;3m[HTTP] [39m[32m[-] GET /api/reports/dashboard 200 85ms[39m
query: SELECT to_char("d"."created_at", 'YYYY-MM-DD') AS "day", COALESCE(SUM("d"."total"), 0) AS "total", COUNT(*) AS "count" FROM "sale_documents" "d" WHERE "d"."created_at" >= $1 AND "d"."created_at" < $2 AND "d"."status" = $3 GROUP BY day ORDER BY day ASC -- PARAMETERS: ["2026-07-21T00:00:00.000Z","2026-08-04T00:00:00.000Z","COMPLETED"]
[32m[Nest] 7392  - [39m03/08/2026, 12:32:41 p. m. [32m    LOG[39m [38;5;3m[HTTP] [39m[32m[-] GET /api/reports/sales-by-day?from=2026-07-21&to=2026-08-03 200 4ms[39m
query: SELECT "BankAccount"."id" AS "BankAccount_id", "BankAccount"."name" AS "BankAccount_name", "BankAccount"."bank" AS "BankAccount_bank", "BankAccount"."account_type" AS "BankAccount_account_type", "BankAccount"."account_number" AS "BankAccount_account_number", "BankAccount"."currency" AS "BankAccount_currency", "BankAccount"."balance" AS "BankAccount_balance", "BankAccount"."is_active" AS "BankAccount_is_active", "BankAccount"."created_at" AS "BankAccount_created_at", "BankAccount"."updated_at" AS "BankAccount_updated_at" FROM "bank_accounts" "BankAccount" ORDER BY "BankAccount"."name" ASC
[32m[Nest] 7392  - [39m03/08/2026, 12:32:56 p. m. [32m    LOG[39m [38;5;3m[HTTP] [39m[32m[-] GET /api/banking/accounts 200 50ms[39m
query: SELECT "BankMovement"."id" AS "BankMovement_id", "BankMovement"."account_id" AS "BankMovement_account_id", "BankMovement"."movement_type" AS "BankMovement_movement_type", "BankMovement"."amount" AS "BankMovement_amount", "BankMovement"."description" AS "BankMovement_description", "BankMovement"."user_id" AS "BankMovement_user_id", "BankMovement"."created_at" AS "BankMovement_created_at" FROM "bank_movements" "BankMovement" WHERE (("BankMovement"."account_id" = $1)) ORDER BY "BankMovement"."created_at" DESC LIMIT 10 OFFSET 0 -- PARAMETERS: [1]
[32m[Nest] 7392  - [39m03/08/2026, 12:32:56 p. m. [32m    LOG[39m [38;5;3m[HTTP] [39m[32m[-] GET /api/banking/accounts/1/movements?page=1&pageSize=10 200 14ms[39m
query: SELECT "e"."id" AS "e_id", "e"."code" AS "e_code", "e"."full_name" AS "e_full_name", "e"."document_number" AS "e_document_number", "e"."position" AS "e_position", "e"."department" AS "e_department", "e"."phone" AS "e_phone", "e"."email" AS "e_email", "e"."hire_date" AS "e_hire_date", "e"."salary" AS "e_salary", "e"."is_active" AS "e_is_active", "e"."created_at" AS "e_created_at", "e"."updated_at" AS "e_updated_at" FROM "employees" "e" ORDER BY "e"."full_name" ASC LIMIT 20 OFFSET 0
[32m[Nest] 7392  - [39m03/08/2026, 12:33:02 p. m. [32m    LOG[39m [38;5;3m[HTTP] [39m[32m[-] GET /api/employees?page=1&pageSize=20 200 15ms[39m
query: SELECT "p"."id" AS "p_id", "p"."sku" AS "p_sku", "p"."oem_code" AS "p_oem_code", "p"."barcode" AS "p_barcode", "p"."name" AS "p_name", "p"."category" AS "p_category", "p"."brand" AS "p_brand", "p"."unit" AS "p_unit", "p"."stock" AS "p_stock", "p"."min_stock" AS "p_min_stock", "p"."cost_price" AS "p_cost_price", "p"."base_price" AS "p_base_price", "p"."sale_price" AS "p_sale_price", "p"."warehouse_aisle" AS "p_warehouse_aisle", "p"."warehouse_shelf" AS "p_warehouse_shelf", "p"."warehouse_level" AS "p_warehouse_level", "p"."warehouse_bin" AS "p_warehouse_bin", "p"."image_url" AS "p_image_url", "p"."is_active" AS "p_is_active", "p"."created_at" AS "p_created_at", "p"."updated_at" AS "p_updated_at" FROM "products" "p" ORDER BY "p"."name" ASC LIMIT 20 OFFSET 0
[32m[Nest] 7392  - [39m03/08/2026, 12:33:03 p. m. [32m    LOG[39m [38;5;3m[HTTP] [39m[32m[-] GET /api/products?page=1&pageSize=20 200 17ms[39m
query: SELECT "p"."id" AS "p_id", "p"."sku" AS "p_sku", "p"."oem_code" AS "p_oem_code", "p"."barcode" AS "p_barcode", "p"."name" AS "p_name", "p"."category" AS "p_category", "p"."brand" AS "p_brand", "p"."unit" AS "p_unit", "p"."stock" AS "p_stock", "p"."min_stock" AS "p_min_stock", "p"."cost_price" AS "p_cost_price", "p"."base_price" AS "p_base_price", "p"."sale_price" AS "p_sale_price", "p"."warehouse_aisle" AS "p_warehouse_aisle", "p"."warehouse_shelf" AS "p_warehouse_shelf", "p"."warehouse_level" AS "p_warehouse_level", "p"."warehouse_bin" AS "p_warehouse_bin", "p"."image_url" AS "p_image_url", "p"."is_active" AS "p_is_active", "p"."created_at" AS "p_created_at", "p"."updated_at" AS "p_updated_at" FROM "products" "p" WHERE "p"."stock" <= "p"."min_stock" AND "p"."is_active" = true ORDER BY "p"."stock" ASC LIMIT 20 OFFSET 0
[31m[Nest] 7392  - [39m03/08/2026, 12:33:06 p. m. [31m  ERROR[39m [38;5;3m[HTTP] [39m[31m[-] GET /api/products?page=1&pageSize=1000 400 9ms[39m
[33m[Nest] 7392  - [39m03/08/2026, 12:33:06 p. m. [33m   WARN[39m [38;5;3m[AllExceptionsFilter] [39m[33m[undefined] GET /api/products?page=1&pageSize=1000 -> 400 (pageSize must not be greater than 100)[39m
[32m[Nest] 7392  - [39m03/08/2026, 12:33:06 p. m. [32m    LOG[39m [38;5;3m[HTTP] [39m[32m[-] GET /api/reports/low-stock 200 26ms[39m
query: SELECT "p"."id" AS "p_id", "p"."sku" AS "p_sku", "p"."oem_code" AS "p_oem_code", "p"."barcode" AS "p_barcode", "p"."name" AS "p_name", "p"."category" AS "p_category", "p"."brand" AS "p_brand", "p"."unit" AS "p_unit", "p"."stock" AS "p_stock", "p"."min_stock" AS "p_min_stock", "p"."cost_price" AS "p_cost_price", "p"."base_price" AS "p_base_price", "p"."sale_price" AS "p_sale_price", "p"."warehouse_aisle" AS "p_warehouse_aisle", "p"."warehouse_shelf" AS "p_warehouse_shelf", "p"."warehouse_level" AS "p_warehouse_level", "p"."warehouse_bin" AS "p_warehouse_bin", "p"."image_url" AS "p_image_url", "p"."is_active" AS "p_is_active", "p"."created_at" AS "p_created_at", "p"."updated_at" AS "p_updated_at" FROM "products" "p" ORDER BY "p"."name" ASC LIMIT 20 OFFSET 0
[32m[Nest] 7392  - [39m03/08/2026, 12:33:32 p. m. [32m    LOG[39m [38;5;3m[HTTP] [39m[32m[-] GET /api/products?page=1&pageSize=20 200 50ms[39m
[31m[Nest] 7392  - [39m03/08/2026, 12:33:55 p. m. [31m  ERROR[39m [38;5;3m[HTTP] [39m[31m[-] POST /api/products 400 6ms[39m
[33m[Nest] 7392  - [39m03/08/2026, 12:33:55 p. m. [33m   WARN[39m [38;5;3m[AllExceptionsFilter] [39m[33m[undefined] POST /api/products -> 400 (property salePrice should not exist)[39m
query: SELECT "BankAccount"."id" AS "BankAccount_id", "BankAccount"."name" AS "BankAccount_name", "BankAccount"."bank" AS "BankAccount_bank", "BankAccount"."account_type" AS "BankAccount_account_type", "BankAccount"."account_number" AS "BankAccount_account_number", "BankAccount"."currency" AS "BankAccount_currency", "BankAccount"."balance" AS "BankAccount_balance", "BankAccount"."is_active" AS "BankAccount_is_active", "BankAccount"."created_at" AS "BankAccount_created_at", "BankAccount"."updated_at" AS "BankAccount_updated_at" FROM "bank_accounts" "BankAccount" ORDER BY "BankAccount"."name" ASC
[32m[Nest] 7392  - [39m03/08/2026, 12:34:01 p. m. [32m    LOG[39m [38;5;3m[HTTP] [39m[32m[-] GET /api/banking/accounts 200 31ms[39m
query: SELECT "BankMovement"."id" AS "BankMovement_id", "BankMovement"."account_id" AS "BankMovement_account_id", "BankMovement"."movement_type" AS "BankMovement_movement_type", "BankMovement"."amount" AS "BankMovement_amount", "BankMovement"."description" AS "BankMovement_description", "BankMovement"."user_id" AS "BankMovement_user_id", "BankMovement"."created_at" AS "BankMovement_created_at" FROM "bank_movements" "BankMovement" WHERE (("BankMovement"."account_id" = $1)) ORDER BY "BankMovement"."created_at" DESC LIMIT 10 OFFSET 0 -- PARAMETERS: [1]
[32m[Nest] 7392  - [39m03/08/2026, 12:34:01 p. m. [32m    LOG[39m [38;5;3m[HTTP] [39m[32m[-] GET /api/banking/accounts/1/movements?page=1&pageSize=10 200 7ms[39m
query: SELECT "p"."id" AS "p_id", "p"."sku" AS "p_sku", "p"."oem_code" AS "p_oem_code", "p"."barcode" AS "p_barcode", "p"."name" AS "p_name", "p"."category" AS "p_category", "p"."brand" AS "p_brand", "p"."unit" AS "p_unit", "p"."stock" AS "p_stock", "p"."min_stock" AS "p_min_stock", "p"."cost_price" AS "p_cost_price", "p"."base_price" AS "p_base_price", "p"."sale_price" AS "p_sale_price", "p"."warehouse_aisle" AS "p_warehouse_aisle", "p"."warehouse_shelf" AS "p_warehouse_shelf", "p"."warehouse_level" AS "p_warehouse_level", "p"."warehouse_bin" AS "p_warehouse_bin", "p"."image_url" AS "p_image_url", "p"."is_active" AS "p_is_active", "p"."created_at" AS "p_created_at", "p"."updated_at" AS "p_updated_at" FROM "products" "p" ORDER BY "p"."name" ASC LIMIT 20 OFFSET 0
[32m[Nest] 7392  - [39m03/08/2026, 12:34:06 p. m. [32m    LOG[39m [38;5;3m[HTTP] [39m[32m[-] GET /api/products?page=1&pageSize=20 200 7ms[39m
query: SELECT DISTINCT "distinctAlias"."d_id" AS "ids_d_id", "distinctAlias"."d_created_at" FROM (SELECT "d"."id" AS "d_id", "d"."doc_type" AS "d_doc_type", "d"."doc_number" AS "d_doc_number", "d"."customer_name" AS "d_customer_name", "d"."customer_doc" AS "d_customer_doc", "d"."subtotal" AS "d_subtotal", "d"."tax_rate" AS "d_tax_rate", "d"."tax_amount" AS "d_tax_amount", "d"."total" AS "d_total", "d"."status" AS "d_status", "d"."void_reason" AS "d_void_reason", "d"."user_id" AS "d_user_id", "d"."created_at" AS "d_created_at", "user"."id" AS "user_id", "user"."email" AS "user_email", "user"."full_name" AS "user_full_name", "user"."role" AS "user_role", "user"."is_active" AS "user_is_active", "user"."created_at" AS "user_created_at", "user"."updated_at" AS "user_updated_at" FROM "sale_documents" "d" LEFT JOIN "users" "user" ON "user"."id"="d"."user_id") "distinctAlias" ORDER BY "distinctAlias"."d_created_at" DESC, "d_id" ASC LIMIT 20 OFFSET 0
query: SELECT "d"."id" AS "d_id", "d"."doc_type" AS "d_doc_type", "d"."doc_number" AS "d_doc_number", "d"."customer_name" AS "d_customer_name", "d"."customer_doc" AS "d_customer_doc", "d"."subtotal" AS "d_subtotal", "d"."tax_rate" AS "d_tax_rate", "d"."tax_amount" AS "d_tax_amount", "d"."total" AS "d_total", "d"."status" AS "d_status", "d"."void_reason" AS "d_void_reason", "d"."user_id" AS "d_user_id", "d"."created_at" AS "d_created_at", "user"."id" AS "user_id", "user"."email" AS "user_email", "user"."full_name" AS "user_full_name", "user"."role" AS "user_role", "user"."is_active" AS "user_is_active", "user"."created_at" AS "user_created_at", "user"."updated_at" AS "user_updated_at" FROM "sale_documents" "d" LEFT JOIN "users" "user" ON "user"."id"="d"."user_id" WHERE "d"."id" IN ($1, $2, $3, $4) ORDER BY "d"."created_at" DESC -- PARAMETERS: ["4","3","2","1"]
[32m[Nest] 7392  - [39m03/08/2026, 12:34:12 p. m. [32m    LOG[39m [38;5;3m[HTTP] [39m[32m[-] GET /api/sales?page=1&pageSize=20 200 28ms[39m
query: SELECT DISTINCT "distinctAlias"."d_id" AS "ids_d_id", "distinctAlias"."d_created_at" FROM (SELECT "d"."id" AS "d_id", "d"."doc_type" AS "d_doc_type", "d"."doc_number" AS "d_doc_number", "d"."customer_name" AS "d_customer_name", "d"."customer_doc" AS "d_customer_doc", "d"."subtotal" AS "d_subtotal", "d"."tax_rate" AS "d_tax_rate", "d"."tax_amount" AS "d_tax_amount", "d"."total" AS "d_total", "d"."status" AS "d_status", "d"."void_reason" AS "d_void_reason", "d"."user_id" AS "d_user_id", "d"."created_at" AS "d_created_at", "user"."id" AS "user_id", "user"."email" AS "user_email", "user"."full_name" AS "user_full_name", "user"."role" AS "user_role", "user"."is_active" AS "user_is_active", "user"."created_at" AS "user_created_at", "user"."updated_at" AS "user_updated_at" FROM "sale_documents" "d" LEFT JOIN "users" "user" ON "user"."id"="d"."user_id") "distinctAlias" ORDER BY "distinctAlias"."d_created_at" DESC, "d_id" ASC LIMIT 20 OFFSET 0
query: SELECT "d"."id" AS "d_id", "d"."doc_type" AS "d_doc_type", "d"."doc_number" AS "d_doc_number", "d"."customer_name" AS "d_customer_name", "d"."customer_doc" AS "d_customer_doc", "d"."subtotal" AS "d_subtotal", "d"."tax_rate" AS "d_tax_rate", "d"."tax_amount" AS "d_tax_amount", "d"."total" AS "d_total", "d"."status" AS "d_status", "d"."void_reason" AS "d_void_reason", "d"."user_id" AS "d_user_id", "d"."created_at" AS "d_created_at", "user"."id" AS "user_id", "user"."email" AS "user_email", "user"."full_name" AS "user_full_name", "user"."role" AS "user_role", "user"."is_active" AS "user_is_active", "user"."created_at" AS "user_created_at", "user"."updated_at" AS "user_updated_at" FROM "sale_documents" "d" LEFT JOIN "users" "user" ON "user"."id"="d"."user_id" WHERE "d"."id" IN ($1, $2, $3, $4) ORDER BY "d"."created_at" DESC -- PARAMETERS: ["4","3","2","1"]
[32m[Nest] 7392  - [39m03/08/2026, 12:34:14 p. m. [32m    LOG[39m [38;5;3m[HTTP] [39m[32m[-] GET /api/sales?page=1&pageSize=20 200 7ms[39m
query: SELECT DISTINCT "distinctAlias"."d_id" AS "ids_d_id", "distinctAlias"."d_created_at" FROM (SELECT "d"."id" AS "d_id", "d"."doc_type" AS "d_doc_type", "d"."doc_number" AS "d_doc_number", "d"."customer_name" AS "d_customer_name", "d"."customer_doc" AS "d_customer_doc", "d"."subtotal" AS "d_subtotal", "d"."tax_rate" AS "d_tax_rate", "d"."tax_amount" AS "d_tax_amount", "d"."total" AS "d_total", "d"."status" AS "d_status", "d"."void_reason" AS "d_void_reason", "d"."user_id" AS "d_user_id", "d"."created_at" AS "d_created_at", "user"."id" AS "user_id", "user"."email" AS "user_email", "user"."full_name" AS "user_full_name", "user"."role" AS "user_role", "user"."is_active" AS "user_is_active", "user"."created_at" AS "user_created_at", "user"."updated_at" AS "user_updated_at" FROM "sale_documents" "d" LEFT JOIN "users" "user" ON "user"."id"="d"."user_id") "distinctAlias" ORDER BY "distinctAlias"."d_created_at" DESC, "d_id" ASC LIMIT 20 OFFSET 0
query: SELECT "d"."id" AS "d_id", "d"."doc_type" AS "d_doc_type", "d"."doc_number" AS "d_doc_number", "d"."customer_name" AS "d_customer_name", "d"."customer_doc" AS "d_customer_doc", "d"."subtotal" AS "d_subtotal", "d"."tax_rate" AS "d_tax_rate", "d"."tax_amount" AS "d_tax_amount", "d"."total" AS "d_total", "d"."status" AS "d_status", "d"."void_reason" AS "d_void_reason", "d"."user_id" AS "d_user_id", "d"."created_at" AS "d_created_at", "user"."id" AS "user_id", "user"."email" AS "user_email", "user"."full_name" AS "user_full_name", "user"."role" AS "user_role", "user"."is_active" AS "user_is_active", "user"."created_at" AS "user_created_at", "user"."updated_at" AS "user_updated_at" FROM "sale_documents" "d" LEFT JOIN "users" "user" ON "user"."id"="d"."user_id" WHERE "d"."id" IN ($1, $2, $3, $4) ORDER BY "d"."created_at" DESC -- PARAMETERS: ["4","3","2","1"]
[32m[Nest] 7392  - [39m03/08/2026, 12:34:16 p. m. [32m    LOG[39m [38;5;3m[HTTP] [39m[32m[-] GET /api/sales?page=1&pageSize=20 200 6ms[39m
query: SELECT d.doc_number AS "docNumber", d.doc_type AS "docType", d.created_at AS "createdAt",
                  d.customer_name AS "customerName", d.subtotal, d.tax_amount AS "taxAmount",
                  d.total, d.status
             FROM sale_documents d
            WHERE (d.doc_number ILIKE $1 OR d.customer_name ILIKE $1)
            ORDER BY d.created_at DESC
            LIMIT 2000 -- PARAMETERS: ["%"]
[32m[Nest] 7392  - [39m03/08/2026, 12:34:30 p. m. [32m    LOG[39m [38;5;3m[HTTP] [39m[32m[-] GET /api/export/sales?format=xlsx 200 133ms[39m
[31m[Nest] 7392  - [39m03/08/2026, 12:35:10 p. m. [31m  ERROR[39m [38;5;3m[HTTP] [39m[31m[-] GET /api/products?page=1&pageSize=1000 400 0ms[39m
[33m[Nest] 7392  - [39m03/08/2026, 12:35:10 p. m. [33m   WARN[39m [38;5;3m[AllExceptionsFilter] [39m[33m[undefined] GET /api/products?page=1&pageSize=1000 -> 400 (pageSize must not be greater than 100)[39m
query: SELECT "p"."id" AS "p_id", "p"."sku" AS "p_sku", "p"."oem_code" AS "p_oem_code", "p"."barcode" AS "p_barcode", "p"."name" AS "p_name", "p"."category" AS "p_category", "p"."brand" AS "p_brand", "p"."unit" AS "p_unit", "p"."stock" AS "p_stock", "p"."min_stock" AS "p_min_stock", "p"."cost_price" AS "p_cost_price", "p"."base_price" AS "p_base_price", "p"."sale_price" AS "p_sale_price", "p"."warehouse_aisle" AS "p_warehouse_aisle", "p"."warehouse_shelf" AS "p_warehouse_shelf", "p"."warehouse_level" AS "p_warehouse_level", "p"."warehouse_bin" AS "p_warehouse_bin", "p"."image_url" AS "p_image_url", "p"."is_active" AS "p_is_active", "p"."created_at" AS "p_created_at", "p"."updated_at" AS "p_updated_at" FROM "products" "p" WHERE "p"."stock" <= "p"."min_stock" AND "p"."is_active" = true ORDER BY "p"."stock" ASC LIMIT 20 OFFSET 0
[32m[Nest] 7392  - [39m03/08/2026, 12:35:10 p. m. [32m    LOG[39m [38;5;3m[HTTP] [39m[32m[-] GET /api/reports/low-stock 200 66ms[39m
query: SELECT "p"."id" AS "p_id", "p"."sku" AS "p_sku", "p"."oem_code" AS "p_oem_code", "p"."barcode" AS "p_barcode", "p"."name" AS "p_name", "p"."category" AS "p_category", "p"."brand" AS "p_brand", "p"."unit" AS "p_unit", "p"."stock" AS "p_stock", "p"."min_stock" AS "p_min_stock", "p"."cost_price" AS "p_cost_price", "p"."base_price" AS "p_base_price", "p"."sale_price" AS "p_sale_price", "p"."warehouse_aisle" AS "p_warehouse_aisle", "p"."warehouse_shelf" AS "p_warehouse_shelf", "p"."warehouse_level" AS "p_warehouse_level", "p"."warehouse_bin" AS "p_warehouse_bin", "p"."image_url" AS "p_image_url", "p"."is_active" AS "p_is_active", "p"."created_at" AS "p_created_at", "p"."updated_at" AS "p_updated_at" FROM "products" "p" ORDER BY "p"."name" ASC LIMIT 20 OFFSET 0
[32m[Nest] 7392  - [39m03/08/2026, 12:35:16 p. m. [32m    LOG[39m [38;5;3m[HTTP] [39m[32m[-] GET /api/products?page=1&pageSize=20 200 4ms[39m
query: SELECT COUNT(*) AS "count", COALESCE(SUM("d"."total"), 0) AS "total" FROM "sale_documents" "d" WHERE "d"."created_at" >= $1 AND "d"."status" = $2 -- PARAMETERS: ["2026-08-03T04:00:00.000Z","COMPLETED"]
[33m[Nest] 7392  - [39m03/08/2026, 12:35:16 p. m. [33m   WARN[39m [38;5;3m[AllExceptionsFilter] [39m[33m[undefined] GET /api/health/modules -> 404 (Cannot GET /api/health/modules)[39m
query: SELECT COUNT(*) AS "count", COALESCE(SUM("d"."total"), 0) AS "total" FROM "sale_documents" "d" WHERE "d"."created_at" >= $1 AND "d"."status" = $2 -- PARAMETERS: ["2026-08-01T04:00:00.000Z","COMPLETED"]
query: SELECT COUNT(1) AS "cnt" FROM "products" "p" WHERE "p"."stock" <= "p"."min_stock" AND "p"."is_active" = true
query: SELECT COUNT(1) AS "cnt" FROM "products" "p" WHERE "p"."is_active" = true
query: SELECT COALESCE(SUM("p"."stock" * "p"."cost_price"), 0) AS "value" FROM "products" "p" WHERE "p"."is_active" = true
query: SELECT DISTINCT "distinctAlias"."Product_id" AS "ids_Product_id", "distinctAlias"."Product_stock" FROM (SELECT "Product"."id" AS "Product_id", "Product"."sku" AS "Product_sku", "Product"."oem_code" AS "Product_oem_code", "Product"."barcode" AS "Product_barcode", "Product"."name" AS "Product_name", "Product"."category" AS "Product_category", "Product"."brand" AS "Product_brand", "Product"."unit" AS "Product_unit", "Product"."stock" AS "Product_stock", "Product"."min_stock" AS "Product_min_stock", "Product"."cost_price" AS "Product_cost_price", "Product"."base_price" AS "Product_base_price", "Product"."sale_price" AS "Product_sale_price", "Product"."warehouse_aisle" AS "Product_warehouse_aisle", "Product"."warehouse_shelf" AS "Product_warehouse_shelf", "Product"."warehouse_level" AS "Product_warehouse_level", "Product"."warehouse_bin" AS "Product_warehouse_bin", "Product"."image_url" AS "Product_image_url", "Product"."is_active" AS "Product_is_active", "Product"."created_at" AS "Product_created_at", "Product"."updated_at" AS "Product_updated_at", "Product__codes"."id" AS "Product__codes_id", "Product__codes"."product_id" AS "Product__codes_product_id", "Product__codes"."code_type" AS "Product__codes_code_type", "Product__codes"."code_value" AS "Product__codes_code_value", "Product__codes"."created_at" AS "Product__codes_created_at" FROM "products" "Product" LEFT JOIN "product_codes" "Product__codes" ON "Product__codes"."product_id"="Product"."id" WHERE (("Product"."is_active" = $1))) "distinctAlias" ORDER BY "distinctAlias"."Product_stock" ASC, "Product_id" ASC LIMIT 10 -- PARAMETERS: [true]
query: SELECT "Product"."id" AS "Product_id", "Product"."sku" AS "Product_sku", "Product"."oem_code" AS "Product_oem_code", "Product"."barcode" AS "Product_barcode", "Product"."name" AS "Product_name", "Product"."category" AS "Product_category", "Product"."brand" AS "Product_brand", "Product"."unit" AS "Product_unit", "Product"."stock" AS "Product_stock", "Product"."min_stock" AS "Product_min_stock", "Product"."cost_price" AS "Product_cost_price", "Product"."base_price" AS "Product_base_price", "Product"."sale_price" AS "Product_sale_price", "Product"."warehouse_aisle" AS "Product_warehouse_aisle", "Product"."warehouse_shelf" AS "Product_warehouse_shelf", "Product"."warehouse_level" AS "Product_warehouse_level", "Product"."warehouse_bin" AS "Product_warehouse_bin", "Product"."image_url" AS "Product_image_url", "Product"."is_active" AS "Product_is_active", "Product"."created_at" AS "Product_created_at", "Product"."updated_at" AS "Product_updated_at", "Product__codes"."id" AS "Product__codes_id", "Product__codes"."product_id" AS "Product__codes_product_id", "Product__codes"."code_type" AS "Product__codes_code_type", "Product__codes"."code_value" AS "Product__codes_code_value", "Product__codes"."created_at" AS "Product__codes_created_at" FROM "products" "Product" LEFT JOIN "product_codes" "Product__codes" ON "Product__codes"."product_id"="Product"."id" WHERE ( (("Product"."is_active" = $1)) ) AND ( "Product"."id" IN ($2, $3, $4) ) ORDER BY "Product"."stock" ASC -- PARAMETERS: [true,"2","1","3"]
query: SELECT "SaleDocument"."id" AS "SaleDocument_id", "SaleDocument"."doc_type" AS "SaleDocument_doc_type", "SaleDocument"."doc_number" AS "SaleDocument_doc_number", "SaleDocument"."customer_name" AS "SaleDocument_customer_name", "SaleDocument"."customer_doc" AS "SaleDocument_customer_doc", "SaleDocument"."subtotal" AS "SaleDocument_subtotal", "SaleDocument"."tax_rate" AS "SaleDocument_tax_rate", "SaleDocument"."tax_amount" AS "SaleDocument_tax_amount", "SaleDocument"."total" AS "SaleDocument_total", "SaleDocument"."status" AS "SaleDocument_status", "SaleDocument"."void_reason" AS "SaleDocument_void_reason", "SaleDocument"."user_id" AS "SaleDocument_user_id", "SaleDocument"."created_at" AS "SaleDocument_created_at" FROM "sale_documents" "SaleDocument" ORDER BY "SaleDocument"."created_at" DESC LIMIT 10
[32m[Nest] 7392  - [39m03/08/2026, 12:35:16 p. m. [32m    LOG[39m [38;5;3m[HTTP] [39m[32m[-] GET /api/reports/dashboard 200 120ms[39m
query: SELECT to_char("d"."created_at", 'YYYY-MM-DD') AS "day", COALESCE(SUM("d"."total"), 0) AS "total", COUNT(*) AS "count" FROM "sale_documents" "d" WHERE "d"."created_at" >= $1 AND "d"."created_at" < $2 AND "d"."status" = $3 GROUP BY day ORDER BY day ASC -- PARAMETERS: ["2026-07-21T00:00:00.000Z","2026-08-04T00:00:00.000Z","COMPLETED"]
[32m[Nest] 7392  - [39m03/08/2026, 12:35:16 p. m. [32m    LOG[39m [38;5;3m[HTTP] [39m[32m[-] GET /api/reports/sales-by-day?from=2026-07-21&to=2026-08-03 200 6ms[39m
query: SELECT "p"."id" AS "p_id", "p"."sku" AS "p_sku", "p"."oem_code" AS "p_oem_code", "p"."barcode" AS "p_barcode", "p"."name" AS "p_name", "p"."category" AS "p_category", "p"."brand" AS "p_brand", "p"."unit" AS "p_unit", "p"."stock" AS "p_stock", "p"."min_stock" AS "p_min_stock", "p"."cost_price" AS "p_cost_price", "p"."base_price" AS "p_base_price", "p"."sale_price" AS "p_sale_price", "p"."warehouse_aisle" AS "p_warehouse_aisle", "p"."warehouse_shelf" AS "p_warehouse_shelf", "p"."warehouse_level" AS "p_warehouse_level", "p"."warehouse_bin" AS "p_warehouse_bin", "p"."image_url" AS "p_image_url", "p"."is_active" AS "p_is_active", "p"."created_at" AS "p_created_at", "p"."updated_at" AS "p_updated_at" FROM "products" "p" ORDER BY "p"."name" ASC LIMIT 20 OFFSET 0
[32m[Nest] 7392  - [39m03/08/2026, 12:35:20 p. m. [32m    LOG[39m [38;5;3m[HTTP] [39m[32m[-] GET /api/products?page=1&pageSize=20 200 3ms[39m
[33m[Nest] 7392  - [39m03/08/2026, 12:35:21 p. m. [33m   WARN[39m [38;5;3m[AllExceptionsFilter] [39m[33m[undefined] GET /api/settings/tax-rate -> 404 (Cannot GET /api/settings/tax-rate)[39m
query: SELECT "c"."id" AS "c_id", "c"."code" AS "c_code", "c"."name" AS "c_name", "c"."document_type" AS "c_document_type", "c"."document_number" AS "c_document_number", "c"."email" AS "c_email", "c"."phone" AS "c_phone", "c"."address" AS "c_address", "c"."is_active" AS "c_is_active", "c"."created_at" AS "c_created_at", "c"."updated_at" AS "c_updated_at" FROM "customers" "c" ORDER BY "c"."name" ASC LIMIT 20 OFFSET 0
[32m[Nest] 7392  - [39m03/08/2026, 12:35:27 p. m. [32m    LOG[39m [38;5;3m[HTTP] [39m[32m[-] GET /api/customers?page=1&pageSize=20 200 7ms[39m
[31m[Nest] 7392  - [39m03/08/2026, 12:35:37 p. m. [31m  ERROR[39m [38;5;3m[HTTP] [39m[31m[-] POST /api/customers 400 0ms[39m
[33m[Nest] 7392  - [39m03/08/2026, 12:35:37 p. m. [33m   WARN[39m [38;5;3m[AllExceptionsFilter] [39m[33m[undefined] POST /api/customers -> 400 (email must be an email)[39m
query: START TRANSACTION
query: INSERT INTO "customers"("code", "name", "document_type", "document_number", "email", "phone", "address", "is_active", "created_at", "updated_at") VALUES ($1, $2, $3, $4, $5, $6, $7, DEFAULT, DEFAULT, DEFAULT) RETURNING "id", "is_active", "created_at", "updated_at" -- PARAMETERS: ["1","maria","CI","dd","marcogenriuquez@gmail.om","dd","dd"]
query: COMMIT
query: START TRANSACTION
query: INSERT INTO "audit_logs"("user_id", "action", "resource_type", "resource_id", "metadata", "ip", "user_agent", "created_at") VALUES ($1, $2, $3, $4, $5, $6, $7, DEFAULT) RETURNING "id", "created_at" -- PARAMETERS: [1,"CUSTOMER:CREATE","customers","3","{\"code\":\"1\",\"name\":\"maria\"}","127.0.0.1","Mozilla/5.0 (Windows NT 10.0; Win64; x64) AppleWebKit/537.36 (KHTML, like Gecko) Code/1.129.1 Chrome/148.0.7778.280 Electron/42.6.0 Safari/537.36"]
query: COMMIT
[32m[Nest] 7392  - [39m03/08/2026, 12:35:51 p. m. [32m    LOG[39m [38;5;3m[HTTP] [39m[32m[-] POST /api/customers 201 51ms[39m
query: SELECT "c"."id" AS "c_id", "c"."code" AS "c_code", "c"."name" AS "c_name", "c"."document_type" AS "c_document_type", "c"."document_number" AS "c_document_number", "c"."email" AS "c_email", "c"."phone" AS "c_phone", "c"."address" AS "c_address", "c"."is_active" AS "c_is_active", "c"."created_at" AS "c_created_at", "c"."updated_at" AS "c_updated_at" FROM "customers" "c" ORDER BY "c"."name" ASC LIMIT 20 OFFSET 0
[32m[Nest] 7392  - [39m03/08/2026, 12:35:51 p. m. [32m    LOG[39m [38;5;3m[HTTP] [39m[32m[-] GET /api/customers?page=1&pageSize=20 200 6ms[39m
query: SELECT "s"."id" AS "s_id", "s"."code" AS "s_code", "s"."name" AS "s_name", "s"."tax_id" AS "s_tax_id", "s"."email" AS "s_email", "s"."phone" AS "s_phone", "s"."address" AS "s_address", "s"."is_active" AS "s_is_active", "s"."created_at" AS "s_created_at", "s"."updated_at" AS "s_updated_at" FROM "suppliers" "s" ORDER BY "s"."name" ASC LIMIT 20 OFFSET 0
[32m[Nest] 7392  - [39m03/08/2026, 12:35:56 p. m. [32m    LOG[39m [38;5;3m[HTTP] [39m[32m[-] GET /api/suppliers?page=1&pageSize=20 200 8ms[39m
query: SELECT "CashRegister"."id" AS "CashRegister_id", "CashRegister"."opened_by" AS "CashRegister_opened_by", "CashRegister"."initial_balance" AS "CashRegister_initial_balance", "CashRegister"."expected" AS "CashRegister_expected", "CashRegister"."counted_amount" AS "CashRegister_counted_amount", "CashRegister"."difference" AS "CashRegister_difference", "CashRegister"."status" AS "CashRegister_status", "CashRegister"."closed_by" AS "CashRegister_closed_by", "CashRegister"."closed_at" AS "CashRegister_closed_at", "CashRegister"."opened_at" AS "CashRegister_opened_at" FROM "cash_registers" "CashRegister" WHERE (("CashRegister"."opened_by" = $1) AND ("CashRegister"."status" = $2)) LIMIT 1 -- PARAMETERS: [1,"OPEN"]
[32m[Nest] 7392  - [39m03/08/2026, 12:35:59 p. m. [32m    LOG[39m [38;5;3m[HTTP] [39m[32m[-] GET /api/cash-registers/mine 200 12ms[39m
query: SELECT "CashRegister"."id" AS "CashRegister_id", "CashRegister"."opened_by" AS "CashRegister_opened_by", "CashRegister"."initial_balance" AS "CashRegister_initial_balance", "CashRegister"."expected" AS "CashRegister_expected", "CashRegister"."counted_amount" AS "CashRegister_counted_amount", "CashRegister"."difference" AS "CashRegister_difference", "CashRegister"."status" AS "CashRegister_status", "CashRegister"."closed_by" AS "CashRegister_closed_by", "CashRegister"."closed_at" AS "CashRegister_closed_at", "CashRegister"."opened_at" AS "CashRegister_opened_at" FROM "cash_registers" "CashRegister" WHERE (("CashRegister"."opened_by" = $1) AND ("CashRegister"."status" = $2)) LIMIT 1 -- PARAMETERS: [1,"OPEN"]
query: START TRANSACTION
query: INSERT INTO "cash_registers"("opened_by", "initial_balance", "expected", "counted_amount", "difference", "status", "closed_by", "closed_at", "opened_at") VALUES ($1, $2, $3, DEFAULT, DEFAULT, $4, DEFAULT, DEFAULT, DEFAULT) RETURNING "id", "initial_balance", "expected", "status", "opened_at" -- PARAMETERS: [1,"0.04","0.04","OPEN"]
query: COMMIT
query: START TRANSACTION
query: INSERT INTO "audit_logs"("user_id", "action", "resource_type", "resource_id", "metadata", "ip", "user_agent", "created_at") VALUES ($1, $2, $3, $4, $5, $6, $7, DEFAULT) RETURNING "id", "created_at" -- PARAMETERS: [1,"CASH:OPEN","cash_registers","3","{\"initialBalance\":0.04}","127.0.0.1","Mozilla/5.0 (Windows NT 10.0; Win64; x64) AppleWebKit/537.36 (KHTML, like Gecko) Code/1.129.1 Chrome/148.0.7778.280 Electron/42.6.0 Safari/537.36"]
query: COMMIT
[32m[Nest] 7392  - [39m03/08/2026, 12:36:04 p. m. [32m    LOG[39m [38;5;3m[HTTP] [39m[32m[-] POST /api/cash-registers 201 7ms[39m
query: SELECT DISTINCT "distinctAlias"."CashMovement_id" AS "ids_CashMovement_id", "distinctAlias"."CashMovement_created_at" FROM (SELECT "CashMovement"."id" AS "CashMovement_id", "CashMovement"."register_id" AS "CashMovement_register_id", "CashMovement"."movement_type" AS "CashMovement_movement_type", "CashMovement"."amount" AS "CashMovement_amount", "CashMovement"."description" AS "CashMovement_description", "CashMovement"."reference_type" AS "CashMovement_reference_type", "CashMovement"."reference_id" AS "CashMovement_reference_id", "CashMovement"."user_id" AS "CashMovement_user_id", "CashMovement"."created_at" AS "CashMovement_created_at", "CashMovement__CashMovement_user"."id" AS "CashMovement__CashMovement_user_id", "CashMovement__CashMovement_user"."email" AS "CashMovement__CashMovement_user_email", "CashMovement__CashMovement_user"."full_name" AS "CashMovement__CashMovement_user_full_name", "CashMovement__CashMovement_user"."role" AS "CashMovement__CashMovement_user_role", "CashMovement__CashMovement_user"."is_active" AS "CashMovement__CashMovement_user_is_active", "CashMovement__CashMovement_user"."created_at" AS "CashMovement__CashMovement_user_created_at", "CashMovement__CashMovement_user"."updated_at" AS "CashMovement__CashMovement_user_updated_at" FROM "cash_movements" "CashMovement" LEFT JOIN "users" "CashMovement__CashMovement_user" ON "CashMovement__CashMovement_user"."id"="CashMovement"."user_id" WHERE (("CashMovement"."register_id" = $1))) "distinctAlias" ORDER BY "distinctAlias"."CashMovement_created_at" ASC, "CashMovement_id" ASC LIMIT 10 OFFSET 0 -- PARAMETERS: [3]
[32m[Nest] 7392  - [39m03/08/2026, 12:36:04 p. m. [32m    LOG[39m [38;5;3m[HTTP] [39m[32m[-] GET /api/cash-registers/3/movements?page=1&pageSize=10 200 8ms[39m
query: SELECT "CashRegister"."id" AS "CashRegister_id", "CashRegister"."opened_by" AS "CashRegister_opened_by", "CashRegister"."initial_balance" AS "CashRegister_initial_balance", "CashRegister"."expected" AS "CashRegister_expected", "CashRegister"."counted_amount" AS "CashRegister_counted_amount", "CashRegister"."difference" AS "CashRegister_difference", "CashRegister"."status" AS "CashRegister_status", "CashRegister"."closed_by" AS "CashRegister_closed_by", "CashRegister"."closed_at" AS "CashRegister_closed_at", "CashRegister"."opened_at" AS "CashRegister_opened_at" FROM "cash_registers" "CashRegister" WHERE (("CashRegister"."id" = $1)) LIMIT 1 -- PARAMETERS: [3]
query: START TRANSACTION
query: SELECT "CashRegister"."id" AS "CashRegister_id", "CashRegister"."opened_by" AS "CashRegister_opened_by", "CashRegister"."initial_balance" AS "CashRegister_initial_balance", "CashRegister"."expected" AS "CashRegister_expected", "CashRegister"."counted_amount" AS "CashRegister_counted_amount", "CashRegister"."difference" AS "CashRegister_difference", "CashRegister"."status" AS "CashRegister_status", "CashRegister"."closed_by" AS "CashRegister_closed_by", "CashRegister"."closed_at" AS "CashRegister_closed_at", "CashRegister"."opened_at" AS "CashRegister_opened_at" FROM "cash_registers" "CashRegister" WHERE (("CashRegister"."id" = $1)) LIMIT 1 FOR UPDATE -- PARAMETERS: [3]
query: SELECT "CashRegister"."id" AS "CashRegister_id", "CashRegister"."opened_by" AS "CashRegister_opened_by", "CashRegister"."initial_balance" AS "CashRegister_initial_balance", "CashRegister"."expected" AS "CashRegister_expected", "CashRegister"."counted_amount" AS "CashRegister_counted_amount", "CashRegister"."difference" AS "CashRegister_difference", "CashRegister"."status" AS "CashRegister_status", "CashRegister"."closed_by" AS "CashRegister_closed_by", "CashRegister"."closed_at" AS "CashRegister_closed_at", "CashRegister"."opened_at" AS "CashRegister_opened_at" FROM "cash_registers" "CashRegister" WHERE "CashRegister"."id" IN ($1) -- PARAMETERS: [3]
query: UPDATE "cash_registers" SET "expected" = $1 WHERE "id" IN ($2) -- PARAMETERS: ["-199.96",3]
query: INSERT INTO "cash_movements"("register_id", "movement_type", "amount", "description", "reference_type", "reference_id", "user_id", "created_at") VALUES ($1, $2, $3, $4, DEFAULT, DEFAULT, $5, DEFAULT) RETURNING "id", "created_at" -- PARAMETERS: [3,"EXPENSE","200.00","22",1]
query: START TRANSACTION
query: INSERT INTO "audit_logs"("user_id", "action", "resource_type", "resource_id", "metadata", "ip", "user_agent", "created_at") VALUES ($1, $2, $3, $4, $5, $6, $7, DEFAULT) RETURNING "id", "created_at" -- PARAMETERS: [1,"CASH:EXPENSE","cash_movements","3","{\"registerId\":3,\"amount\":200}","127.0.0.1","Mozilla/5.0 (Windows NT 10.0; Win64; x64) AppleWebKit/537.36 (KHTML, like Gecko) Code/1.129.1 Chrome/148.0.7778.280 Electron/42.6.0 Safari/537.36"]
query: COMMIT
query: COMMIT
[32m[Nest] 7392  - [39m03/08/2026, 12:36:11 p. m. [32m    LOG[39m [38;5;3m[HTTP] [39m[32m[-] POST /api/cash-registers/3/movements 201 65ms[39m
query: SELECT "CashRegister"."id" AS "CashRegister_id", "CashRegister"."opened_by" AS "CashRegister_opened_by", "CashRegister"."initial_balance" AS "CashRegister_initial_balance", "CashRegister"."expected" AS "CashRegister_expected", "CashRegister"."counted_amount" AS "CashRegister_counted_amount", "CashRegister"."difference" AS "CashRegister_difference", "CashRegister"."status" AS "CashRegister_status", "CashRegister"."closed_by" AS "CashRegister_closed_by", "CashRegister"."closed_at" AS "CashRegister_closed_at", "CashRegister"."opened_at" AS "CashRegister_opened_at" FROM "cash_registers" "CashRegister" WHERE (("CashRegister"."opened_by" = $1) AND ("CashRegister"."status" = $2)) LIMIT 1 -- PARAMETERS: [1,"OPEN"]
[32m[Nest] 7392  - [39m03/08/2026, 12:36:11 p. m. [32m    LOG[39m [38;5;3m[HTTP] [39m[32m[-] GET /api/cash-registers/mine 200 2ms[39m
query: SELECT DISTINCT "distinctAlias"."CashMovement_id" AS "ids_CashMovement_id", "distinctAlias"."CashMovement_created_at" FROM (SELECT "CashMovement"."id" AS "CashMovement_id", "CashMovement"."register_id" AS "CashMovement_register_id", "CashMovement"."movement_type" AS "CashMovement_movement_type", "CashMovement"."amount" AS "CashMovement_amount", "CashMovement"."description" AS "CashMovement_description", "CashMovement"."reference_type" AS "CashMovement_reference_type", "CashMovement"."reference_id" AS "CashMovement_reference_id", "CashMovement"."user_id" AS "CashMovement_user_id", "CashMovement"."created_at" AS "CashMovement_created_at", "CashMovement__CashMovement_user"."id" AS "CashMovement__CashMovement_user_id", "CashMovement__CashMovement_user"."email" AS "CashMovement__CashMovement_user_email", "CashMovement__CashMovement_user"."full_name" AS "CashMovement__CashMovement_user_full_name", "CashMovement__CashMovement_user"."role" AS "CashMovement__CashMovement_user_role", "CashMovement__CashMovement_user"."is_active" AS "CashMovement__CashMovement_user_is_active", "CashMovement__CashMovement_user"."created_at" AS "CashMovement__CashMovement_user_created_at", "CashMovement__CashMovement_user"."updated_at" AS "CashMovement__CashMovement_user_updated_at" FROM "cash_movements" "CashMovement" LEFT JOIN "users" "CashMovement__CashMovement_user" ON "CashMovement__CashMovement_user"."id"="CashMovement"."user_id" WHERE (("CashMovement"."register_id" = $1))) "distinctAlias" ORDER BY "distinctAlias"."CashMovement_created_at" ASC, "CashMovement_id" ASC LIMIT 10 OFFSET 0 -- PARAMETERS: [3]
query: SELECT "CashMovement"."id" AS "CashMovement_id", "CashMovement"."register_id" AS "CashMovement_register_id", "CashMovement"."movement_type" AS "CashMovement_movement_type", "CashMovement"."amount" AS "CashMovement_amount", "CashMovement"."description" AS "CashMovement_description", "CashMovement"."reference_type" AS "CashMovement_reference_type", "CashMovement"."reference_id" AS "CashMovement_reference_id", "CashMovement"."user_id" AS "CashMovement_user_id", "CashMovement"."created_at" AS "CashMovement_created_at", "CashMovement__CashMovement_user"."id" AS "CashMovement__CashMovement_user_id", "CashMovement__CashMovement_user"."email" AS "CashMovement__CashMovement_user_email", "CashMovement__CashMovement_user"."full_name" AS "CashMovement__CashMovement_user_full_name", "CashMovement__CashMovement_user"."role" AS "CashMovement__CashMovement_user_role", "CashMovement__CashMovement_user"."is_active" AS "CashMovement__CashMovement_user_is_active", "CashMovement__CashMovement_user"."created_at" AS "CashMovement__CashMovement_user_created_at", "CashMovement__CashMovement_user"."updated_at" AS "CashMovement__CashMovement_user_updated_at" FROM "cash_movements" "CashMovement" LEFT JOIN "users" "CashMovement__CashMovement_user" ON "CashMovement__CashMovement_user"."id"="CashMovement"."user_id" WHERE ( (("CashMovement"."register_id" = $1)) ) AND ( "CashMovement"."id" IN ($2) ) ORDER BY "CashMovement"."created_at" ASC -- PARAMETERS: [3,"3"]
[32m[Nest] 7392  - [39m03/08/2026, 12:36:11 p. m. [32m    LOG[39m [38;5;3m[HTTP] [39m[32m[-] GET /api/cash-registers/3/movements?page=1&pageSize=10 200 3ms[39m
query: SELECT "Notification"."id" AS "Notification_id", "Notification"."user_id" AS "Notification_user_id", "Notification"."type" AS "Notification_type", "Notification"."title" AS "Notification_title", "Notification"."message" AS "Notification_message", "Notification"."data" AS "Notification_data", "Notification"."is_read" AS "Notification_is_read", "Notification"."created_at" AS "Notification_created_at" FROM "notifications" "Notification" WHERE (("Notification"."user_id" = $1)) ORDER BY "Notification"."created_at" DESC LIMIT 20 OFFSET 0 -- PARAMETERS: [1]
query: SELECT "CashRegister"."id" AS "CashRegister_id", "CashRegister"."opened_by" AS "CashRegister_opened_by", "CashRegister"."initial_balance" AS "CashRegister_initial_balance", "CashRegister"."expected" AS "CashRegister_expected", "CashRegister"."counted_amount" AS "CashRegister_counted_amount", "CashRegister"."difference" AS "CashRegister_difference", "CashRegister"."status" AS "CashRegister_status", "CashRegister"."closed_by" AS "CashRegister_closed_by", "CashRegister"."closed_at" AS "CashRegister_closed_at", "CashRegister"."opened_at" AS "CashRegister_opened_at" FROM "cash_registers" "CashRegister" WHERE (("CashRegister"."opened_by" = $1) AND ("CashRegister"."status" = $2)) LIMIT 1 -- PARAMETERS: [1,"OPEN"]
query: SELECT COUNT(1) AS "cnt" FROM "notifications" "Notification" WHERE (("Notification"."user_id" = $1) AND ("Notification"."is_read" = $2)) -- PARAMETERS: [1,false]
[32m[Nest] 7392  - [39m03/08/2026, 12:36:18 p. m. [32m    LOG[39m [38;5;3m[HTTP] [39m[32m[-] GET /api/notifications 200 9ms[39m
[32m[Nest] 7392  - [39m03/08/2026, 12:36:18 p. m. [32m    LOG[39m [38;5;3m[HTTP] [39m[32m[-] GET /api/cash-registers/mine 200 6ms[39m
query: SELECT DISTINCT "distinctAlias"."CashMovement_id" AS "ids_CashMovement_id", "distinctAlias"."CashMovement_created_at" FROM (SELECT "CashMovement"."id" AS "CashMovement_id", "CashMovement"."register_id" AS "CashMovement_register_id", "CashMovement"."movement_type" AS "CashMovement_movement_type", "CashMovement"."amount" AS "CashMovement_amount", "CashMovement"."description" AS "CashMovement_description", "CashMovement"."reference_type" AS "CashMovement_reference_type", "CashMovement"."reference_id" AS "CashMovement_reference_id", "CashMovement"."user_id" AS "CashMovement_user_id", "CashMovement"."created_at" AS "CashMovement_created_at", "CashMovement__CashMovement_user"."id" AS "CashMovement__CashMovement_user_id", "CashMovement__CashMovement_user"."email" AS "CashMovement__CashMovement_user_email", "CashMovement__CashMovement_user"."full_name" AS "CashMovement__CashMovement_user_full_name", "CashMovement__CashMovement_user"."role" AS "CashMovement__CashMovement_user_role", "CashMovement__CashMovement_user"."is_active" AS "CashMovement__CashMovement_user_is_active", "CashMovement__CashMovement_user"."created_at" AS "CashMovement__CashMovement_user_created_at", "CashMovement__CashMovement_user"."updated_at" AS "CashMovement__CashMovement_user_updated_at" FROM "cash_movements" "CashMovement" LEFT JOIN "users" "CashMovement__CashMovement_user" ON "CashMovement__CashMovement_user"."id"="CashMovement"."user_id" WHERE (("CashMovement"."register_id" = $1))) "distinctAlias" ORDER BY "distinctAlias"."CashMovement_created_at" ASC, "CashMovement_id" ASC LIMIT 10 OFFSET 0 -- PARAMETERS: [3]
query: SELECT "CashMovement"."id" AS "CashMovement_id", "CashMovement"."register_id" AS "CashMovement_register_id", "CashMovement"."movement_type" AS "CashMovement_movement_type", "CashMovement"."amount" AS "CashMovement_amount", "CashMovement"."description" AS "CashMovement_description", "CashMovement"."reference_type" AS "CashMovement_reference_type", "CashMovement"."reference_id" AS "CashMovement_reference_id", "CashMovement"."user_id" AS "CashMovement_user_id", "CashMovement"."created_at" AS "CashMovement_created_at", "CashMovement__CashMovement_user"."id" AS "CashMovement__CashMovement_user_id", "CashMovement__CashMovement_user"."email" AS "CashMovement__CashMovement_user_email", "CashMovement__CashMovement_user"."full_name" AS "CashMovement__CashMovement_user_full_name", "CashMovement__CashMovement_user"."role" AS "CashMovement__CashMovement_user_role", "CashMovement__CashMovement_user"."is_active" AS "CashMovement__CashMovement_user_is_active", "CashMovement__CashMovement_user"."created_at" AS "CashMovement__CashMovement_user_created_at", "CashMovement__CashMovement_user"."updated_at" AS "CashMovement__CashMovement_user_updated_at" FROM "cash_movements" "CashMovement" LEFT JOIN "users" "CashMovement__CashMovement_user" ON "CashMovement__CashMovement_user"."id"="CashMovement"."user_id" WHERE ( (("CashMovement"."register_id" = $1)) ) AND ( "CashMovement"."id" IN ($2) ) ORDER BY "CashMovement"."created_at" ASC -- PARAMETERS: [3,"3"]
[32m[Nest] 7392  - [39m03/08/2026, 12:36:18 p. m. [32m    LOG[39m [38;5;3m[HTTP] [39m[32m[-] GET /api/cash-registers/3/movements?page=1&pageSize=10 200 6ms[39m
query: SELECT "Account"."id" AS "Account_id", "Account"."code" AS "Account_code", "Account"."name" AS "Account_name", "Account"."type" AS "Account_type", "Account"."parent_id" AS "Account_parent_id", "Account"."is_active" AS "Account_is_active", "Account"."created_at" AS "Account_created_at", "Account"."updated_at" AS "Account_updated_at" FROM "chart_of_accounts" "Account" ORDER BY "Account"."code" ASC
query: SELECT "a"."code" AS "code", "a"."name" AS "name", COALESCE(SUM("l"."debit"), 0) AS "debit", COALESCE(SUM("l"."credit"), 0) AS "credit" FROM "journal_lines" "l" INNER JOIN "chart_of_accounts" "a" ON "a"."id"="l"."account_id" GROUP BY "a"."code", "a"."name" ORDER BY "a"."code" ASC
[32m[Nest] 7392  - [39m03/08/2026, 12:36:24 p. m. [32m    LOG[39m [38;5;3m[HTTP] [39m[32m[-] GET /api/accounting/accounts 200 7ms[39m
[32m[Nest] 7392  - [39m03/08/2026, 12:36:24 p. m. [32m    LOG[39m [38;5;3m[HTTP] [39m[32m[-] GET /api/accounting/trial-balance 200 8ms[39m
query: SELECT "JournalEntry"."id" AS "JournalEntry_id", "JournalEntry"."entry_number" AS "JournalEntry_entry_number", "JournalEntry"."date" AS "JournalEntry_date", "JournalEntry"."description" AS "JournalEntry_description", "JournalEntry"."reference_type" AS "JournalEntry_reference_type", "JournalEntry"."reference_id" AS "JournalEntry_reference_id", "JournalEntry"."created_by" AS "JournalEntry_created_by", "JournalEntry"."created_at" AS "JournalEntry_created_at" FROM "journal_entries" "JournalEntry" ORDER BY "JournalEntry"."created_at" DESC LIMIT 10 OFFSET 0
[32m[Nest] 7392  - [39m03/08/2026, 12:36:24 p. m. [32m    LOG[39m [38;5;3m[HTTP] [39m[32m[-] GET /api/accounting/entries?page=1&pageSize=10 200 35ms[39m
query: SELECT "BankAccount"."id" AS "BankAccount_id", "BankAccount"."name" AS "BankAccount_name", "BankAccount"."bank" AS "BankAccount_bank", "BankAccount"."account_type" AS "BankAccount_account_type", "BankAccount"."account_number" AS "BankAccount_account_number", "BankAccount"."currency" AS "BankAccount_currency", "BankAccount"."balance" AS "BankAccount_balance", "BankAccount"."is_active" AS "BankAccount_is_active", "BankAccount"."created_at" AS "BankAccount_created_at", "BankAccount"."updated_at" AS "BankAccount_updated_at" FROM "bank_accounts" "BankAccount" ORDER BY "BankAccount"."name" ASC
[32m[Nest] 7392  - [39m03/08/2026, 12:36:30 p. m. [32m    LOG[39m [38;5;3m[HTTP] [39m[32m[-] GET /api/banking/accounts 200 6ms[39m
query: SELECT "BankMovement"."id" AS "BankMovement_id", "BankMovement"."account_id" AS "BankMovement_account_id", "BankMovement"."movement_type" AS "BankMovement_movement_type", "BankMovement"."amount" AS "BankMovement_amount", "BankMovement"."description" AS "BankMovement_description", "BankMovement"."user_id" AS "BankMovement_user_id", "BankMovement"."created_at" AS "BankMovement_created_at" FROM "bank_movements" "BankMovement" WHERE (("BankMovement"."account_id" = $1)) ORDER BY "BankMovement"."created_at" DESC LIMIT 10 OFFSET 0 -- PARAMETERS: [1]
[32m[Nest] 7392  - [39m03/08/2026, 12:36:30 p. m. [32m    LOG[39m [38;5;3m[HTTP] [39m[32m[-] GET /api/banking/accounts/1/movements?page=1&pageSize=10 200 5ms[39m
query: SELECT "e"."id" AS "e_id", "e"."code" AS "e_code", "e"."full_name" AS "e_full_name", "e"."document_number" AS "e_document_number", "e"."position" AS "e_position", "e"."department" AS "e_department", "e"."phone" AS "e_phone", "e"."email" AS "e_email", "e"."hire_date" AS "e_hire_date", "e"."salary" AS "e_salary", "e"."is_active" AS "e_is_active", "e"."created_at" AS "e_created_at", "e"."updated_at" AS "e_updated_at" FROM "employees" "e" ORDER BY "e"."full_name" ASC LIMIT 20 OFFSET 0
[32m[Nest] 7392  - [39m03/08/2026, 12:36:31 p. m. [32m    LOG[39m [38;5;3m[HTTP] [39m[32m[-] GET /api/employees?page=1&pageSize=20 200 6ms[39m
query: SELECT "d"."id" AS "d_id", "d"."name" AS "d_name", "d"."file_type" AS "d_file_type", "d"."category" AS "d_category", "d"."file_path" AS "d_file_path", "d"."reference_type" AS "d_reference_type", "d"."reference_id" AS "d_reference_id", "d"."uploaded_by" AS "d_uploaded_by", "d"."notes" AS "d_notes", "d"."created_at" AS "d_created_at", "d"."updated_at" AS "d_updated_at" FROM "documents" "d" ORDER BY "d"."created_at" DESC LIMIT 20 OFFSET 0
[32m[Nest] 7392  - [39m03/08/2026, 12:36:43 p. m. [32m    LOG[39m [38;5;3m[HTTP] [39m[32m[-] GET /api/documents?page=1&pageSize=20 200 42ms[39m
[33m[Nest] 7392  - [39m03/08/2026, 12:47:11 p. m. [33m   WARN[39m [38;5;3m[AllExceptionsFilter] [39m[33m[undefined] GET /api/settings/tax-rate -> 404 (Cannot GET /api/settings/tax-rate)[39m
[31m[Nest] 7392  - [39m03/08/2026, 12:47:14 p. m. [31m  ERROR[39m [38;5;3m[HTTP] [39m[31m[-] GET /api/products?page=1&pageSize=1000 400 13ms[39m
[33m[Nest] 7392  - [39m03/08/2026, 12:47:14 p. m. [33m   WARN[39m [38;5;3m[AllExceptionsFilter] [39m[33m[undefined] GET /api/products?page=1&pageSize=1000 -> 400 (pageSize must not be greater than 100)[39m
query: SELECT "p"."id" AS "p_id", "p"."sku" AS "p_sku", "p"."oem_code" AS "p_oem_code", "p"."barcode" AS "p_barcode", "p"."name" AS "p_name", "p"."category" AS "p_category", "p"."brand" AS "p_brand", "p"."unit" AS "p_unit", "p"."stock" AS "p_stock", "p"."min_stock" AS "p_min_stock", "p"."cost_price" AS "p_cost_price", "p"."base_price" AS "p_base_price", "p"."sale_price" AS "p_sale_price", "p"."warehouse_aisle" AS "p_warehouse_aisle", "p"."warehouse_shelf" AS "p_warehouse_shelf", "p"."warehouse_level" AS "p_warehouse_level", "p"."warehouse_bin" AS "p_warehouse_bin", "p"."image_url" AS "p_image_url", "p"."is_active" AS "p_is_active", "p"."created_at" AS "p_created_at", "p"."updated_at" AS "p_updated_at" FROM "products" "p" WHERE "p"."stock" <= "p"."min_stock" AND "p"."is_active" = true ORDER BY "p"."stock" ASC LIMIT 20 OFFSET 0
[32m[Nest] 7392  - [39m03/08/2026, 12:47:14 p. m. [32m    LOG[39m [38;5;3m[HTTP] [39m[32m[-] GET /api/reports/low-stock 200 120ms[39m
query: SELECT "p"."id" AS "p_id", "p"."sku" AS "p_sku", "p"."oem_code" AS "p_oem_code", "p"."barcode" AS "p_barcode", "p"."name" AS "p_name", "p"."category" AS "p_category", "p"."brand" AS "p_brand", "p"."unit" AS "p_unit", "p"."stock" AS "p_stock", "p"."min_stock" AS "p_min_stock", "p"."cost_price" AS "p_cost_price", "p"."base_price" AS "p_base_price", "p"."sale_price" AS "p_sale_price", "p"."warehouse_aisle" AS "p_warehouse_aisle", "p"."warehouse_shelf" AS "p_warehouse_shelf", "p"."warehouse_level" AS "p_warehouse_level", "p"."warehouse_bin" AS "p_warehouse_bin", "p"."image_url" AS "p_image_url", "p"."is_active" AS "p_is_active", "p"."created_at" AS "p_created_at", "p"."updated_at" AS "p_updated_at" FROM "products" "p" ORDER BY "p"."name" ASC LIMIT 20 OFFSET 0
[32m[Nest] 7392  - [39m03/08/2026, 12:47:14 p. m. [32m    LOG[39m [38;5;3m[HTTP] [39m[32m[-] GET /api/products?page=1&pageSize=20 200 9ms[39m
[33m[Nest] 7392  - [39m03/08/2026, 12:47:18 p. m. [33m   WARN[39m [38;5;3m[AllExceptionsFilter] [39m[33m[undefined] GET /api/settings/tax-rate -> 404 (Cannot GET /api/settings/tax-rate)[39m
query: SELECT "p"."id" AS "p_id", "p"."sku" AS "p_sku", "p"."oem_code" AS "p_oem_code", "p"."barcode" AS "p_barcode", "p"."name" AS "p_name", "p"."category" AS "p_category", "p"."brand" AS "p_brand", "p"."unit" AS "p_unit", "p"."stock" AS "p_stock", "p"."min_stock" AS "p_min_stock", "p"."cost_price" AS "p_cost_price", "p"."base_price" AS "p_base_price", "p"."sale_price" AS "p_sale_price", "p"."warehouse_aisle" AS "p_warehouse_aisle", "p"."warehouse_shelf" AS "p_warehouse_shelf", "p"."warehouse_level" AS "p_warehouse_level", "p"."warehouse_bin" AS "p_warehouse_bin", "p"."image_url" AS "p_image_url", "p"."is_active" AS "p_is_active", "p"."created_at" AS "p_created_at", "p"."updated_at" AS "p_updated_at" FROM "products" "p" WHERE ("p"."sku" ILIKE $1 OR "p"."oem_code" ILIKE $1 OR "p"."barcode" ILIKE $1 OR "p"."name" ILIKE $1) ORDER BY "p"."name" ASC LIMIT 30 OFFSET 0 -- PARAMETERS: ["%Bujia Iridium Power%"]
[32m[Nest] 7392  - [39m03/08/2026, 12:47:21 p. m. [32m    LOG[39m [38;5;3m[HTTP] [39m[32m[-] GET /api/products?q=Bujia%20Iridium%20Power&page=1&pageSize=30 200 25ms[39m
[33m[Nest] 7392  - [39m03/08/2026, 12:47:43 p. m. [33m   WARN[39m [38;5;3m[AllExceptionsFilter] [39m[33m[undefined] POST /api/sales -> 401 (Credenciales inválidas o sesión expirada)[39m
[33m[Nest] 7392  - [39m03/08/2026, 12:47:48 p. m. [33m   WARN[39m [38;5;3m[AllExceptionsFilter] [39m[33m[undefined] GET /api/notifications/stream -> 401 (Credenciales inválidas o sesión expirada)[39m
[33m[Nest] 7392  - [39m03/08/2026, 12:47:48 p. m. [33m   WARN[39m [38;5;3m[AllExceptionsFilter] [39m[33m[undefined] GET /api/notifications -> 401 (Credenciales inválidas o sesión expirada)[39m
[33m[Nest] 7392  - [39m03/08/2026, 12:47:48 p. m. [33m   WARN[39m [38;5;3m[AllExceptionsFilter] [39m[33m[undefined] GET /api/settings/tax-rate -> 404 (Cannot GET /api/settings/tax-rate)[39m
[33m[Nest] 7392  - [39m03/08/2026, 12:47:50 p. m. [33m   WARN[39m [38;5;3m[AllExceptionsFilter] [39m[33m[undefined] GET /api/notifications/stream -> 401 (Credenciales inválidas o sesión expirada)[39m
[33m[Nest] 7392  - [39m03/08/2026, 12:47:50 p. m. [33m   WARN[39m [38;5;3m[AllExceptionsFilter] [39m[33m[undefined] GET /api/notifications -> 401 (Credenciales inválidas o sesión expirada)[39m
[33m[Nest] 7392  - [39m03/08/2026, 12:47:50 p. m. [33m   WARN[39m [38;5;3m[AllExceptionsFilter] [39m[33m[undefined] GET /api/settings/tax-rate -> 404 (Cannot GET /api/settings/tax-rate)[39m
[33m[Nest] 7392  - [39m03/08/2026, 12:47:53 p. m. [33m   WARN[39m [38;5;3m[AllExceptionsFilter] [39m[33m[undefined] GET /api/notifications/stream -> 401 (Credenciales inválidas o sesión expirada)[39m
[33m[Nest] 7392  - [39m03/08/2026, 12:47:53 p. m. [33m   WARN[39m [38;5;3m[AllExceptionsFilter] [39m[33m[undefined] GET /api/notifications -> 401 (Credenciales inválidas o sesión expirada)[39m
[33m[Nest] 7392  - [39m03/08/2026, 12:47:53 p. m. [33m   WARN[39m [38;5;3m[AllExceptionsFilter] [39m[33m[undefined] GET /api/reports/dashboard -> 401 (Credenciales inválidas o sesión expirada)[39m
[33m[Nest] 7392  - [39m03/08/2026, 12:47:53 p. m. [33m   WARN[39m [38;5;3m[AllExceptionsFilter] [39m[33m[undefined] GET /api/health/modules -> 404 (Cannot GET /api/health/modules)[39m
[33m[Nest] 7392  - [39m03/08/2026, 12:47:55 p. m. [33m   WARN[39m [38;5;3m[AllExceptionsFilter] [39m[33m[undefined] GET /api/sales?page=1&pageSize=20 -> 401 (Credenciales inválidas o sesión expirada)[39m
[33m[Nest] 7392  - [39m03/08/2026, 12:47:56 p. m. [33m   WARN[39m [38;5;3m[AllExceptionsFilter] [39m[33m[undefined] GET /api/reports/low-stock -> 401 (Credenciales inválidas o sesión expirada)[39m
[33m[Nest] 7392  - [39m03/08/2026, 12:47:56 p. m. [33m   WARN[39m [38;5;3m[AllExceptionsFilter] [39m[33m[undefined] GET /api/products?page=1&pageSize=1000 -> 401 (Credenciales inválidas o sesión expirada)[39m
[33m[Nest] 7392  - [39m03/08/2026, 12:47:56 p. m. [33m   WARN[39m [38;5;3m[AllExceptionsFilter] [39m[33m[undefined] GET /api/notifications/stream -> 401 (Credenciales inválidas o sesión expirada)[39m
[33m[Nest] 7392  - [39m03/08/2026, 12:47:57 p. m. [33m   WARN[39m [38;5;3m[AllExceptionsFilter] [39m[33m[undefined] GET /api/sales?page=1&pageSize=20 -> 401 (Credenciales inválidas o sesión expirada)[39m
[33m[Nest] 7392  - [39m03/08/2026, 12:47:57 p. m. [33m   WARN[39m [38;5;3m[AllExceptionsFilter] [39m[33m[undefined] GET /api/customers?page=1&pageSize=20 -> 401 (Credenciales inválidas o sesión expirada)[39m
[33m[Nest] 7392  - [39m03/08/2026, 12:47:58 p. m. [33m   WARN[39m [38;5;3m[AllExceptionsFilter] [39m[33m[undefined] GET /api/suppliers?page=1&pageSize=20 -> 401 (Credenciales inválidas o sesión expirada)[39m
[33m[Nest] 7392  - [39m03/08/2026, 12:47:59 p. m. [33m   WARN[39m [38;5;3m[AllExceptionsFilter] [39m[33m[undefined] GET /api/purchases?page=1&pageSize=20 -> 401 (Credenciales inválidas o sesión expirada)[39m
[33m[Nest] 7392  - [39m03/08/2026, 12:47:59 p. m. [33m   WARN[39m [38;5;3m[AllExceptionsFilter] [39m[33m[undefined] GET /api/suppliers?page=1&pageSize=200 -> 401 (Credenciales inválidas o sesión expirada)[39m
[33m[Nest] 7392  - [39m03/08/2026, 12:47:59 p. m. [33m   WARN[39m [38;5;3m[AllExceptionsFilter] [39m[33m[undefined] GET /api/products?page=1&pageSize=200 -> 401 (Credenciales inválidas o sesión expirada)[39m
[33m[Nest] 7392  - [39m03/08/2026, 12:47:59 p. m. [33m   WARN[39m [38;5;3m[AllExceptionsFilter] [39m[33m[undefined] GET /api/notifications/stream -> 401 (Credenciales inválidas o sesión expirada)[39m
[33m[Nest] 7392  - [39m03/08/2026, 12:47:59 p. m. [33m   WARN[39m [38;5;3m[AllExceptionsFilter] [39m[33m[undefined] GET /api/suppliers?page=1&pageSize=20 -> 401 (Credenciales inválidas o sesión expirada)[39m
[33m[Nest] 7392  - [39m03/08/2026, 12:48:02 p. m. [33m   WARN[39m [38;5;3m[AllExceptionsFilter] [39m[33m[undefined] GET /api/notifications/stream -> 401 (Credenciales inválidas o sesión expirada)[39m
[33m[Nest] 7392  - [39m03/08/2026, 12:48:05 p. m. [33m   WARN[39m [38;5;3m[AllExceptionsFilter] [39m[33m[undefined] GET /api/notifications/stream -> 401 (Credenciales inválidas o sesión expirada)[39m
[33m[Nest] 7392  - [39m03/08/2026, 12:48:06 p. m. [33m   WARN[39m [38;5;3m[AllExceptionsFilter] [39m[33m[undefined] GET /api/purchases?page=1&pageSize=20 -> 401 (Credenciales inválidas o sesión expirada)[39m
[33m[Nest] 7392  - [39m03/08/2026, 12:48:06 p. m. [33m   WARN[39m [38;5;3m[AllExceptionsFilter] [39m[33m[undefined] GET /api/suppliers?page=1&pageSize=200 -> 401 (Credenciales inválidas o sesión expirada)[39m
[33m[Nest] 7392  - [39m03/08/2026, 12:48:06 p. m. [33m   WARN[39m [38;5;3m[AllExceptionsFilter] [39m[33m[undefined] GET /api/products?page=1&pageSize=200 -> 401 (Credenciales inválidas o sesión expirada)[39m
[33m[Nest] 7392  - [39m03/08/2026, 12:48:08 p. m. [33m   WARN[39m [38;5;3m[AllExceptionsFilter] [39m[33m[undefined] GET /api/notifications/stream -> 401 (Credenciales inválidas o sesión expirada)[39m
[33m[Nest] 7392  - [39m03/08/2026, 12:48:11 p. m. [33m   WARN[39m [38;5;3m[AllExceptionsFilter] [39m[33m[undefined] GET /api/notifications/stream -> 401 (Credenciales inválidas o sesión expirada)[39m
[33m[Nest] 7392  - [39m03/08/2026, 12:48:14 p. m. [33m   WARN[39m [38;5;3m[AllExceptionsFilter] [39m[33m[undefined] GET /api/notifications/stream -> 401 (Credenciales inválidas o sesión expirada)[39m
[33m[Nest] 7392  - [39m03/08/2026, 12:48:17 p. m. [33m   WARN[39m [38;5;3m[AllExceptionsFilter] [39m[33m[undefined] GET /api/notifications/stream -> 401 (Credenciales inválidas o sesión expirada)[39m
[33m[Nest] 7392  - [39m03/08/2026, 12:48:20 p. m. [33m   WARN[39m [38;5;3m[AllExceptionsFilter] [39m[33m[undefined] GET /api/notifications/stream -> 401 (Credenciales inválidas o sesión expirada)[39m
[33m[Nest] 7392  - [39m03/08/2026, 12:48:23 p. m. [33m   WARN[39m [38;5;3m[AllExceptionsFilter] [39m[33m[undefined] GET /api/notifications/stream -> 401 (Credenciales inválidas o sesión expirada)[39m
[33m[Nest] 7392  - [39m03/08/2026, 12:48:26 p. m. [33m   WARN[39m [38;5;3m[AllExceptionsFilter] [39m[33m[undefined] GET /api/notifications/stream -> 401 (Credenciales inválidas o sesión expirada)[39m
[33m[Nest] 7392  - [39m03/08/2026, 12:48:27 p. m. [33m   WARN[39m [38;5;3m[AllExceptionsFilter] [39m[33m[undefined] GET /api/suppliers?page=1&pageSize=20 -> 401 (Credenciales inválidas o sesión expirada)[39m
[33m[Nest] 7392  - [39m03/08/2026, 12:48:29 p. m. [33m   WARN[39m [38;5;3m[AllExceptionsFilter] [39m[33m[undefined] GET /api/notifications/stream -> 401 (Credenciales inválidas o sesión expirada)[39m
[33m[Nest] 7392  - [39m03/08/2026, 12:48:32 p. m. [33m   WARN[39m [38;5;3m[AllExceptionsFilter] [39m[33m[undefined] GET /api/notifications/stream -> 401 (Credenciales inválidas o sesión expirada)[39m
[33m[Nest] 7392  - [39m03/08/2026, 12:48:35 p. m. [33m   WARN[39m [38;5;3m[AllExceptionsFilter] [39m[33m[undefined] GET /api/notifications/stream -> 401 (Credenciales inválidas o sesión expirada)[39m
[33m[Nest] 7392  - [39m03/08/2026, 12:48:38 p. m. [33m   WARN[39m [38;5;3m[AllExceptionsFilter] [39m[33m[undefined] GET /api/notifications/stream -> 401 (Credenciales inválidas o sesión expirada)[39m
[33m[Nest] 7392  - [39m03/08/2026, 12:48:41 p. m. [33m   WARN[39m [38;5;3m[AllExceptionsFilter] [39m[33m[undefined] GET /api/notifications/stream -> 401 (Credenciales inválidas o sesión expirada)[39m
[33m[Nest] 7392  - [39m03/08/2026, 12:48:43 p. m. [33m   WARN[39m [38;5;3m[AllExceptionsFilter] [39m[33m[undefined] POST /api/suppliers -> 401 (Credenciales inválidas o sesión expirada)[39m
[33m[Nest] 7392  - [39m03/08/2026, 12:48:44 p. m. [33m   WARN[39m [38;5;3m[AllExceptionsFilter] [39m[33m[undefined] GET /api/notifications/stream -> 401 (Credenciales inválidas o sesión expirada)[39m
[33m[Nest] 7392  - [39m03/08/2026, 12:48:47 p. m. [33m   WARN[39m [38;5;3m[AllExceptionsFilter] [39m[33m[undefined] GET /api/notifications/stream -> 401 (Credenciales inválidas o sesión expirada)[39m
[33m[Nest] 7392  - [39m03/08/2026, 12:48:50 p. m. [33m   WARN[39m [38;5;3m[AllExceptionsFilter] [39m[33m[undefined] GET /api/notifications/stream -> 401 (Credenciales inválidas o sesión expirada)[39m
[33m[Nest] 7392  - [39m03/08/2026, 12:48:53 p. m. [33m   WARN[39m [38;5;3m[AllExceptionsFilter] [39m[33m[undefined] GET /api/notifications/stream -> 401 (Credenciales inválidas o sesión expirada)[39m
[33m[Nest] 7392  - [39m03/08/2026, 12:48:56 p. m. [33m   WARN[39m [38;5;3m[AllExceptionsFilter] [39m[33m[undefined] GET /api/notifications/stream -> 401 (Credenciales inválidas o sesión expirada)[39m
[33m[Nest] 7392  - [39m03/08/2026, 12:48:59 p. m. [33m   WARN[39m [38;5;3m[AllExceptionsFilter] [39m[33m[undefined] GET /api/notifications/stream -> 401 (Credenciales inválidas o sesión expirada)[39m
[33m[Nest] 7392  - [39m03/08/2026, 12:49:02 p. m. [33m   WARN[39m [38;5;3m[AllExceptionsFilter] [39m[33m[undefined] GET /api/purchases?page=1&pageSize=20 -> 401 (Credenciales inválidas o sesión expirada)[39m
[33m[Nest] 7392  - [39m03/08/2026, 12:49:02 p. m. [33m   WARN[39m [38;5;3m[AllExceptionsFilter] [39m[33m[undefined] GET /api/suppliers?page=1&pageSize=200 -> 401 (Credenciales inválidas o sesión expirada)[39m
[33m[Nest] 7392  - [39m03/08/2026, 12:49:02 p. m. [33m   WARN[39m [38;5;3m[AllExceptionsFilter] [39m[33m[undefined] GET /api/products?page=1&pageSize=200 -> 401 (Credenciales inválidas o sesión expirada)[39m
[33m[Nest] 7392  - [39m03/08/2026, 12:49:02 p. m. [33m   WARN[39m [38;5;3m[AllExceptionsFilter] [39m[33m[undefined] GET /api/notifications/stream -> 401 (Credenciales inválidas o sesión expirada)[39m
[33m[Nest] 7392  - [39m03/08/2026, 12:49:03 p. m. [33m   WARN[39m [38;5;3m[AllExceptionsFilter] [39m[33m[undefined] GET /api/cash-registers/mine -> 401 (Credenciales inválidas o sesión expirada)[39m
[33m[Nest] 7392  - [39m03/08/2026, 12:49:04 p. m. [33m   WARN[39m [38;5;3m[AllExceptionsFilter] [39m[33m[undefined] GET /api/accounting/accounts -> 401 (Credenciales inválidas o sesión expirada)[39m
[33m[Nest] 7392  - [39m03/08/2026, 12:49:04 p. m. [33m   WARN[39m [38;5;3m[AllExceptionsFilter] [39m[33m[undefined] GET /api/accounting/trial-balance -> 401 (Credenciales inválidas o sesión expirada)[39m
[33m[Nest] 7392  - [39m03/08/2026, 12:49:04 p. m. [33m   WARN[39m [38;5;3m[AllExceptionsFilter] [39m[33m[undefined] GET /api/accounting/entries?page=1&pageSize=10 -> 401 (Credenciales inválidas o sesión expirada)[39m
[33m[Nest] 7392  - [39m03/08/2026, 12:49:05 p. m. [33m   WARN[39m [38;5;3m[AllExceptionsFilter] [39m[33m[undefined] GET /api/notifications/stream -> 401 (Credenciales inválidas o sesión expirada)[39m
[33m[Nest] 7392  - [39m03/08/2026, 12:49:08 p. m. [33m   WARN[39m [38;5;3m[AllExceptionsFilter] [39m[33m[undefined] GET /api/notifications/stream -> 401 (Credenciales inválidas o sesión expirada)[39m
[33m[Nest] 7392  - [39m03/08/2026, 12:49:11 p. m. [33m   WARN[39m [38;5;3m[AllExceptionsFilter] [39m[33m[undefined] GET /api/notifications/stream -> 401 (Credenciales inválidas o sesión expirada)[39m
[33m[Nest] 7392  - [39m03/08/2026, 12:49:12 p. m. [33m   WARN[39m [38;5;3m[AllExceptionsFilter] [39m[33m[undefined] GET /api/banking/accounts -> 401 (Credenciales inválidas o sesión expirada)[39m
[33m[Nest] 7392  - [39m03/08/2026, 12:49:14 p. m. [33m   WARN[39m [38;5;3m[AllExceptionsFilter] [39m[33m[undefined] GET /api/notifications/stream -> 401 (Credenciales inválidas o sesión expirada)[39m
[33m[Nest] 7392  - [39m03/08/2026, 12:49:15 p. m. [33m   WARN[39m [38;5;3m[AllExceptionsFilter] [39m[33m[undefined] GET /api/employees?page=1&pageSize=20 -> 401 (Credenciales inválidas o sesión expirada)[39m
[33m[Nest] 7392  - [39m03/08/2026, 12:49:17 p. m. [33m   WARN[39m [38;5;3m[AllExceptionsFilter] [39m[33m[undefined] GET /api/documents?page=1&pageSize=20 -> 401 (Credenciales inválidas o sesión expirada)[39m
[33m[Nest] 7392  - [39m03/08/2026, 12:49:17 p. m. [33m   WARN[39m [38;5;3m[AllExceptionsFilter] [39m[33m[undefined] GET /api/employees?page=1&pageSize=20 -> 401 (Credenciales inválidas o sesión expirada)[39m
[33m[Nest] 7392  - [39m03/08/2026, 12:49:17 p. m. [33m   WARN[39m [38;5;3m[AllExceptionsFilter] [39m[33m[undefined] GET /api/notifications/stream -> 401 (Credenciales inválidas o sesión expirada)[39m
[33m[Nest] 7392  - [39m03/08/2026, 12:49:20 p. m. [33m   WARN[39m [38;5;3m[AllExceptionsFilter] [39m[33m[undefined] GET /api/notifications/stream -> 401 (Credenciales inválidas o sesión expirada)[39m
[33m[Nest] 7392  - [39m03/08/2026, 12:49:23 p. m. [33m   WARN[39m [38;5;3m[AllExceptionsFilter] [39m[33m[undefined] GET /api/notifications/stream -> 401 (Credenciales inválidas o sesión expirada)[39m
[33m[Nest] 7392  - [39m03/08/2026, 12:49:24 p. m. [33m   WARN[39m [38;5;3m[AllExceptionsFilter] [39m[33m[undefined] GET /api/documents?page=1&pageSize=20 -> 401 (Credenciales inválidas o sesión expirada)[39m
[33m[Nest] 7392  - [39m03/08/2026, 12:49:24 p. m. [33m   WARN[39m [38;5;3m[AllExceptionsFilter] [39m[33m[undefined] GET /api/audit?page=1&pageSize=20 -> 401 (Credenciales inválidas o sesión expirada)[39m
[33m[Nest] 7392  - [39m03/08/2026, 12:49:26 p. m. [33m   WARN[39m [38;5;3m[AllExceptionsFilter] [39m[33m[undefined] GET /api/notifications/stream -> 401 (Credenciales inválidas o sesión expirada)[39m
[33m[Nest] 7392  - [39m03/08/2026, 12:49:27 p. m. [33m   WARN[39m [38;5;3m[AllExceptionsFilter] [39m[33m[undefined] GET /api/reports/dashboard -> 401 (Credenciales inválidas o sesión expirada)[39m
[33m[Nest] 7392  - [39m03/08/2026, 12:49:27 p. m. [33m   WARN[39m [38;5;3m[AllExceptionsFilter] [39m[33m[undefined] GET /api/reports/low-stock?page=1&pageSize=50 -> 401 (Credenciales inválidas o sesión expirada)[39m
[33m[Nest] 7392  - [39m03/08/2026, 12:49:27 p. m. [33m   WARN[39m [38;5;3m[AllExceptionsFilter] [39m[33m[undefined] GET /api/reports/sales-by-day?from=2026-07-21&to=2026-08-03 -> 401 (Credenciales inválidas o sesión expirada)[39m
[33m[Nest] 7392  - [39m03/08/2026, 12:49:27 p. m. [33m   WARN[39m [38;5;3m[AllExceptionsFilter] [39m[33m[undefined] GET /api/settings -> 401 (Credenciales inválidas o sesión expirada)[39m
[33m[Nest] 7392  - [39m03/08/2026, 12:49:30 p. m. [33m   WARN[39m [38;5;3m[AllExceptionsFilter] [39m[33m[undefined] GET /api/notifications/stream -> 401 (Credenciales inválidas o sesión expirada)[39m
[33m[Nest] 7392  - [39m03/08/2026, 12:49:33 p. m. [33m   WARN[39m [38;5;3m[AllExceptionsFilter] [39m[33m[undefined] GET /api/notifications/stream -> 401 (Credenciales inválidas o sesión expirada)[39m
[33m[Nest] 7392  - [39m03/08/2026, 12:49:36 p. m. [33m   WARN[39m [38;5;3m[AllExceptionsFilter] [39m[33m[undefined] GET /api/notifications/stream -> 401 (Credenciales inválidas o sesión expirada)[39m
[33m[Nest] 7392  - [39m03/08/2026, 12:49:39 p. m. [33m   WARN[39m [38;5;3m[AllExceptionsFilter] [39m[33m[undefined] GET /api/notifications/stream -> 401 (Credenciales inválidas o sesión expirada)[39m
[33m[Nest] 7392  - [39m03/08/2026, 12:49:42 p. m. [33m   WARN[39m [38;5;3m[AllExceptionsFilter] [39m[33m[undefined] GET /api/notifications/stream -> 401 (Credenciales inválidas o sesión expirada)[39m
[33m[Nest] 7392  - [39m03/08/2026, 12:49:45 p. m. [33m   WARN[39m [38;5;3m[AllExceptionsFilter] [39m[33m[undefined] GET /api/notifications/stream -> 401 (Credenciales inválidas o sesión expirada)[39m
[33m[Nest] 7392  - [39m03/08/2026, 12:49:48 p. m. [33m   WARN[39m [38;5;3m[AllExceptionsFilter] [39m[33m[undefined] GET /api/notifications/stream -> 401 (Credenciales inválidas o sesión expirada)[39m
[33m[Nest] 7392  - [39m03/08/2026, 12:49:51 p. m. [33m   WARN[39m [38;5;3m[AllExceptionsFilter] [39m[33m[undefined] GET /api/notifications/stream -> 401 (Credenciales inválidas o sesión expirada)[39m
[33m[Nest] 7392  - [39m03/08/2026, 12:49:54 p. m. [33m   WARN[39m [38;5;3m[AllExceptionsFilter] [39m[33m[undefined] GET /api/notifications/stream -> 401 (Credenciales inválidas o sesión expirada)[39m
[33m[Nest] 7392  - [39m03/08/2026, 12:49:57 p. m. [33m   WARN[39m [38;5;3m[AllExceptionsFilter] [39m[33m[undefined] GET /api/notifications/stream -> 401 (Credenciales inválidas o sesión expirada)[39m
[33m[Nest] 7392  - [39m03/08/2026, 12:50:00 p. m. [33m   WARN[39m [38;5;3m[AllExceptionsFilter] [39m[33m[undefined] GET /api/notifications/stream -> 401 (Credenciales inválidas o sesión expirada)[39m
[33m[Nest] 7392  - [39m03/08/2026, 12:50:03 p. m. [33m   WARN[39m [38;5;3m[AllExceptionsFilter] [39m[33m[undefined] GET /api/notifications/stream -> 401 (Credenciales inválidas o sesión expirada)[39m
[33m[Nest] 7392  - [39m03/08/2026, 12:50:06 p. m. [33m   WARN[39m [38;5;3m[AllExceptionsFilter] [39m[33m[undefined] GET /api/notifications/stream -> 401 (Credenciales inválidas o sesión expirada)[39m
[33m[Nest] 7392  - [39m03/08/2026, 12:50:09 p. m. [33m   WARN[39m [38;5;3m[AllExceptionsFilter] [39m[33m[undefined] GET /api/notifications/stream -> 401 (Credenciales inválidas o sesión expirada)[39m
[33m[Nest] 7392  - [39m03/08/2026, 12:50:12 p. m. [33m   WARN[39m [38;5;3m[AllExceptionsFilter] [39m[33m[undefined] GET /api/notifications/stream -> 401 (Credenciales inválidas o sesión expirada)[39m
[33m[Nest] 7392  - [39m03/08/2026, 12:50:15 p. m. [33m   WARN[39m [38;5;3m[AllExceptionsFilter] [39m[33m[undefined] GET /api/notifications/stream -> 401 (Credenciales inválidas o sesión expirada)[39m
[33m[Nest] 7392  - [39m03/08/2026, 12:50:18 p. m. [33m   WARN[39m [38;5;3m[AllExceptionsFilter] [39m[33m[undefined] GET /api/notifications/stream -> 401 (Credenciales inválidas o sesión expirada)[39m
[33m[Nest] 7392  - [39m03/08/2026, 12:50:21 p. m. [33m   WARN[39m [38;5;3m[AllExceptionsFilter] [39m[33m[undefined] GET /api/notifications/stream -> 401 (Credenciales inválidas o sesión expirada)[39m
[33m[Nest] 7392  - [39m03/08/2026, 12:50:24 p. m. [33m   WARN[39m [38;5;3m[AllExceptionsFilter] [39m[33m[undefined] GET /api/notifications/stream -> 401 (Credenciales inválidas o sesión expirada)[39m
[33m[Nest] 7392  - [39m03/08/2026, 12:50:27 p. m. [33m   WARN[39m [38;5;3m[AllExceptionsFilter] [39m[33m[undefined] GET /api/notifications/stream -> 401 (Credenciales inválidas o sesión expirada)[39m
[33m[Nest] 7392  - [39m03/08/2026, 12:50:30 p. m. [33m   WARN[39m [38;5;3m[AllExceptionsFilter] [39m[33m[undefined] GET /api/notifications/stream -> 401 (Credenciales inválidas o sesión expirada)[39m
[33m[Nest] 7392  - [39m03/08/2026, 12:50:33 p. m. [33m   WARN[39m [38;5;3m[AllExceptionsFilter] [39m[33m[undefined] GET /api/notifications/stream -> 401 (Credenciales inválidas o sesión expirada)[39m
[33m[Nest] 7392  - [39m03/08/2026, 12:50:36 p. m. [33m   WARN[39m [38;5;3m[AllExceptionsFilter] [39m[33m[undefined] GET /api/products?page=1&pageSize=1000 -> 401 (Credenciales inválidas o sesión expirada)[39m
[33m[Nest] 7392  - [39m03/08/2026, 12:50:36 p. m. [33m   WARN[39m [38;5;3m[AllExceptionsFilter] [39m[33m[undefined] GET /api/reports/low-stock -> 401 (Credenciales inválidas o sesión expirada)[39m
[33m[Nest] 7392  - [39m03/08/2026, 12:50:36 p. m. [33m   WARN[39m [38;5;3m[AllExceptionsFilter] [39m[33m[undefined] GET /api/notifications/stream -> 401 (Credenciales inválidas o sesión expirada)[39m
[33m[Nest] 7392  - [39m03/08/2026, 12:50:36 p. m. [33m   WARN[39m [38;5;3m[AllExceptionsFilter] [39m[33m[undefined] GET /api/customers?page=1&pageSize=20 -> 401 (Credenciales inválidas o sesión expirada)[39m
[33m[Nest] 7392  - [39m03/08/2026, 12:50:37 p. m. [33m   WARN[39m [38;5;3m[AllExceptionsFilter] [39m[33m[undefined] GET /api/suppliers?page=1&pageSize=20 -> 401 (Credenciales inválidas o sesión expirada)[39m
[33m[Nest] 7392  - [39m03/08/2026, 12:50:38 p. m. [33m   WARN[39m [38;5;3m[AllExceptionsFilter] [39m[33m[undefined] GET /api/purchases?page=1&pageSize=20 -> 401 (Credenciales inválidas o sesión expirada)[39m
[33m[Nest] 7392  - [39m03/08/2026, 12:50:38 p. m. [33m   WARN[39m [38;5;3m[AllExceptionsFilter] [39m[33m[undefined] GET /api/suppliers?page=1&pageSize=200 -> 401 (Credenciales inválidas o sesión expirada)[39m
[33m[Nest] 7392  - [39m03/08/2026, 12:50:38 p. m. [33m   WARN[39m [38;5;3m[AllExceptionsFilter] [39m[33m[undefined] GET /api/products?page=1&pageSize=200 -> 401 (Credenciales inválidas o sesión expirada)[39m
[33m[Nest] 7392  - [39m03/08/2026, 12:50:38 p. m. [33m   WARN[39m [38;5;3m[AllExceptionsFilter] [39m[33m[undefined] GET /api/cash-registers/mine -> 401 (Credenciales inválidas o sesión expirada)[39m
[33m[Nest] 7392  - [39m03/08/2026, 12:50:39 p. m. [33m   WARN[39m [38;5;3m[AllExceptionsFilter] [39m[33m[undefined] GET /api/notifications/stream -> 401 (Credenciales inválidas o sesión expirada)[39m
[33m[Nest] 7392  - [39m03/08/2026, 12:50:39 p. m. [33m   WARN[39m [38;5;3m[AllExceptionsFilter] [39m[33m[undefined] GET /api/accounting/accounts -> 401 (Credenciales inválidas o sesión expirada)[39m
[33m[Nest] 7392  - [39m03/08/2026, 12:50:39 p. m. [33m   WARN[39m [38;5;3m[AllExceptionsFilter] [39m[33m[undefined] GET /api/accounting/trial-balance -> 401 (Credenciales inválidas o sesión expirada)[39m
[33m[Nest] 7392  - [39m03/08/2026, 12:50:39 p. m. [33m   WARN[39m [38;5;3m[AllExceptionsFilter] [39m[33m[undefined] GET /api/accounting/entries?page=1&pageSize=10 -> 401 (Credenciales inválidas o sesión expirada)[39m
[33m[Nest] 7392  - [39m03/08/2026, 12:50:40 p. m. [33m   WARN[39m [38;5;3m[AllExceptionsFilter] [39m[33m[undefined] GET /api/banking/accounts -> 401 (Credenciales inválidas o sesión expirada)[39m
[33m[Nest] 7392  - [39m03/08/2026, 12:50:42 p. m. [33m   WARN[39m [38;5;3m[AllExceptionsFilter] [39m[33m[undefined] GET /api/notifications/stream -> 401 (Credenciales inválidas o sesión expirada)[39m
[33m[Nest] 7392  - [39m03/08/2026, 12:50:45 p. m. [33m   WARN[39m [38;5;3m[AllExceptionsFilter] [39m[33m[undefined] GET /api/notifications/stream -> 401 (Credenciales inválidas o sesión expirada)[39m
[33m[Nest] 7392  - [39m03/08/2026, 12:50:48 p. m. [33m   WARN[39m [38;5;3m[AllExceptionsFilter] [39m[33m[undefined] GET /api/notifications/stream -> 401 (Credenciales inválidas o sesión expirada)[39m
[33m[Nest] 7392  - [39m03/08/2026, 12:50:51 p. m. [33m   WARN[39m [38;5;3m[AllExceptionsFilter] [39m[33m[undefined] GET /api/notifications/stream -> 401 (Credenciales inválidas o sesión expirada)[39m
[33m[Nest] 7392  - [39m03/08/2026, 12:50:54 p. m. [33m   WARN[39m [38;5;3m[AllExceptionsFilter] [39m[33m[undefined] GET /api/notifications/stream -> 401 (Credenciales inválidas o sesión expirada)[39m
[33m[Nest] 7392  - [39m03/08/2026, 12:50:57 p. m. [33m   WARN[39m [38;5;3m[AllExceptionsFilter] [39m[33m[undefined] GET /api/notifications/stream -> 401 (Credenciales inválidas o sesión expirada)[39m
[33m[Nest] 7392  - [39m03/08/2026, 12:51:00 p. m. [33m   WARN[39m [38;5;3m[AllExceptionsFilter] [39m[33m[undefined] GET /api/notifications/stream -> 401 (Credenciales inválidas o sesión expirada)[39m
[33m[Nest] 7392  - [39m03/08/2026, 12:51:03 p. m. [33m   WARN[39m [38;5;3m[AllExceptionsFilter] [39m[33m[undefined] GET /api/notifications/stream -> 401 (Credenciales inválidas o sesión expirada)[39m
[33m[Nest] 7392  - [39m03/08/2026, 12:51:06 p. m. [33m   WARN[39m [38;5;3m[AllExceptionsFilter] [39m[33m[undefined] GET /api/notifications/stream -> 401 (Credenciales inválidas o sesión expirada)[39m
[33m[Nest] 7392  - [39m03/08/2026, 12:51:09 p. m. [33m   WARN[39m [38;5;3m[AllExceptionsFilter] [39m[33m[undefined] GET /api/notifications/stream -> 401 (Credenciales inválidas o sesión expirada)[39m
[33m[Nest] 7392  - [39m03/08/2026, 12:51:12 p. m. [33m   WARN[39m [38;5;3m[AllExceptionsFilter] [39m[33m[undefined] GET /api/notifications/stream -> 401 (Credenciales inválidas o sesión expirada)[39m
[33m[Nest] 7392  - [39m03/08/2026, 12:51:15 p. m. [33m   WARN[39m [38;5;3m[AllExceptionsFilter] [39m[33m[undefined] GET /api/notifications/stream -> 401 (Credenciales inválidas o sesión expirada)[39m
[33m[Nest] 7392  - [39m03/08/2026, 12:51:18 p. m. [33m   WARN[39m [38;5;3m[AllExceptionsFilter] [39m[33m[undefined] GET /api/notifications/stream -> 401 (Credenciales inválidas o sesión expirada)[39m
[33m[Nest] 7392  - [39m03/08/2026, 12:51:21 p. m. [33m   WARN[39m [38;5;3m[AllExceptionsFilter] [39m[33m[undefined] GET /api/notifications/stream -> 401 (Credenciales inválidas o sesión expirada)[39m
[33m[Nest] 7392  - [39m03/08/2026, 12:51:24 p. m. [33m   WARN[39m [38;5;3m[AllExceptionsFilter] [39m[33m[undefined] GET /api/notifications/stream -> 401 (Credenciales inválidas o sesión expirada)[39m
[33m[Nest] 7392  - [39m03/08/2026, 12:51:24 p. m. [33m   WARN[39m [38;5;3m[AllExceptionsFilter] [39m[33m[undefined] GET /api/reports/dashboard -> 401 (Credenciales inválidas o sesión expirada)[39m
[33m[Nest] 7392  - [39m03/08/2026, 12:51:24 p. m. [33m   WARN[39m [38;5;3m[AllExceptionsFilter] [39m[33m[undefined] GET /api/health/modules -> 404 (Cannot GET /api/health/modules)[39m
[33m[Nest] 7392  - [39m03/08/2026, 12:51:27 p. m. [33m   WARN[39m [38;5;3m[AllExceptionsFilter] [39m[33m[undefined] POST /api/notifications/read-all -> 401 (Credenciales inválidas o sesión expirada)[39m
[33m[Nest] 7392  - [39m03/08/2026, 12:51:27 p. m. [33m   WARN[39m [38;5;3m[AllExceptionsFilter] [39m[33m[undefined] GET /api/notifications/stream -> 401 (Credenciales inválidas o sesión expirada)[39m
[33m[Nest] 7392  - [39m03/08/2026, 12:51:30 p. m. [33m   WARN[39m [38;5;3m[AllExceptionsFilter] [39m[33m[undefined] GET /api/notifications/stream -> 401 (Credenciales inválidas o sesión expirada)[39m
[33m[Nest] 7392  - [39m03/08/2026, 12:51:33 p. m. [33m   WARN[39m [38;5;3m[AllExceptionsFilter] [39m[33m[undefined] GET /api/notifications/stream -> 401 (Credenciales inválidas o sesión expirada)[39m
[33m[Nest] 7392  - [39m03/08/2026, 12:51:36 p. m. [33m   WARN[39m [38;5;3m[AllExceptionsFilter] [39m[33m[undefined] GET /api/notifications/stream -> 401 (Credenciales inválidas o sesión expirada)[39m
[33m[Nest] 7392  - [39m03/08/2026, 12:51:39 p. m. [33m   WARN[39m [38;5;3m[AllExceptionsFilter] [39m[33m[undefined] GET /api/notifications/stream -> 401 (Credenciales inválidas o sesión expirada)[39m
[33m[Nest] 7392  - [39m03/08/2026, 12:51:42 p. m. [33m   WARN[39m [38;5;3m[AllExceptionsFilter] [39m[33m[undefined] GET /api/notifications/stream -> 401 (Credenciales inválidas o sesión expirada)[39m
[33m[Nest] 7392  - [39m03/08/2026, 12:51:45 p. m. [33m   WARN[39m [38;5;3m[AllExceptionsFilter] [39m[33m[undefined] GET /api/notifications/stream -> 401 (Credenciales inválidas o sesión expirada)[39m
[33m[Nest] 7392  - [39m03/08/2026, 12:51:48 p. m. [33m   WARN[39m [38;5;3m[AllExceptionsFilter] [39m[33m[undefined] GET /api/notifications/stream -> 401 (Credenciales inválidas o sesión expirada)[39m
[33m[Nest] 7392  - [39m03/08/2026, 12:51:51 p. m. [33m   WARN[39m [38;5;3m[AllExceptionsFilter] [39m[33m[undefined] GET /api/settings/tax-rate -> 404 (Cannot GET /api/settings/tax-rate)[39m
[33m[Nest] 7392  - [39m03/08/2026, 12:51:51 p. m. [33m   WARN[39m [38;5;3m[AllExceptionsFilter] [39m[33m[undefined] GET /api/notifications/stream -> 401 (Credenciales inválidas o sesión expirada)[39m
[33m[Nest] 7392  - [39m03/08/2026, 12:51:52 p. m. [33m   WARN[39m [38;5;3m[AllExceptionsFilter] [39m[33m[undefined] POST /api/notifications/read-all -> 401 (Credenciales inválidas o sesión expirada)[39m
[33m[Nest] 7392  - [39m03/08/2026, 12:51:54 p. m. [33m   WARN[39m [38;5;3m[AllExceptionsFilter] [39m[33m[undefined] GET /api/notifications/stream -> 401 (Credenciales inválidas o sesión expirada)[39m
[33m[Nest] 7392  - [39m03/08/2026, 12:51:57 p. m. [33m   WARN[39m [38;5;3m[AllExceptionsFilter] [39m[33m[undefined] GET /api/notifications/stream -> 401 (Credenciales inválidas o sesión expirada)[39m
[33m[Nest] 7392  - [39m03/08/2026, 12:52:00 p. m. [33m   WARN[39m [38;5;3m[AllExceptionsFilter] [39m[33m[undefined] GET /api/notifications/stream -> 401 (Credenciales inválidas o sesión expirada)[39m
[33m[Nest] 7392  - [39m03/08/2026, 12:52:03 p. m. [33m   WARN[39m [38;5;3m[AllExceptionsFilter] [39m[33m[undefined] GET /api/notifications/stream -> 401 (Credenciales inválidas o sesión expirada)[39m
[33m[Nest] 7392  - [39m03/08/2026, 12:52:06 p. m. [33m   WARN[39m [38;5;3m[AllExceptionsFilter] [39m[33m[undefined] GET /api/notifications/stream -> 401 (Credenciales inválidas o sesión expirada)[39m
[33m[Nest] 7392  - [39m03/08/2026, 12:52:09 p. m. [33m   WARN[39m [38;5;3m[AllExceptionsFilter] [39m[33m[undefined] GET /api/notifications/stream -> 401 (Credenciales inválidas o sesión expirada)[39m
[33m[Nest] 7392  - [39m03/08/2026, 12:52:11 p. m. [33m   WARN[39m [38;5;3m[AllExceptionsFilter] [39m[33m[undefined] GET /api/products?page=1&pageSize=20 -> 401 (Credenciales inválidas o sesión expirada)[39m
[33m[Nest] 7392  - [39m03/08/2026, 12:52:12 p. m. [33m   WARN[39m [38;5;3m[AllExceptionsFilter] [39m[33m[undefined] GET /api/notifications/stream -> 401 (Credenciales inválidas o sesión expirada)[39m
[33m[Nest] 7392  - [39m03/08/2026, 12:52:15 p. m. [33m   WARN[39m [38;5;3m[AllExceptionsFilter] [39m[33m[undefined] GET /api/notifications/stream -> 401 (Credenciales inválidas o sesión expirada)[39m
[33m[Nest] 7392  - [39m03/08/2026, 12:52:18 p. m. [33m   WARN[39m [38;5;3m[AllExceptionsFilter] [39m[33m[undefined] GET /api/notifications/stream -> 401 (Credenciales inválidas o sesión expirada)[39m
[33m[Nest] 7392  - [39m03/08/2026, 12:52:20 p. m. [33m   WARN[39m [38;5;3m[AllExceptionsFilter] [39m[33m[undefined] GET /api/reports/low-stock -> 401 (Credenciales inválidas o sesión expirada)[39m
[33m[Nest] 7392  - [39m03/08/2026, 12:52:20 p. m. [33m   WARN[39m [38;5;3m[AllExceptionsFilter] [39m[33m[undefined] GET /api/products?page=1&pageSize=1000 -> 401 (Credenciales inválidas o sesión expirada)[39m
[33m[Nest] 7392  - [39m03/08/2026, 12:52:22 p. m. [33m   WARN[39m [38;5;3m[AllExceptionsFilter] [39m[33m[undefined] GET /api/notifications/stream -> 401 (Credenciales inválidas o sesión expirada)[39m
[33m[Nest] 7392  - [39m03/08/2026, 12:52:25 p. m. [33m   WARN[39m [38;5;3m[AllExceptionsFilter] [39m[33m[undefined] GET /api/notifications/stream -> 401 (Credenciales inválidas o sesión expirada)[39m
[33m[Nest] 7392  - [39m03/08/2026, 12:52:25 p. m. [33m   WARN[39m [38;5;3m[AllExceptionsFilter] [39m[33m[undefined] GET /api/sales?page=1&pageSize=20 -> 401 (Credenciales inválidas o sesión expirada)[39m
[33m[Nest] 7392  - [39m03/08/2026, 12:52:27 p. m. [33m   WARN[39m [38;5;3m[AllExceptionsFilter] [39m[33m[undefined] GET /api/sales?page=1&pageSize=20 -> 401 (Credenciales inválidas o sesión expirada)[39m
[33m[Nest] 7392  - [39m03/08/2026, 12:52:28 p. m. [33m   WARN[39m [38;5;3m[AllExceptionsFilter] [39m[33m[undefined] GET /api/notifications/stream -> 401 (Credenciales inválidas o sesión expirada)[39m
[33m[Nest] 7392  - [39m03/08/2026, 12:52:31 p. m. [33m   WARN[39m [38;5;3m[AllExceptionsFilter] [39m[33m[undefined] GET /api/notifications/stream -> 401 (Credenciales inválidas o sesión expirada)[39m
[33m[Nest] 7392  - [39m03/08/2026, 12:52:34 p. m. [33m   WARN[39m [38;5;3m[AllExceptionsFilter] [39m[33m[undefined] GET /api/notifications/stream -> 401 (Credenciales inválidas o sesión expirada)[39m
[33m[Nest] 7392  - [39m03/08/2026, 12:52:35 p. m. [33m   WARN[39m [38;5;3m[AllExceptionsFilter] [39m[33m[undefined] GET /api/customers?page=1&pageSize=20 -> 401 (Credenciales inválidas o sesión expirada)[39m
[33m[Nest] 7392  - [39m03/08/2026, 12:52:37 p. m. [33m   WARN[39m [38;5;3m[AllExceptionsFilter] [39m[33m[undefined] GET /api/notifications/stream -> 401 (Credenciales inválidas o sesión expirada)[39m
[33m[Nest] 7392  - [39m03/08/2026, 12:52:40 p. m. [33m   WARN[39m [38;5;3m[AllExceptionsFilter] [39m[33m[undefined] GET /api/notifications/stream -> 401 (Credenciales inválidas o sesión expirada)[39m
[33m[Nest] 7392  - [39m03/08/2026, 12:52:43 p. m. [33m   WARN[39m [38;5;3m[AllExceptionsFilter] [39m[33m[undefined] GET /api/notifications/stream -> 401 (Credenciales inválidas o sesión expirada)[39m
[33m[Nest] 7392  - [39m03/08/2026, 12:52:46 p. m. [33m   WARN[39m [38;5;3m[AllExceptionsFilter] [39m[33m[undefined] GET /api/notifications/stream -> 401 (Credenciales inválidas o sesión expirada)[39m
[33m[Nest] 7392  - [39m03/08/2026, 12:52:49 p. m. [33m   WARN[39m [38;5;3m[AllExceptionsFilter] [39m[33m[undefined] GET /api/notifications/stream -> 401 (Credenciales inválidas o sesión expirada)[39m
[33m[Nest] 7392  - [39m03/08/2026, 12:52:52 p. m. [33m   WARN[39m [38;5;3m[AllExceptionsFilter] [39m[33m[undefined] GET /api/notifications/stream -> 401 (Credenciales inválidas o sesión expirada)[39m
[33m[Nest] 7392  - [39m03/08/2026, 12:52:55 p. m. [33m   WARN[39m [38;5;3m[AllExceptionsFilter] [39m[33m[undefined] GET /api/notifications/stream -> 401 (Credenciales inválidas o sesión expirada)[39m
[33m[Nest] 7392  - [39m03/08/2026, 12:52:58 p. m. [33m   WARN[39m [38;5;3m[AllExceptionsFilter] [39m[33m[undefined] GET /api/notifications/stream -> 401 (Credenciales inválidas o sesión expirada)[39m
[33m[Nest] 7392  - [39m03/08/2026, 12:53:01 p. m. [33m   WARN[39m [38;5;3m[AllExceptionsFilter] [39m[33m[undefined] GET /api/notifications/stream -> 401 (Credenciales inválidas o sesión expirada)[39m
[33m[Nest] 7392  - [39m03/08/2026, 12:53:04 p. m. [33m   WARN[39m [38;5;3m[AllExceptionsFilter] [39m[33m[undefined] GET /api/notifications/stream -> 401 (Credenciales inválidas o sesión expirada)[39m
[33m[Nest] 7392  - [39m03/08/2026, 12:53:07 p. m. [33m   WARN[39m [38;5;3m[AllExceptionsFilter] [39m[33m[undefined] GET /api/notifications/stream -> 401 (Credenciales inválidas o sesión expirada)[39m
[33m[Nest] 7392  - [39m03/08/2026, 12:53:10 p. m. [33m   WARN[39m [38;5;3m[AllExceptionsFilter] [39m[33m[undefined] GET /api/notifications/stream -> 401 (Credenciales inválidas o sesión expirada)[39m
[33m[Nest] 7392  - [39m03/08/2026, 12:53:13 p. m. [33m   WARN[39m [38;5;3m[AllExceptionsFilter] [39m[33m[undefined] GET /api/notifications/stream -> 401 (Credenciales inválidas o sesión expirada)[39m
[33m[Nest] 7392  - [39m03/08/2026, 12:53:16 p. m. [33m   WARN[39m [38;5;3m[AllExceptionsFilter] [39m[33m[undefined] GET /api/notifications/stream -> 401 (Credenciales inválidas o sesión expirada)[39m
[33m[Nest] 7392  - [39m03/08/2026, 12:53:18 p. m. [33m   WARN[39m [38;5;3m[AllExceptionsFilter] [39m[33m[undefined] GET /api/settings/tax-rate -> 404 (Cannot GET /api/settings/tax-rate)[39m
[33m[Nest] 7392  - [39m03/08/2026, 12:53:19 p. m. [33m   WARN[39m [38;5;3m[AllExceptionsFilter] [39m[33m[undefined] GET /api/products?page=1&pageSize=20 -> 401 (Credenciales inválidas o sesión expirada)[39m
[33m[Nest] 7392  - [39m03/08/2026, 12:53:19 p. m. [33m   WARN[39m [38;5;3m[AllExceptionsFilter] [39m[33m[undefined] GET /api/notifications/stream -> 401 (Credenciales inválidas o sesión expirada)[39m
[33m[Nest] 7392  - [39m03/08/2026, 12:53:19 p. m. [33m   WARN[39m [38;5;3m[AllExceptionsFilter] [39m[33m[undefined] GET /api/reports/low-stock -> 401 (Credenciales inválidas o sesión expirada)[39m
[33m[Nest] 7392  - [39m03/08/2026, 12:53:19 p. m. [33m   WARN[39m [38;5;3m[AllExceptionsFilter] [39m[33m[undefined] GET /api/products?page=1&pageSize=1000 -> 401 (Credenciales inválidas o sesión expirada)[39m
[33m[Nest] 7392  - [39m03/08/2026, 12:53:20 p. m. [33m   WARN[39m [38;5;3m[AllExceptionsFilter] [39m[33m[undefined] GET /api/sales?page=1&pageSize=20 -> 401 (Credenciales inválidas o sesión expirada)[39m
[33m[Nest] 7392  - [39m03/08/2026, 12:53:21 p. m. [33m   WARN[39m [38;5;3m[AllExceptionsFilter] [39m[33m[undefined] GET /api/customers?page=1&pageSize=20 -> 401 (Credenciales inválidas o sesión expirada)[39m
[33m[Nest] 7392  - [39m03/08/2026, 12:53:22 p. m. [33m   WARN[39m [38;5;3m[AllExceptionsFilter] [39m[33m[undefined] GET /api/notifications/stream -> 401 (Credenciales inválidas o sesión expirada)[39m
[33m[Nest] 7392  - [39m03/08/2026, 12:53:24 p. m. [33m   WARN[39m [38;5;3m[AllExceptionsFilter] [39m[33m[undefined] GET /api/cash-registers/mine -> 401 (Credenciales inválidas o sesión expirada)[39m
[33m[Nest] 7392  - [39m03/08/2026, 12:53:25 p. m. [33m   WARN[39m [38;5;3m[AllExceptionsFilter] [39m[33m[undefined] GET /api/accounting/accounts -> 401 (Credenciales inválidas o sesión expirada)[39m
[33m[Nest] 7392  - [39m03/08/2026, 12:53:25 p. m. [33m   WARN[39m [38;5;3m[AllExceptionsFilter] [39m[33m[undefined] GET /api/accounting/trial-balance -> 401 (Credenciales inválidas o sesión expirada)[39m
[33m[Nest] 7392  - [39m03/08/2026, 12:53:25 p. m. [33m   WARN[39m [38;5;3m[AllExceptionsFilter] [39m[33m[undefined] GET /api/accounting/entries?page=1&pageSize=10 -> 401 (Credenciales inválidas o sesión expirada)[39m
[33m[Nest] 7392  - [39m03/08/2026, 12:53:25 p. m. [33m   WARN[39m [38;5;3m[AllExceptionsFilter] [39m[33m[undefined] GET /api/notifications/stream -> 401 (Credenciales inválidas o sesión expirada)[39m
[33m[Nest] 7392  - [39m03/08/2026, 12:53:26 p. m. [33m   WARN[39m [38;5;3m[AllExceptionsFilter] [39m[33m[undefined] GET /api/banking/accounts -> 401 (Credenciales inválidas o sesión expirada)[39m
[33m[Nest] 7392  - [39m03/08/2026, 12:53:27 p. m. [33m   WARN[39m [38;5;3m[AllExceptionsFilter] [39m[33m[undefined] GET /api/documents?page=1&pageSize=20 -> 401 (Credenciales inválidas o sesión expirada)[39m
[33m[Nest] 7392  - [39m03/08/2026, 12:53:27 p. m. [33m   WARN[39m [38;5;3m[AllExceptionsFilter] [39m[33m[undefined] GET /api/employees?page=1&pageSize=20 -> 401 (Credenciales inválidas o sesión expirada)[39m
[33m[Nest] 7392  - [39m03/08/2026, 12:53:28 p. m. [33m   WARN[39m [38;5;3m[AllExceptionsFilter] [39m[33m[undefined] GET /api/notifications/stream -> 401 (Credenciales inválidas o sesión expirada)[39m
[33m[Nest] 7392  - [39m03/08/2026, 12:53:28 p. m. [33m   WARN[39m [38;5;3m[AllExceptionsFilter] [39m[33m[undefined] GET /api/documents?page=1&pageSize=20 -> 401 (Credenciales inválidas o sesión expirada)[39m
[33m[Nest] 7392  - [39m03/08/2026, 12:53:29 p. m. [33m   WARN[39m [38;5;3m[AllExceptionsFilter] [39m[33m[undefined] GET /api/audit?page=1&pageSize=20 -> 401 (Credenciales inválidas o sesión expirada)[39m
[33m[Nest] 7392  - [39m03/08/2026, 12:53:30 p. m. [33m   WARN[39m [38;5;3m[AllExceptionsFilter] [39m[33m[undefined] GET /api/reports/low-stock?page=1&pageSize=50 -> 401 (Credenciales inválidas o sesión expirada)[39m
[33m[Nest] 7392  - [39m03/08/2026, 12:53:30 p. m. [33m   WARN[39m [38;5;3m[AllExceptionsFilter] [39m[33m[undefined] GET /api/reports/dashboard -> 401 (Credenciales inválidas o sesión expirada)[39m
[33m[Nest] 7392  - [39m03/08/2026, 12:53:30 p. m. [33m   WARN[39m [38;5;3m[AllExceptionsFilter] [39m[33m[undefined] GET /api/reports/sales-by-day?from=2026-07-21&to=2026-08-03 -> 401 (Credenciales inválidas o sesión expirada)[39m
[33m[Nest] 7392  - [39m03/08/2026, 12:53:31 p. m. [33m   WARN[39m [38;5;3m[AllExceptionsFilter] [39m[33m[undefined] GET /api/notifications/stream -> 401 (Credenciales inválidas o sesión expirada)[39m
[33m[Nest] 7392  - [39m03/08/2026, 12:53:34 p. m. [33m   WARN[39m [38;5;3m[AllExceptionsFilter] [39m[33m[undefined] GET /api/notifications/stream -> 401 (Credenciales inválidas o sesión expirada)[39m
[33m[Nest] 7392  - [39m03/08/2026, 12:53:37 p. m. [33m   WARN[39m [38;5;3m[AllExceptionsFilter] [39m[33m[undefined] GET /api/notifications/stream -> 401 (Credenciales inválidas o sesión expirada)[39m
[33m[Nest] 7392  - [39m03/08/2026, 12:53:40 p. m. [33m   WARN[39m [38;5;3m[AllExceptionsFilter] [39m[33m[undefined] GET /api/notifications/stream -> 401 (Credenciales inválidas o sesión expirada)[39m
[33m[Nest] 7392  - [39m03/08/2026, 12:53:43 p. m. [33m   WARN[39m [38;5;3m[AllExceptionsFilter] [39m[33m[undefined] GET /api/notifications/stream -> 401 (Credenciales inválidas o sesión expirada)[39m
[33m[Nest] 7392  - [39m03/08/2026, 12:53:46 p. m. [33m   WARN[39m [38;5;3m[AllExceptionsFilter] [39m[33m[undefined] GET /api/notifications/stream -> 401 (Credenciales inválidas o sesión expirada)[39m
[33m[Nest] 7392  - [39m03/08/2026, 12:53:49 p. m. [33m   WARN[39m [38;5;3m[AllExceptionsFilter] [39m[33m[undefined] GET /api/notifications/stream -> 401 (Credenciales inválidas o sesión expirada)[39m
[33m[Nest] 7392  - [39m03/08/2026, 12:53:52 p. m. [33m   WARN[39m [38;5;3m[AllExceptionsFilter] [39m[33m[undefined] GET /api/notifications/stream -> 401 (Credenciales inválidas o sesión expirada)[39m
[33m[Nest] 7392  - [39m03/08/2026, 12:53:55 p. m. [33m   WARN[39m [38;5;3m[AllExceptionsFilter] [39m[33m[undefined] GET /api/notifications/stream -> 401 (Credenciales inválidas o sesión expirada)[39m
[33m[Nest] 7392  - [39m03/08/2026, 12:53:58 p. m. [33m   WARN[39m [38;5;3m[AllExceptionsFilter] [39m[33m[undefined] GET /api/notifications/stream -> 401 (Credenciales inválidas o sesión expirada)[39m
[33m[Nest] 7392  - [39m03/08/2026, 12:54:01 p. m. [33m   WARN[39m [38;5;3m[AllExceptionsFilter] [39m[33m[undefined] GET /api/notifications/stream -> 401 (Credenciales inválidas o sesión expirada)[39m
[33m[Nest] 7392  - [39m03/08/2026, 12:54:04 p. m. [33m   WARN[39m [38;5;3m[AllExceptionsFilter] [39m[33m[undefined] GET /api/notifications/stream -> 401 (Credenciales inválidas o sesión expirada)[39m
[33m[Nest] 7392  - [39m03/08/2026, 12:54:07 p. m. [33m   WARN[39m [38;5;3m[AllExceptionsFilter] [39m[33m[undefined] GET /api/notifications/stream -> 401 (Credenciales inválidas o sesión expirada)[39m
[33m[Nest] 7392  - [39m03/08/2026, 12:54:10 p. m. [33m   WARN[39m [38;5;3m[AllExceptionsFilter] [39m[33m[undefined] GET /api/notifications/stream -> 401 (Credenciales inválidas o sesión expirada)[39m
[33m[Nest] 7392  - [39m03/08/2026, 12:54:13 p. m. [33m   WARN[39m [38;5;3m[AllExceptionsFilter] [39m[33m[undefined] GET /api/notifications/stream -> 401 (Credenciales inválidas o sesión expirada)[39m
[33m[Nest] 7392  - [39m03/08/2026, 12:54:16 p. m. [33m   WARN[39m [38;5;3m[AllExceptionsFilter] [39m[33m[undefined] GET /api/notifications/stream -> 401 (Credenciales inválidas o sesión expirada)[39m
[33m[Nest] 7392  - [39m03/08/2026, 12:54:19 p. m. [33m   WARN[39m [38;5;3m[AllExceptionsFilter] [39m[33m[undefined] GET /api/notifications/stream -> 401 (Credenciales inválidas o sesión expirada)[39m
[33m[Nest] 7392  - [39m03/08/2026, 12:54:22 p. m. [33m   WARN[39m [38;5;3m[AllExceptionsFilter] [39m[33m[undefined] GET /api/notifications/stream -> 401 (Credenciales inválidas o sesión expirada)[39m
[33m[Nest] 7392  - [39m03/08/2026, 12:54:25 p. m. [33m   WARN[39m [38;5;3m[AllExceptionsFilter] [39m[33m[undefined] GET /api/notifications/stream -> 401 (Credenciales inválidas o sesión expirada)[39m
[33m[Nest] 7392  - [39m03/08/2026, 12:54:28 p. m. [33m   WARN[39m [38;5;3m[AllExceptionsFilter] [39m[33m[undefined] GET /api/notifications/stream -> 401 (Credenciales inválidas o sesión expirada)[39m
[33m[Nest] 7392  - [39m03/08/2026, 12:54:32 p. m. [33m   WARN[39m [38;5;3m[AllExceptionsFilter] [39m[33m[undefined] GET /api/notifications/stream -> 401 (Credenciales inválidas o sesión expirada)[39m
[33m[Nest] 7392  - [39m03/08/2026, 12:54:35 p. m. [33m   WARN[39m [38;5;3m[AllExceptionsFilter] [39m[33m[undefined] GET /api/notifications/stream -> 401 (Credenciales inválidas o sesión expirada)[39m
[33m[Nest] 7392  - [39m03/08/2026, 12:54:37 p. m. [33m   WARN[39m [38;5;3m[AllExceptionsFilter] [39m[33m[undefined] GET /api/cash-registers/mine -> 401 (Credenciales inválidas o sesión expirada)[39m
[33m[Nest] 7392  - [39m03/08/2026, 12:54:38 p. m. [33m   WARN[39m [38;5;3m[AllExceptionsFilter] [39m[33m[undefined] GET /api/notifications/stream -> 401 (Credenciales inválidas o sesión expirada)[39m
[33m[Nest] 7392  - [39m03/08/2026, 12:54:38 p. m. [33m   WARN[39m [38;5;3m[AllExceptionsFilter] [39m[33m[undefined] GET /api/accounting/accounts -> 401 (Credenciales inválidas o sesión expirada)[39m
[33m[Nest] 7392  - [39m03/08/2026, 12:54:38 p. m. [33m   WARN[39m [38;5;3m[AllExceptionsFilter] [39m[33m[undefined] GET /api/accounting/trial-balance -> 401 (Credenciales inválidas o sesión expirada)[39m
[33m[Nest] 7392  - [39m03/08/2026, 12:54:38 p. m. [33m   WARN[39m [38;5;3m[AllExceptionsFilter] [39m[33m[undefined] GET /api/accounting/entries?page=1&pageSize=10 -> 401 (Credenciales inválidas o sesión expirada)[39m
[33m[Nest] 7392  - [39m03/08/2026, 12:54:39 p. m. [33m   WARN[39m [38;5;3m[AllExceptionsFilter] [39m[33m[undefined] GET /api/banking/accounts -> 401 (Credenciales inválidas o sesión expirada)[39m
[33m[Nest] 7392  - [39m03/08/2026, 12:54:41 p. m. [33m   WARN[39m [38;5;3m[AllExceptionsFilter] [39m[33m[undefined] GET /api/notifications/stream -> 401 (Credenciales inválidas o sesión expirada)[39m
[33m[Nest] 7392  - [39m03/08/2026, 12:54:44 p. m. [33m   WARN[39m [38;5;3m[AllExceptionsFilter] [39m[33m[undefined] GET /api/notifications/stream -> 401 (Credenciales inválidas o sesión expirada)[39m
[33m[Nest] 7392  - [39m03/08/2026, 12:54:47 p. m. [33m   WARN[39m [38;5;3m[AllExceptionsFilter] [39m[33m[undefined] GET /api/notifications/stream -> 401 (Credenciales inválidas o sesión expirada)[39m
[33m[Nest] 7392  - [39m03/08/2026, 12:54:50 p. m. [33m   WARN[39m [38;5;3m[AllExceptionsFilter] [39m[33m[undefined] GET /api/notifications/stream -> 401 (Credenciales inválidas o sesión expirada)[39m
[33m[Nest] 7392  - [39m03/08/2026, 12:54:53 p. m. [33m   WARN[39m [38;5;3m[AllExceptionsFilter] [39m[33m[undefined] GET /api/notifications/stream -> 401 (Credenciales inválidas o sesión expirada)[39m
[33m[Nest] 7392  - [39m03/08/2026, 12:54:56 p. m. [33m   WARN[39m [38;5;3m[AllExceptionsFilter] [39m[33m[undefined] GET /api/notifications/stream -> 401 (Credenciales inválidas o sesión expirada)[39m
[33m[Nest] 7392  - [39m03/08/2026, 12:54:59 p. m. [33m   WARN[39m [38;5;3m[AllExceptionsFilter] [39m[33m[undefined] GET /api/notifications/stream -> 401 (Credenciales inválidas o sesión expirada)[39m
[33m[Nest] 7392  - [39m03/08/2026, 12:55:02 p. m. [33m   WARN[39m [38;5;3m[AllExceptionsFilter] [39m[33m[undefined] GET /api/notifications/stream -> 401 (Credenciales inválidas o sesión expirada)[39m
[33m[Nest] 7392  - [39m03/08/2026, 12:55:05 p. m. [33m   WARN[39m [38;5;3m[AllExceptionsFilter] [39m[33m[undefined] GET /api/notifications/stream -> 401 (Credenciales inválidas o sesión expirada)[39m
[33m[Nest] 7392  - [39m03/08/2026, 12:55:08 p. m. [33m   WARN[39m [38;5;3m[AllExceptionsFilter] [39m[33m[undefined] GET /api/notifications/stream -> 401 (Credenciales inválidas o sesión expirada)[39m
[33m[Nest] 7392  - [39m03/08/2026, 12:55:11 p. m. [33m   WARN[39m [38;5;3m[AllExceptionsFilter] [39m[33m[undefined] GET /api/notifications/stream -> 401 (Credenciales inválidas o sesión expirada)[39m
[33m[Nest] 7392  - [39m03/08/2026, 12:55:14 p. m. [33m   WARN[39m [38;5;3m[AllExceptionsFilter] [39m[33m[undefined] GET /api/notifications/stream -> 401 (Credenciales inválidas o sesión expirada)[39m
[33m[Nest] 7392  - [39m03/08/2026, 12:55:15 p. m. [33m   WARN[39m [38;5;3m[AllExceptionsFilter] [39m[33m[undefined] GET /api/settings/tax-rate -> 404 (Cannot GET /api/settings/tax-rate)[39m
[33m[Nest] 7392  - [39m03/08/2026, 12:55:17 p. m. [33m   WARN[39m [38;5;3m[AllExceptionsFilter] [39m[33m[undefined] GET /api/notifications/stream -> 401 (Credenciales inválidas o sesión expirada)[39m
[33m[Nest] 7392  - [39m03/08/2026, 12:55:18 p. m. [33m   WARN[39m [38;5;3m[AllExceptionsFilter] [39m[33m[undefined] GET /api/products?page=1&pageSize=20 -> 401 (Credenciales inválidas o sesión expirada)[39m
[33m[Nest] 7392  - [39m03/08/2026, 12:55:20 p. m. [33m   WARN[39m [38;5;3m[AllExceptionsFilter] [39m[33m[undefined] GET /api/notifications/stream -> 401 (Credenciales inválidas o sesión expirada)[39m
[33m[Nest] 7392  - [39m03/08/2026, 12:55:22 p. m. [33m   WARN[39m [38;5;3m[AllExceptionsFilter] [39m[33m[undefined] GET /api/accounting/accounts -> 401 (Credenciales inválidas o sesión expirada)[39m
[33m[Nest] 7392  - [39m03/08/2026, 12:55:22 p. m. [33m   WARN[39m [38;5;3m[AllExceptionsFilter] [39m[33m[undefined] GET /api/accounting/trial-balance -> 401 (Credenciales inválidas o sesión expirada)[39m
[33m[Nest] 7392  - [39m03/08/2026, 12:55:22 p. m. [33m   WARN[39m [38;5;3m[AllExceptionsFilter] [39m[33m[undefined] GET /api/accounting/entries?page=1&pageSize=10 -> 401 (Credenciales inválidas o sesión expirada)[39m
[33m[Nest] 7392  - [39m03/08/2026, 12:55:23 p. m. [33m   WARN[39m [38;5;3m[AllExceptionsFilter] [39m[33m[undefined] GET /api/notifications/stream -> 401 (Credenciales inválidas o sesión expirada)[39m
[33m[Nest] 7392  - [39m03/08/2026, 12:55:23 p. m. [33m   WARN[39m [38;5;3m[AllExceptionsFilter] [39m[33m[undefined] GET /api/banking/accounts -> 401 (Credenciales inválidas o sesión expirada)[39m
[33m[Nest] 7392  - [39m03/08/2026, 12:55:26 p. m. [33m   WARN[39m [38;5;3m[AllExceptionsFilter] [39m[33m[undefined] GET /api/notifications/stream -> 401 (Credenciales inválidas o sesión expirada)[39m
[33m[Nest] 7392  - [39m03/08/2026, 12:55:29 p. m. [33m   WARN[39m [38;5;3m[AllExceptionsFilter] [39m[33m[undefined] GET /api/notifications/stream -> 401 (Credenciales inválidas o sesión expirada)[39m
[33m[Nest] 7392  - [39m03/08/2026, 12:55:32 p. m. [33m   WARN[39m [38;5;3m[AllExceptionsFilter] [39m[33m[undefined] GET /api/notifications/stream -> 401 (Credenciales inválidas o sesión expirada)[39m
[33m[Nest] 7392  - [39m03/08/2026, 12:55:35 p. m. [33m   WARN[39m [38;5;3m[AllExceptionsFilter] [39m[33m[undefined] GET /api/notifications/stream -> 401 (Credenciales inválidas o sesión expirada)[39m
[33m[Nest] 7392  - [39m03/08/2026, 12:55:38 p. m. [33m   WARN[39m [38;5;3m[AllExceptionsFilter] [39m[33m[undefined] GET /api/notifications/stream -> 401 (Credenciales inválidas o sesión expirada)[39m
[33m[Nest] 7392  - [39m03/08/2026, 12:55:41 p. m. [33m   WARN[39m [38;5;3m[AllExceptionsFilter] [39m[33m[undefined] GET /api/notifications/stream -> 401 (Credenciales inválidas o sesión expirada)[39m
[33m[Nest] 7392  - [39m03/08/2026, 12:55:44 p. m. [33m   WARN[39m [38;5;3m[AllExceptionsFilter] [39m[33m[undefined] GET /api/notifications/stream -> 401 (Credenciales inválidas o sesión expirada)[39m
[33m[Nest] 7392  - [39m03/08/2026, 12:55:47 p. m. [33m   WARN[39m [38;5;3m[AllExceptionsFilter] [39m[33m[undefined] GET /api/notifications/stream -> 401 (Credenciales inválidas o sesión expirada)[39m
[33m[Nest] 7392  - [39m03/08/2026, 12:55:50 p. m. [33m   WARN[39m [38;5;3m[AllExceptionsFilter] [39m[33m[undefined] GET /api/notifications/stream -> 401 (Credenciales inválidas o sesión expirada)[39m
[33m[Nest] 7392  - [39m03/08/2026, 12:55:53 p. m. [33m   WARN[39m [38;5;3m[AllExceptionsFilter] [39m[33m[undefined] GET /api/notifications/stream -> 401 (Credenciales inválidas o sesión expirada)[39m
[33m[Nest] 7392  - [39m03/08/2026, 12:55:56 p. m. [33m   WARN[39m [38;5;3m[AllExceptionsFilter] [39m[33m[undefined] GET /api/notifications/stream -> 401 (Credenciales inválidas o sesión expirada)[39m
[33m[Nest] 7392  - [39m03/08/2026, 12:55:59 p. m. [33m   WARN[39m [38;5;3m[AllExceptionsFilter] [39m[33m[undefined] GET /api/notifications/stream -> 401 (Credenciales inválidas o sesión expirada)[39m
[33m[Nest] 7392  - [39m03/08/2026, 12:56:02 p. m. [33m   WARN[39m [38;5;3m[AllExceptionsFilter] [39m[33m[undefined] GET /api/notifications/stream -> 401 (Credenciales inválidas o sesión expirada)[39m
[33m[Nest] 7392  - [39m03/08/2026, 12:56:05 p. m. [33m   WARN[39m [38;5;3m[AllExceptionsFilter] [39m[33m[undefined] GET /api/notifications/stream -> 401 (Credenciales inválidas o sesión expirada)[39m
[33m[Nest] 7392  - [39m03/08/2026, 12:56:08 p. m. [33m   WARN[39m [38;5;3m[AllExceptionsFilter] [39m[33m[undefined] GET /api/notifications/stream -> 401 (Credenciales inválidas o sesión expirada)[39m
[33m[Nest] 7392  - [39m03/08/2026, 12:56:11 p. m. [33m   WARN[39m [38;5;3m[AllExceptionsFilter] [39m[33m[undefined] GET /api/notifications/stream -> 401 (Credenciales inválidas o sesión expirada)[39m
[33m[Nest] 7392  - [39m03/08/2026, 12:56:14 p. m. [33m   WARN[39m [38;5;3m[AllExceptionsFilter] [39m[33m[undefined] GET /api/notifications/stream -> 401 (Credenciales inválidas o sesión expirada)[39m
[33m[Nest] 7392  - [39m03/08/2026, 12:56:17 p. m. [33m   WARN[39m [38;5;3m[AllExceptionsFilter] [39m[33m[undefined] GET /api/notifications/stream -> 401 (Credenciales inválidas o sesión expirada)[39m
[33m[Nest] 7392  - [39m03/08/2026, 12:56:20 p. m. [33m   WARN[39m [38;5;3m[AllExceptionsFilter] [39m[33m[undefined] GET /api/notifications/stream -> 401 (Credenciales inválidas o sesión expirada)[39m
[33m[Nest] 7392  - [39m03/08/2026, 12:56:23 p. m. [33m   WARN[39m [38;5;3m[AllExceptionsFilter] [39m[33m[undefined] GET /api/notifications/stream -> 401 (Credenciales inválidas o sesión expirada)[39m
[33m[Nest] 7392  - [39m03/08/2026, 12:56:26 p. m. [33m   WARN[39m [38;5;3m[AllExceptionsFilter] [39m[33m[undefined] GET /api/notifications/stream -> 401 (Credenciales inválidas o sesión expirada)[39m
[33m[Nest] 7392  - [39m03/08/2026, 12:56:29 p. m. [33m   WARN[39m [38;5;3m[AllExceptionsFilter] [39m[33m[undefined] GET /api/notifications/stream -> 401 (Credenciales inválidas o sesión expirada)[39m
[33m[Nest] 7392  - [39m03/08/2026, 12:56:32 p. m. [33m   WARN[39m [38;5;3m[AllExceptionsFilter] [39m[33m[undefined] GET /api/notifications/stream -> 401 (Credenciales inválidas o sesión expirada)[39m
[33m[Nest] 7392  - [39m03/08/2026, 12:56:35 p. m. [33m   WARN[39m [38;5;3m[AllExceptionsFilter] [39m[33m[undefined] GET /api/notifications/stream -> 401 (Credenciales inválidas o sesión expirada)[39m
[33m[Nest] 7392  - [39m03/08/2026, 12:56:38 p. m. [33m   WARN[39m [38;5;3m[AllExceptionsFilter] [39m[33m[undefined] GET /api/notifications/stream -> 401 (Credenciales inválidas o sesión expirada)[39m
[33m[Nest] 7392  - [39m03/08/2026, 12:56:41 p. m. [33m   WARN[39m [38;5;3m[AllExceptionsFilter] [39m[33m[undefined] GET /api/notifications/stream -> 401 (Credenciales inválidas o sesión expirada)[39m
[33m[Nest] 7392  - [39m03/08/2026, 12:56:44 p. m. [33m   WARN[39m [38;5;3m[AllExceptionsFilter] [39m[33m[undefined] GET /api/notifications/stream -> 401 (Credenciales inválidas o sesión expirada)[39m
[33m[Nest] 7392  - [39m03/08/2026, 12:56:47 p. m. [33m   WARN[39m [38;5;3m[AllExceptionsFilter] [39m[33m[undefined] GET /api/notifications/stream -> 401 (Credenciales inválidas o sesión expirada)[39m
[33m[Nest] 7392  - [39m03/08/2026, 12:56:50 p. m. [33m   WARN[39m [38;5;3m[AllExceptionsFilter] [39m[33m[undefined] GET /api/notifications/stream -> 401 (Credenciales inválidas o sesión expirada)[39m
[33m[Nest] 7392  - [39m03/08/2026, 12:56:53 p. m. [33m   WARN[39m [38;5;3m[AllExceptionsFilter] [39m[33m[undefined] GET /api/notifications/stream -> 401 (Credenciales inválidas o sesión expirada)[39m
[33m[Nest] 7392  - [39m03/08/2026, 12:56:56 p. m. [33m   WARN[39m [38;5;3m[AllExceptionsFilter] [39m[33m[undefined] GET /api/notifications/stream -> 401 (Credenciales inválidas o sesión expirada)[39m
[33m[Nest] 7392  - [39m03/08/2026, 12:56:59 p. m. [33m   WARN[39m [38;5;3m[AllExceptionsFilter] [39m[33m[undefined] GET /api/notifications/stream -> 401 (Credenciales inválidas o sesión expirada)[39m
[33m[Nest] 7392  - [39m03/08/2026, 12:57:02 p. m. [33m   WARN[39m [38;5;3m[AllExceptionsFilter] [39m[33m[undefined] GET /api/notifications/stream -> 401 (Credenciales inválidas o sesión expirada)[39m
[33m[Nest] 7392  - [39m03/08/2026, 12:57:05 p. m. [33m   WARN[39m [38;5;3m[AllExceptionsFilter] [39m[33m[undefined] GET /api/notifications/stream -> 401 (Credenciales inválidas o sesión expirada)[39m
[33m[Nest] 7392  - [39m03/08/2026, 12:57:08 p. m. [33m   WARN[39m [38;5;3m[AllExceptionsFilter] [39m[33m[undefined] GET /api/notifications/stream -> 401 (Credenciales inválidas o sesión expirada)[39m
[33m[Nest] 7392  - [39m03/08/2026, 12:57:11 p. m. [33m   WARN[39m [38;5;3m[AllExceptionsFilter] [39m[33m[undefined] GET /api/notifications/stream -> 401 (Credenciales inválidas o sesión expirada)[39m
[33m[Nest] 7392  - [39m03/08/2026, 12:57:14 p. m. [33m   WARN[39m [38;5;3m[AllExceptionsFilter] [39m[33m[undefined] GET /api/notifications/stream -> 401 (Credenciales inválidas o sesión expirada)[39m
[33m[Nest] 7392  - [39m03/08/2026, 12:57:17 p. m. [33m   WARN[39m [38;5;3m[AllExceptionsFilter] [39m[33m[undefined] GET /api/notifications/stream -> 401 (Credenciales inválidas o sesión expirada)[39m
[33m[Nest] 7392  - [39m03/08/2026, 12:57:20 p. m. [33m   WARN[39m [38;5;3m[AllExceptionsFilter] [39m[33m[undefined] GET /api/notifications/stream -> 401 (Credenciales inválidas o sesión expirada)[39m
[33m[Nest] 7392  - [39m03/08/2026, 12:57:23 p. m. [33m   WARN[39m [38;5;3m[AllExceptionsFilter] [39m[33m[undefined] GET /api/notifications/stream -> 401 (Credenciales inválidas o sesión expirada)[39m
[33m[Nest] 7392  - [39m03/08/2026, 12:57:26 p. m. [33m   WARN[39m [38;5;3m[AllExceptionsFilter] [39m[33m[undefined] GET /api/notifications/stream -> 401 (Credenciales inválidas o sesión expirada)[39m
[33m[Nest] 7392  - [39m03/08/2026, 12:57:29 p. m. [33m   WARN[39m [38;5;3m[AllExceptionsFilter] [39m[33m[undefined] GET /api/notifications/stream -> 401 (Credenciales inválidas o sesión expirada)[39m
[33m[Nest] 7392  - [39m03/08/2026, 12:57:32 p. m. [33m   WARN[39m [38;5;3m[AllExceptionsFilter] [39m[33m[undefined] GET /api/notifications/stream -> 401 (Credenciales inválidas o sesión expirada)[39m
[33m[Nest] 7392  - [39m03/08/2026, 12:57:35 p. m. [33m   WARN[39m [38;5;3m[AllExceptionsFilter] [39m[33m[undefined] GET /api/notifications/stream -> 401 (Credenciales inválidas o sesión expirada)[39m
[33m[Nest] 7392  - [39m03/08/2026, 12:57:38 p. m. [33m   WARN[39m [38;5;3m[AllExceptionsFilter] [39m[33m[undefined] GET /api/notifications/stream -> 401 (Credenciales inválidas o sesión expirada)[39m
[33m[Nest] 7392  - [39m03/08/2026, 12:57:41 p. m. [33m   WARN[39m [38;5;3m[AllExceptionsFilter] [39m[33m[undefined] GET /api/notifications/stream -> 401 (Credenciales inválidas o sesión expirada)[39m
[33m[Nest] 7392  - [39m03/08/2026, 12:57:44 p. m. [33m   WARN[39m [38;5;3m[AllExceptionsFilter] [39m[33m[undefined] GET /api/notifications/stream -> 401 (Credenciales inválidas o sesión expirada)[39m
[33m[Nest] 7392  - [39m03/08/2026, 12:57:47 p. m. [33m   WARN[39m [38;5;3m[AllExceptionsFilter] [39m[33m[undefined] GET /api/notifications/stream -> 401 (Credenciales inválidas o sesión expirada)[39m
[33m[Nest] 7392  - [39m03/08/2026, 12:57:50 p. m. [33m   WARN[39m [38;5;3m[AllExceptionsFilter] [39m[33m[undefined] GET /api/notifications/stream -> 401 (Credenciales inválidas o sesión expirada)[39m
[33m[Nest] 7392  - [39m03/08/2026, 12:57:53 p. m. [33m   WARN[39m [38;5;3m[AllExceptionsFilter] [39m[33m[undefined] GET /api/notifications/stream -> 401 (Credenciales inválidas o sesión expirada)[39m
[33m[Nest] 7392  - [39m03/08/2026, 12:57:56 p. m. [33m   WARN[39m [38;5;3m[AllExceptionsFilter] [39m[33m[undefined] GET /api/notifications/stream -> 401 (Credenciales inválidas o sesión expirada)[39m
[33m[Nest] 7392  - [39m03/08/2026, 12:57:59 p. m. [33m   WARN[39m [38;5;3m[AllExceptionsFilter] [39m[33m[undefined] GET /api/notifications/stream -> 401 (Credenciales inválidas o sesión expirada)[39m
[33m[Nest] 7392  - [39m03/08/2026, 12:58:02 p. m. [33m   WARN[39m [38;5;3m[AllExceptionsFilter] [39m[33m[undefined] GET /api/notifications/stream -> 401 (Credenciales inválidas o sesión expirada)[39m
[33m[Nest] 7392  - [39m03/08/2026, 12:58:05 p. m. [33m   WARN[39m [38;5;3m[AllExceptionsFilter] [39m[33m[undefined] GET /api/notifications/stream -> 401 (Credenciales inválidas o sesión expirada)[39m
[33m[Nest] 7392  - [39m03/08/2026, 12:58:08 p. m. [33m   WARN[39m [38;5;3m[AllExceptionsFilter] [39m[33m[undefined] GET /api/notifications/stream -> 401 (Credenciales inválidas o sesión expirada)[39m
[33m[Nest] 7392  - [39m03/08/2026, 12:58:11 p. m. [33m   WARN[39m [38;5;3m[AllExceptionsFilter] [39m[33m[undefined] GET /api/notifications/stream -> 401 (Credenciales inválidas o sesión expirada)[39m
[33m[Nest] 7392  - [39m03/08/2026, 12:58:15 p. m. [33m   WARN[39m [38;5;3m[AllExceptionsFilter] [39m[33m[undefined] GET /api/notifications/stream -> 401 (Credenciales inválidas o sesión expirada)[39m
[33m[Nest] 7392  - [39m03/08/2026, 12:58:18 p. m. [33m   WARN[39m [38;5;3m[AllExceptionsFilter] [39m[33m[undefined] GET /api/notifications/stream -> 401 (Credenciales inválidas o sesión expirada)[39m
[33m[Nest] 7392  - [39m03/08/2026, 12:58:21 p. m. [33m   WARN[39m [38;5;3m[AllExceptionsFilter] [39m[33m[undefined] GET /api/notifications/stream -> 401 (Credenciales inválidas o sesión expirada)[39m
[33m[Nest] 7392  - [39m03/08/2026, 12:58:24 p. m. [33m   WARN[39m [38;5;3m[AllExceptionsFilter] [39m[33m[undefined] GET /api/notifications/stream -> 401 (Credenciales inválidas o sesión expirada)[39m
[33m[Nest] 7392  - [39m03/08/2026, 12:58:27 p. m. [33m   WARN[39m [38;5;3m[AllExceptionsFilter] [39m[33m[undefined] GET /api/notifications/stream -> 401 (Credenciales inválidas o sesión expirada)[39m
[33m[Nest] 7392  - [39m03/08/2026, 12:58:30 p. m. [33m   WARN[39m [38;5;3m[AllExceptionsFilter] [39m[33m[undefined] GET /api/notifications/stream -> 401 (Credenciales inválidas o sesión expirada)[39m
[33m[Nest] 7392  - [39m03/08/2026, 12:58:33 p. m. [33m   WARN[39m [38;5;3m[AllExceptionsFilter] [39m[33m[undefined] GET /api/notifications/stream -> 401 (Credenciales inválidas o sesión expirada)[39m
[33m[Nest] 7392  - [39m03/08/2026, 12:58:36 p. m. [33m   WARN[39m [38;5;3m[AllExceptionsFilter] [39m[33m[undefined] GET /api/notifications/stream -> 401 (Credenciales inválidas o sesión expirada)[39m
[33m[Nest] 7392  - [39m03/08/2026, 12:58:39 p. m. [33m   WARN[39m [38;5;3m[AllExceptionsFilter] [39m[33m[undefined] GET /api/notifications/stream -> 401 (Credenciales inválidas o sesión expirada)[39m
[33m[Nest] 7392  - [39m03/08/2026, 12:58:42 p. m. [33m   WARN[39m [38;5;3m[AllExceptionsFilter] [39m[33m[undefined] GET /api/notifications/stream -> 401 (Credenciales inválidas o sesión expirada)[39m
[33m[Nest] 7392  - [39m03/08/2026, 12:58:43 p. m. [33m   WARN[39m [38;5;3m[AllExceptionsFilter] [39m[33m[undefined] GET /api/settings/tax-rate -> 404 (Cannot GET /api/settings/tax-rate)[39m
[33m[Nest] 7392  - [39m03/08/2026, 12:58:45 p. m. [33m   WARN[39m [38;5;3m[AllExceptionsFilter] [39m[33m[undefined] GET /api/notifications/stream -> 401 (Credenciales inválidas o sesión expirada)[39m
[33m[Nest] 7392  - [39m03/08/2026, 12:58:48 p. m. [33m   WARN[39m [38;5;3m[AllExceptionsFilter] [39m[33m[undefined] GET /api/notifications/stream -> 401 (Credenciales inválidas o sesión expirada)[39m
[33m[Nest] 7392  - [39m03/08/2026, 12:58:51 p. m. [33m   WARN[39m [38;5;3m[AllExceptionsFilter] [39m[33m[undefined] GET /api/notifications/stream -> 401 (Credenciales inválidas o sesión expirada)[39m
[33m[Nest] 7392  - [39m03/08/2026, 12:58:54 p. m. [33m   WARN[39m [38;5;3m[AllExceptionsFilter] [39m[33m[undefined] GET /api/notifications/stream -> 401 (Credenciales inválidas o sesión expirada)[39m
[33m[Nest] 7392  - [39m03/08/2026, 12:58:57 p. m. [33m   WARN[39m [38;5;3m[AllExceptionsFilter] [39m[33m[undefined] GET /api/notifications/stream -> 401 (Credenciales inválidas o sesión expirada)[39m
[33m[Nest] 7392  - [39m03/08/2026, 12:59:00 p. m. [33m   WARN[39m [38;5;3m[AllExceptionsFilter] [39m[33m[undefined] GET /api/notifications/stream -> 401 (Credenciales inválidas o sesión expirada)[39m
[33m[Nest] 7392  - [39m03/08/2026, 12:59:03 p. m. [33m   WARN[39m [38;5;3m[AllExceptionsFilter] [39m[33m[undefined] GET /api/notifications/stream -> 401 (Credenciales inválidas o sesión expirada)[39m
[33m[Nest] 7392  - [39m03/08/2026, 12:59:06 p. m. [33m   WARN[39m [38;5;3m[AllExceptionsFilter] [39m[33m[undefined] GET /api/notifications/stream -> 401 (Credenciales inválidas o sesión expirada)[39m
[33m[Nest] 7392  - [39m03/08/2026, 12:59:09 p. m. [33m   WARN[39m [38;5;3m[AllExceptionsFilter] [39m[33m[undefined] GET /api/notifications/stream -> 401 (Credenciales inválidas o sesión expirada)[39m
[33m[Nest] 7392  - [39m03/08/2026, 12:59:12 p. m. [33m   WARN[39m [38;5;3m[AllExceptionsFilter] [39m[33m[undefined] GET /api/notifications/stream -> 401 (Credenciales inválidas o sesión expirada)[39m
[33m[Nest] 7392  - [39m03/08/2026, 12:59:15 p. m. [33m   WARN[39m [38;5;3m[AllExceptionsFilter] [39m[33m[undefined] GET /api/notifications/stream -> 401 (Credenciales inválidas o sesión expirada)[39m
[33m[Nest] 7392  - [39m03/08/2026, 12:59:18 p. m. [33m   WARN[39m [38;5;3m[AllExceptionsFilter] [39m[33m[undefined] GET /api/notifications/stream -> 401 (Credenciales inválidas o sesión expirada)[39m
[33m[Nest] 7392  - [39m03/08/2026, 12:59:21 p. m. [33m   WARN[39m [38;5;3m[AllExceptionsFilter] [39m[33m[undefined] GET /api/notifications/stream -> 401 (Credenciales inválidas o sesión expirada)[39m
[33m[Nest] 7392  - [39m03/08/2026, 12:59:24 p. m. [33m   WARN[39m [38;5;3m[AllExceptionsFilter] [39m[33m[undefined] GET /api/notifications/stream -> 401 (Credenciales inválidas o sesión expirada)[39m
[33m[Nest] 7392  - [39m03/08/2026, 12:59:27 p. m. [33m   WARN[39m [38;5;3m[AllExceptionsFilter] [39m[33m[undefined] GET /api/notifications/stream -> 401 (Credenciales inválidas o sesión expirada)[39m
[33m[Nest] 7392  - [39m03/08/2026, 12:59:30 p. m. [33m   WARN[39m [38;5;3m[AllExceptionsFilter] [39m[33m[undefined] GET /api/notifications/stream -> 401 (Credenciales inválidas o sesión expirada)[39m
[33m[Nest] 7392  - [39m03/08/2026, 12:59:33 p. m. [33m   WARN[39m [38;5;3m[AllExceptionsFilter] [39m[33m[undefined] GET /api/notifications/stream -> 401 (Credenciales inválidas o sesión expirada)[39m
[33m[Nest] 7392  - [39m03/08/2026, 12:59:36 p. m. [33m   WARN[39m [38;5;3m[AllExceptionsFilter] [39m[33m[undefined] GET /api/notifications/stream -> 401 (Credenciales inválidas o sesión expirada)[39m
[33m[Nest] 7392  - [39m03/08/2026, 12:59:39 p. m. [33m   WARN[39m [38;5;3m[AllExceptionsFilter] [39m[33m[undefined] GET /api/notifications/stream -> 401 (Credenciales inválidas o sesión expirada)[39m
[33m[Nest] 7392  - [39m03/08/2026, 12:59:42 p. m. [33m   WARN[39m [38;5;3m[AllExceptionsFilter] [39m[33m[undefined] GET /api/notifications/stream -> 401 (Credenciales inválidas o sesión expirada)[39m
[33m[Nest] 7392  - [39m03/08/2026, 12:59:45 p. m. [33m   WARN[39m [38;5;3m[AllExceptionsFilter] [39m[33m[undefined] GET /api/notifications/stream -> 401 (Credenciales inválidas o sesión expirada)[39m
[33m[Nest] 7392  - [39m03/08/2026, 12:59:48 p. m. [33m   WARN[39m [38;5;3m[AllExceptionsFilter] [39m[33m[undefined] GET /api/notifications/stream -> 401 (Credenciales inválidas o sesión expirada)[39m
[33m[Nest] 7392  - [39m03/08/2026, 12:59:51 p. m. [33m   WARN[39m [38;5;3m[AllExceptionsFilter] [39m[33m[undefined] GET /api/notifications/stream -> 401 (Credenciales inválidas o sesión expirada)[39m
[33m[Nest] 7392  - [39m03/08/2026, 12:59:54 p. m. [33m   WARN[39m [38;5;3m[AllExceptionsFilter] [39m[33m[undefined] GET /api/notifications/stream -> 401 (Credenciales inválidas o sesión expirada)[39m
[33m[Nest] 7392  - [39m03/08/2026, 12:59:57 p. m. [33m   WARN[39m [38;5;3m[AllExceptionsFilter] [39m[33m[undefined] GET /api/notifications/stream -> 401 (Credenciales inválidas o sesión expirada)[39m
[33m[Nest] 7392  - [39m03/08/2026, 1:00:00 p. m. [33m   WARN[39m [38;5;3m[AllExceptionsFilter] [39m[33m[undefined] GET /api/notifications/stream -> 401 (Credenciales inválidas o sesión expirada)[39m
[33m[Nest] 7392  - [39m03/08/2026, 1:00:03 p. m. [33m   WARN[39m [38;5;3m[AllExceptionsFilter] [39m[33m[undefined] GET /api/notifications/stream -> 401 (Credenciales inválidas o sesión expirada)[39m
[33m[Nest] 7392  - [39m03/08/2026, 1:00:06 p. m. [33m   WARN[39m [38;5;3m[AllExceptionsFilter] [39m[33m[undefined] GET /api/notifications/stream -> 401 (Credenciales inválidas o sesión expirada)[39m
[33m[Nest] 7392  - [39m03/08/2026, 1:00:09 p. m. [33m   WARN[39m [38;5;3m[AllExceptionsFilter] [39m[33m[undefined] GET /api/notifications/stream -> 401 (Credenciales inválidas o sesión expirada)[39m
[33m[Nest] 7392  - [39m03/08/2026, 1:00:12 p. m. [33m   WARN[39m [38;5;3m[AllExceptionsFilter] [39m[33m[undefined] GET /api/notifications/stream -> 401 (Credenciales inválidas o sesión expirada)[39m
[33m[Nest] 7392  - [39m03/08/2026, 1:00:15 p. m. [33m   WARN[39m [38;5;3m[AllExceptionsFilter] [39m[33m[undefined] GET /api/notifications/stream -> 401 (Credenciales inválidas o sesión expirada)[39m
[33m[Nest] 7392  - [39m03/08/2026, 1:00:18 p. m. [33m   WARN[39m [38;5;3m[AllExceptionsFilter] [39m[33m[undefined] GET /api/notifications/stream -> 401 (Credenciales inválidas o sesión expirada)[39m
[33m[Nest] 7392  - [39m03/08/2026, 1:00:21 p. m. [33m   WARN[39m [38;5;3m[AllExceptionsFilter] [39m[33m[undefined] GET /api/notifications/stream -> 401 (Credenciales inválidas o sesión expirada)[39m
[33m[Nest] 7392  - [39m03/08/2026, 1:00:24 p. m. [33m   WARN[39m [38;5;3m[AllExceptionsFilter] [39m[33m[undefined] GET /api/notifications/stream -> 401 (Credenciales inválidas o sesión expirada)[39m
[33m[Nest] 7392  - [39m03/08/2026, 1:00:27 p. m. [33m   WARN[39m [38;5;3m[AllExceptionsFilter] [39m[33m[undefined] GET /api/notifications/stream -> 401 (Credenciales inválidas o sesión expirada)[39m
[33m[Nest] 7392  - [39m03/08/2026, 1:00:30 p. m. [33m   WARN[39m [38;5;3m[AllExceptionsFilter] [39m[33m[undefined] GET /api/notifications/stream -> 401 (Credenciales inválidas o sesión expirada)[39m
[33m[Nest] 7392  - [39m03/08/2026, 1:00:33 p. m. [33m   WARN[39m [38;5;3m[AllExceptionsFilter] [39m[33m[undefined] GET /api/notifications/stream -> 401 (Credenciales inválidas o sesión expirada)[39m
[33m[Nest] 7392  - [39m03/08/2026, 1:00:36 p. m. [33m   WARN[39m [38;5;3m[AllExceptionsFilter] [39m[33m[undefined] GET /api/notifications/stream -> 401 (Credenciales inválidas o sesión expirada)[39m
[33m[Nest] 7392  - [39m03/08/2026, 1:00:39 p. m. [33m   WARN[39m [38;5;3m[AllExceptionsFilter] [39m[33m[undefined] GET /api/notifications/stream -> 401 (Credenciales inválidas o sesión expirada)[39m
[33m[Nest] 7392  - [39m03/08/2026, 1:00:42 p. m. [33m   WARN[39m [38;5;3m[AllExceptionsFilter] [39m[33m[undefined] GET /api/notifications/stream -> 401 (Credenciales inválidas o sesión expirada)[39m
[33m[Nest] 7392  - [39m03/08/2026, 1:00:45 p. m. [33m   WARN[39m [38;5;3m[AllExceptionsFilter] [39m[33m[undefined] GET /api/notifications/stream -> 401 (Credenciales inválidas o sesión expirada)[39m
[33m[Nest] 7392  - [39m03/08/2026, 1:00:48 p. m. [33m   WARN[39m [38;5;3m[AllExceptionsFilter] [39m[33m[undefined] GET /api/notifications/stream -> 401 (Credenciales inválidas o sesión expirada)[39m
[33m[Nest] 7392  - [39m03/08/2026, 1:00:51 p. m. [33m   WARN[39m [38;5;3m[AllExceptionsFilter] [39m[33m[undefined] GET /api/notifications/stream -> 401 (Credenciales inválidas o sesión expirada)[39m
[33m[Nest] 7392  - [39m03/08/2026, 1:00:54 p. m. [33m   WARN[39m [38;5;3m[AllExceptionsFilter] [39m[33m[undefined] GET /api/notifications/stream -> 401 (Credenciales inválidas o sesión expirada)[39m
[33m[Nest] 7392  - [39m03/08/2026, 1:00:57 p. m. [33m   WARN[39m [38;5;3m[AllExceptionsFilter] [39m[33m[undefined] GET /api/notifications/stream -> 401 (Credenciales inválidas o sesión expirada)[39m
[33m[Nest] 7392  - [39m03/08/2026, 1:01:00 p. m. [33m   WARN[39m [38;5;3m[AllExceptionsFilter] [39m[33m[undefined] GET /api/notifications/stream -> 401 (Credenciales inválidas o sesión expirada)[39m
[33m[Nest] 7392  - [39m03/08/2026, 1:01:03 p. m. [33m   WARN[39m [38;5;3m[AllExceptionsFilter] [39m[33m[undefined] GET /api/notifications/stream -> 401 (Credenciales inválidas o sesión expirada)[39m
[33m[Nest] 7392  - [39m03/08/2026, 1:01:06 p. m. [33m   WARN[39m [38;5;3m[AllExceptionsFilter] [39m[33m[undefined] GET /api/notifications/stream -> 401 (Credenciales inválidas o sesión expirada)[39m
[33m[Nest] 7392  - [39m03/08/2026, 1:01:09 p. m. [33m   WARN[39m [38;5;3m[AllExceptionsFilter] [39m[33m[undefined] GET /api/notifications/stream -> 401 (Credenciales inválidas o sesión expirada)[39m
[33m[Nest] 7392  - [39m03/08/2026, 1:01:12 p. m. [33m   WARN[39m [38;5;3m[AllExceptionsFilter] [39m[33m[undefined] GET /api/notifications/stream -> 401 (Credenciales inválidas o sesión expirada)[39m
[33m[Nest] 7392  - [39m03/08/2026, 1:01:16 p. m. [33m   WARN[39m [38;5;3m[AllExceptionsFilter] [39m[33m[undefined] GET /api/notifications/stream -> 401 (Credenciales inválidas o sesión expirada)[39m
[33m[Nest] 7392  - [39m03/08/2026, 1:01:19 p. m. [33m   WARN[39m [38;5;3m[AllExceptionsFilter] [39m[33m[undefined] GET /api/notifications/stream -> 401 (Credenciales inválidas o sesión expirada)[39m
[33m[Nest] 7392  - [39m03/08/2026, 1:01:22 p. m. [33m   WARN[39m [38;5;3m[AllExceptionsFilter] [39m[33m[undefined] GET /api/notifications/stream -> 401 (Credenciales inválidas o sesión expirada)[39m
[33m[Nest] 7392  - [39m03/08/2026, 1:01:25 p. m. [33m   WARN[39m [38;5;3m[AllExceptionsFilter] [39m[33m[undefined] GET /api/notifications/stream -> 401 (Credenciales inválidas o sesión expirada)[39m
[33m[Nest] 7392  - [39m03/08/2026, 1:01:28 p. m. [33m   WARN[39m [38;5;3m[AllExceptionsFilter] [39m[33m[undefined] GET /api/notifications/stream -> 401 (Credenciales inválidas o sesión expirada)[39m
[33m[Nest] 7392  - [39m03/08/2026, 1:01:31 p. m. [33m   WARN[39m [38;5;3m[AllExceptionsFilter] [39m[33m[undefined] GET /api/notifications/stream -> 401 (Credenciales inválidas o sesión expirada)[39m
[33m[Nest] 7392  - [39m03/08/2026, 1:01:34 p. m. [33m   WARN[39m [38;5;3m[AllExceptionsFilter] [39m[33m[undefined] GET /api/notifications/stream -> 401 (Credenciales inválidas o sesión expirada)[39m
[33m[Nest] 7392  - [39m03/08/2026, 1:01:37 p. m. [33m   WARN[39m [38;5;3m[AllExceptionsFilter] [39m[33m[undefined] GET /api/notifications/stream -> 401 (Credenciales inválidas o sesión expirada)[39m
[33m[Nest] 7392  - [39m03/08/2026, 1:01:40 p. m. [33m   WARN[39m [38;5;3m[AllExceptionsFilter] [39m[33m[undefined] GET /api/notifications/stream -> 401 (Credenciales inválidas o sesión expirada)[39m
[33m[Nest] 7392  - [39m03/08/2026, 1:01:43 p. m. [33m   WARN[39m [38;5;3m[AllExceptionsFilter] [39m[33m[undefined] GET /api/notifications/stream -> 401 (Credenciales inválidas o sesión expirada)[39m
[33m[Nest] 7392  - [39m03/08/2026, 1:01:46 p. m. [33m   WARN[39m [38;5;3m[AllExceptionsFilter] [39m[33m[undefined] GET /api/notifications/stream -> 401 (Credenciales inválidas o sesión expirada)[39m
[33m[Nest] 7392  - [39m03/08/2026, 1:01:49 p. m. [33m   WARN[39m [38;5;3m[AllExceptionsFilter] [39m[33m[undefined] GET /api/notifications/stream -> 401 (Credenciales inválidas o sesión expirada)[39m
[33m[Nest] 7392  - [39m03/08/2026, 1:01:50 p. m. [33m   WARN[39m [38;5;3m[AllExceptionsFilter] [39m[33m[undefined] GET /api/reports/dashboard -> 401 (Credenciales inválidas o sesión expirada)[39m
[33m[Nest] 7392  - [39m03/08/2026, 1:01:50 p. m. [33m   WARN[39m [38;5;3m[AllExceptionsFilter] [39m[33m[undefined] GET /api/health/modules -> 404 (Cannot GET /api/health/modules)[39m
[33m[Nest] 7392  - [39m03/08/2026, 1:01:52 p. m. [33m   WARN[39m [38;5;3m[AllExceptionsFilter] [39m[33m[undefined] GET /api/notifications/stream -> 401 (Credenciales inválidas o sesión expirada)[39m
[33m[Nest] 7392  - [39m03/08/2026, 1:01:55 p. m. [33m   WARN[39m [38;5;3m[AllExceptionsFilter] [39m[33m[undefined] GET /api/notifications/stream -> 401 (Credenciales inválidas o sesión expirada)[39m
[33m[Nest] 7392  - [39m03/08/2026, 1:01:58 p. m. [33m   WARN[39m [38;5;3m[AllExceptionsFilter] [39m[33m[undefined] GET /api/notifications/stream -> 401 (Credenciales inválidas o sesión expirada)[39m
[33m[Nest] 7392  - [39m03/08/2026, 1:02:01 p. m. [33m   WARN[39m [38;5;3m[AllExceptionsFilter] [39m[33m[undefined] GET /api/notifications/stream -> 401 (Credenciales inválidas o sesión expirada)[39m
[33m[Nest] 7392  - [39m03/08/2026, 1:02:04 p. m. [33m   WARN[39m [38;5;3m[AllExceptionsFilter] [39m[33m[undefined] GET /api/notifications/stream -> 401 (Credenciales inválidas o sesión expirada)[39m
[33m[Nest] 7392  - [39m03/08/2026, 1:02:07 p. m. [33m   WARN[39m [38;5;3m[AllExceptionsFilter] [39m[33m[undefined] GET /api/notifications/stream -> 401 (Credenciales inválidas o sesión expirada)[39m
[33m[Nest] 7392  - [39m03/08/2026, 1:02:10 p. m. [33m   WARN[39m [38;5;3m[AllExceptionsFilter] [39m[33m[undefined] GET /api/notifications/stream -> 401 (Credenciales inválidas o sesión expirada)[39m
[33m[Nest] 7392  - [39m03/08/2026, 1:02:13 p. m. [33m   WARN[39m [38;5;3m[AllExceptionsFilter] [39m[33m[undefined] GET /api/notifications/stream -> 401 (Credenciales inválidas o sesión expirada)[39m
[33m[Nest] 7392  - [39m03/08/2026, 1:02:16 p. m. [33m   WARN[39m [38;5;3m[AllExceptionsFilter] [39m[33m[undefined] GET /api/notifications/stream -> 401 (Credenciales inválidas o sesión expirada)[39m
[33m[Nest] 7392  - [39m03/08/2026, 1:02:19 p. m. [33m   WARN[39m [38;5;3m[AllExceptionsFilter] [39m[33m[undefined] GET /api/notifications/stream -> 401 (Credenciales inválidas o sesión expirada)[39m
[33m[Nest] 7392  - [39m03/08/2026, 1:02:22 p. m. [33m   WARN[39m [38;5;3m[AllExceptionsFilter] [39m[33m[undefined] GET /api/notifications/stream -> 401 (Credenciales inválidas o sesión expirada)[39m
[33m[Nest] 7392  - [39m03/08/2026, 1:02:25 p. m. [33m   WARN[39m [38;5;3m[AllExceptionsFilter] [39m[33m[undefined] GET /api/notifications/stream -> 401 (Credenciales inválidas o sesión expirada)[39m
[33m[Nest] 7392  - [39m03/08/2026, 1:02:28 p. m. [33m   WARN[39m [38;5;3m[AllExceptionsFilter] [39m[33m[undefined] GET /api/notifications/stream -> 401 (Credenciales inválidas o sesión expirada)[39m
[33m[Nest] 7392  - [39m03/08/2026, 1:02:31 p. m. [33m   WARN[39m [38;5;3m[AllExceptionsFilter] [39m[33m[undefined] GET /api/notifications/stream -> 401 (Credenciales inválidas o sesión expirada)[39m
[33m[Nest] 7392  - [39m03/08/2026, 1:02:34 p. m. [33m   WARN[39m [38;5;3m[AllExceptionsFilter] [39m[33m[undefined] GET /api/notifications/stream -> 401 (Credenciales inválidas o sesión expirada)[39m
[33m[Nest] 7392  - [39m03/08/2026, 1:02:37 p. m. [33m   WARN[39m [38;5;3m[AllExceptionsFilter] [39m[33m[undefined] GET /api/notifications/stream -> 401 (Credenciales inválidas o sesión expirada)[39m
[33m[Nest] 7392  - [39m03/08/2026, 1:02:40 p. m. [33m   WARN[39m [38;5;3m[AllExceptionsFilter] [39m[33m[undefined] GET /api/notifications/stream -> 401 (Credenciales inválidas o sesión expirada)[39m
[33m[Nest] 7392  - [39m03/08/2026, 1:02:43 p. m. [33m   WARN[39m [38;5;3m[AllExceptionsFilter] [39m[33m[undefined] GET /api/notifications/stream -> 401 (Credenciales inválidas o sesión expirada)[39m
[33m[Nest] 7392  - [39m03/08/2026, 1:02:46 p. m. [33m   WARN[39m [38;5;3m[AllExceptionsFilter] [39m[33m[undefined] GET /api/notifications/stream -> 401 (Credenciales inválidas o sesión expirada)[39m
[33m[Nest] 7392  - [39m03/08/2026, 1:02:49 p. m. [33m   WARN[39m [38;5;3m[AllExceptionsFilter] [39m[33m[undefined] GET /api/notifications/stream -> 401 (Credenciales inválidas o sesión expirada)[39m
[33m[Nest] 7392  - [39m03/08/2026, 1:02:52 p. m. [33m   WARN[39m [38;5;3m[AllExceptionsFilter] [39m[33m[undefined] GET /api/notifications/stream -> 401 (Credenciales inválidas o sesión expirada)[39m
[33m[Nest] 7392  - [39m03/08/2026, 1:02:55 p. m. [33m   WARN[39m [38;5;3m[AllExceptionsFilter] [39m[33m[undefined] GET /api/notifications/stream -> 401 (Credenciales inválidas o sesión expirada)[39m
[33m[Nest] 7392  - [39m03/08/2026, 1:02:58 p. m. [33m   WARN[39m [38;5;3m[AllExceptionsFilter] [39m[33m[undefined] GET /api/notifications/stream -> 401 (Credenciales inválidas o sesión expirada)[39m
[33m[Nest] 7392  - [39m03/08/2026, 1:03:01 p. m. [33m   WARN[39m [38;5;3m[AllExceptionsFilter] [39m[33m[undefined] GET /api/notifications/stream -> 401 (Credenciales inválidas o sesión expirada)[39m
[33m[Nest] 7392  - [39m03/08/2026, 1:03:04 p. m. [33m   WARN[39m [38;5;3m[AllExceptionsFilter] [39m[33m[undefined] GET /api/notifications/stream -> 401 (Credenciales inválidas o sesión expirada)[39m
[33m[Nest] 7392  - [39m03/08/2026, 1:03:07 p. m. [33m   WARN[39m [38;5;3m[AllExceptionsFilter] [39m[33m[undefined] GET /api/notifications/stream -> 401 (Credenciales inválidas o sesión expirada)[39m
[33m[Nest] 7392  - [39m03/08/2026, 1:03:10 p. m. [33m   WARN[39m [38;5;3m[AllExceptionsFilter] [39m[33m[undefined] GET /api/notifications/stream -> 401 (Credenciales inválidas o sesión expirada)[39m
[33m[Nest] 7392  - [39m03/08/2026, 1:03:13 p. m. [33m   WARN[39m [38;5;3m[AllExceptionsFilter] [39m[33m[undefined] GET /api/notifications/stream -> 401 (Credenciales inválidas o sesión expirada)[39m
[33m[Nest] 7392  - [39m03/08/2026, 1:03:16 p. m. [33m   WARN[39m [38;5;3m[AllExceptionsFilter] [39m[33m[undefined] GET /api/notifications/stream -> 401 (Credenciales inválidas o sesión expirada)[39m
[33m[Nest] 7392  - [39m03/08/2026, 1:03:19 p. m. [33m   WARN[39m [38;5;3m[AllExceptionsFilter] [39m[33m[undefined] GET /api/notifications/stream -> 401 (Credenciales inválidas o sesión expirada)[39m
[33m[Nest] 7392  - [39m03/08/2026, 1:03:22 p. m. [33m   WARN[39m [38;5;3m[AllExceptionsFilter] [39m[33m[undefined] GET /api/notifications/stream -> 401 (Credenciales inválidas o sesión expirada)[39m
[33m[Nest] 7392  - [39m03/08/2026, 1:03:25 p. m. [33m   WARN[39m [38;5;3m[AllExceptionsFilter] [39m[33m[undefined] GET /api/notifications/stream -> 401 (Credenciales inválidas o sesión expirada)[39m
[33m[Nest] 7392  - [39m03/08/2026, 1:03:28 p. m. [33m   WARN[39m [38;5;3m[AllExceptionsFilter] [39m[33m[undefined] GET /api/notifications/stream -> 401 (Credenciales inválidas o sesión expirada)[39m
[33m[Nest] 7392  - [39m03/08/2026, 1:03:31 p. m. [33m   WARN[39m [38;5;3m[AllExceptionsFilter] [39m[33m[undefined] GET /api/notifications/stream -> 401 (Credenciales inválidas o sesión expirada)[39m
[33m[Nest] 7392  - [39m03/08/2026, 1:03:34 p. m. [33m   WARN[39m [38;5;3m[AllExceptionsFilter] [39m[33m[undefined] GET /api/notifications/stream -> 401 (Credenciales inválidas o sesión expirada)[39m
[33m[Nest] 7392  - [39m03/08/2026, 1:03:37 p. m. [33m   WARN[39m [38;5;3m[AllExceptionsFilter] [39m[33m[undefined] GET /api/notifications/stream -> 401 (Credenciales inválidas o sesión expirada)[39m
[33m[Nest] 7392  - [39m03/08/2026, 1:03:40 p. m. [33m   WARN[39m [38;5;3m[AllExceptionsFilter] [39m[33m[undefined] GET /api/notifications/stream -> 401 (Credenciales inválidas o sesión expirada)[39m
[33m[Nest] 7392  - [39m03/08/2026, 1:03:43 p. m. [33m   WARN[39m [38;5;3m[AllExceptionsFilter] [39m[33m[undefined] GET /api/notifications/stream -> 401 (Credenciales inválidas o sesión expirada)[39m
[33m[Nest] 7392  - [39m03/08/2026, 1:03:46 p. m. [33m   WARN[39m [38;5;3m[AllExceptionsFilter] [39m[33m[undefined] GET /api/notifications/stream -> 401 (Credenciales inválidas o sesión expirada)[39m
[33m[Nest] 7392  - [39m03/08/2026, 1:03:49 p. m. [33m   WARN[39m [38;5;3m[AllExceptionsFilter] [39m[33m[undefined] GET /api/notifications/stream -> 401 (Credenciales inválidas o sesión expirada)[39m
[33m[Nest] 7392  - [39m03/08/2026, 1:03:52 p. m. [33m   WARN[39m [38;5;3m[AllExceptionsFilter] [39m[33m[undefined] GET /api/notifications/stream -> 401 (Credenciales inválidas o sesión expirada)[39m
[33m[Nest] 7392  - [39m03/08/2026, 1:03:55 p. m. [33m   WARN[39m [38;5;3m[AllExceptionsFilter] [39m[33m[undefined] GET /api/notifications/stream -> 401 (Credenciales inválidas o sesión expirada)[39m
[33m[Nest] 7392  - [39m03/08/2026, 1:03:59 p. m. [33m   WARN[39m [38;5;3m[AllExceptionsFilter] [39m[33m[undefined] GET /api/notifications -> 401 (Credenciales inválidas o sesión expirada)[39m
[33m[Nest] 7392  - [39m03/08/2026, 1:03:59 p. m. [33m   WARN[39m [38;5;3m[AllExceptionsFilter] [39m[33m[undefined] GET /api/notifications/stream -> 401 (Credenciales inválidas o sesión expirada)[39m
[33m[Nest] 7392  - [39m03/08/2026, 1:03:59 p. m. [33m   WARN[39m [38;5;3m[AllExceptionsFilter] [39m[33m[undefined] GET /api/reports/dashboard -> 401 (Credenciales inválidas o sesión expirada)[39m
[33m[Nest] 7392  - [39m03/08/2026, 1:03:59 p. m. [33m   WARN[39m [38;5;3m[AllExceptionsFilter] [39m[33m[undefined] GET /api/health/modules -> 404 (Cannot GET /api/health/modules)[39m
[33m[Nest] 7392  - [39m03/08/2026, 1:04:02 p. m. [33m   WARN[39m [38;5;3m[AllExceptionsFilter] [39m[33m[undefined] GET /api/notifications/stream -> 401 (Credenciales inválidas o sesión expirada)[39m
[33m[Nest] 7392  - [39m03/08/2026, 1:04:05 p. m. [33m   WARN[39m [38;5;3m[AllExceptionsFilter] [39m[33m[undefined] GET /api/notifications/stream -> 401 (Credenciales inválidas o sesión expirada)[39m
[33m[Nest] 7392  - [39m03/08/2026, 1:04:08 p. m. [33m   WARN[39m [38;5;3m[AllExceptionsFilter] [39m[33m[undefined] GET /api/notifications/stream -> 401 (Credenciales inválidas o sesión expirada)[39m
[33m[Nest] 7392  - [39m03/08/2026, 1:04:11 p. m. [33m   WARN[39m [38;5;3m[AllExceptionsFilter] [39m[33m[undefined] GET /api/notifications/stream -> 401 (Credenciales inválidas o sesión expirada)[39m
[33m[Nest] 7392  - [39m03/08/2026, 1:04:14 p. m. [33m   WARN[39m [38;5;3m[AllExceptionsFilter] [39m[33m[undefined] GET /api/notifications/stream -> 401 (Credenciales inválidas o sesión expirada)[39m
[33m[Nest] 7392  - [39m03/08/2026, 1:04:17 p. m. [33m   WARN[39m [38;5;3m[AllExceptionsFilter] [39m[33m[undefined] GET /api/notifications/stream -> 401 (Credenciales inválidas o sesión expirada)[39m
[33m[Nest] 7392  - [39m03/08/2026, 1:04:21 p. m. [33m   WARN[39m [38;5;3m[AllExceptionsFilter] [39m[33m[undefined] GET /api/notifications/stream -> 401 (Credenciales inválidas o sesión expirada)[39m
[33m[Nest] 7392  - [39m03/08/2026, 1:04:24 p. m. [33m   WARN[39m [38;5;3m[AllExceptionsFilter] [39m[33m[undefined] GET /api/notifications/stream -> 401 (Credenciales inválidas o sesión expirada)[39m
[33m[Nest] 7392  - [39m03/08/2026, 1:04:28 p. m. [33m   WARN[39m [38;5;3m[AllExceptionsFilter] [39m[33m[undefined] GET /api/notifications/stream -> 401 (Credenciales inválidas o sesión expirada)[39m
[33m[Nest] 7392  - [39m03/08/2026, 1:04:31 p. m. [33m   WARN[39m [38;5;3m[AllExceptionsFilter] [39m[33m[undefined] GET /api/notifications/stream -> 401 (Credenciales inválidas o sesión expirada)[39m
[33m[Nest] 7392  - [39m03/08/2026, 1:04:34 p. m. [33m   WARN[39m [38;5;3m[AllExceptionsFilter] [39m[33m[undefined] GET /api/notifications/stream -> 401 (Credenciales inválidas o sesión expirada)[39m
[33m[Nest] 7392  - [39m03/08/2026, 1:04:37 p. m. [33m   WARN[39m [38;5;3m[AllExceptionsFilter] [39m[33m[undefined] GET /api/notifications/stream -> 401 (Credenciales inválidas o sesión expirada)[39m
[33m[Nest] 7392  - [39m03/08/2026, 1:04:40 p. m. [33m   WARN[39m [38;5;3m[AllExceptionsFilter] [39m[33m[undefined] GET /api/notifications/stream -> 401 (Credenciales inválidas o sesión expirada)[39m
[33m[Nest] 7392  - [39m03/08/2026, 1:04:43 p. m. [33m   WARN[39m [38;5;3m[AllExceptionsFilter] [39m[33m[undefined] GET /api/notifications/stream -> 401 (Credenciales inválidas o sesión expirada)[39m
[33m[Nest] 7392  - [39m03/08/2026, 1:04:46 p. m. [33m   WARN[39m [38;5;3m[AllExceptionsFilter] [39m[33m[undefined] GET /api/notifications/stream -> 401 (Credenciales inválidas o sesión expirada)[39m
[33m[Nest] 7392  - [39m03/08/2026, 1:04:49 p. m. [33m   WARN[39m [38;5;3m[AllExceptionsFilter] [39m[33m[undefined] GET /api/notifications/stream -> 401 (Credenciales inválidas o sesión expirada)[39m
[33m[Nest] 7392  - [39m03/08/2026, 1:04:52 p. m. [33m   WARN[39m [38;5;3m[AllExceptionsFilter] [39m[33m[undefined] GET /api/notifications/stream -> 401 (Credenciales inválidas o sesión expirada)[39m
[33m[Nest] 7392  - [39m03/08/2026, 1:04:55 p. m. [33m   WARN[39m [38;5;3m[AllExceptionsFilter] [39m[33m[undefined] GET /api/notifications/stream -> 401 (Credenciales inválidas o sesión expirada)[39m
[33m[Nest] 7392  - [39m03/08/2026, 1:04:58 p. m. [33m   WARN[39m [38;5;3m[AllExceptionsFilter] [39m[33m[undefined] GET /api/notifications/stream -> 401 (Credenciales inválidas o sesión expirada)[39m
[33m[Nest] 7392  - [39m03/08/2026, 1:05:01 p. m. [33m   WARN[39m [38;5;3m[AllExceptionsFilter] [39m[33m[undefined] GET /api/notifications/stream -> 401 (Credenciales inválidas o sesión expirada)[39m
[33m[Nest] 7392  - [39m03/08/2026, 1:05:04 p. m. [33m   WARN[39m [38;5;3m[AllExceptionsFilter] [39m[33m[undefined] GET /api/notifications/stream -> 401 (Credenciales inválidas o sesión expirada)[39m
[33m[Nest] 7392  - [39m03/08/2026, 1:05:07 p. m. [33m   WARN[39m [38;5;3m[AllExceptionsFilter] [39m[33m[undefined] GET /api/notifications/stream -> 401 (Credenciales inválidas o sesión expirada)[39m
[33m[Nest] 7392  - [39m03/08/2026, 1:05:10 p. m. [33m   WARN[39m [38;5;3m[AllExceptionsFilter] [39m[33m[undefined] GET /api/notifications/stream -> 401 (Credenciales inválidas o sesión expirada)[39m
[33m[Nest] 7392  - [39m03/08/2026, 1:05:13 p. m. [33m   WARN[39m [38;5;3m[AllExceptionsFilter] [39m[33m[undefined] GET /api/notifications/stream -> 401 (Credenciales inválidas o sesión expirada)[39m
[33m[Nest] 7392  - [39m03/08/2026, 1:05:16 p. m. [33m   WARN[39m [38;5;3m[AllExceptionsFilter] [39m[33m[undefined] GET /api/notifications/stream -> 401 (Credenciales inválidas o sesión expirada)[39m
[33m[Nest] 7392  - [39m03/08/2026, 1:05:19 p. m. [33m   WARN[39m [38;5;3m[AllExceptionsFilter] [39m[33m[undefined] GET /api/notifications/stream -> 401 (Credenciales inválidas o sesión expirada)[39m
[33m[Nest] 7392  - [39m03/08/2026, 1:05:23 p. m. [33m   WARN[39m [38;5;3m[AllExceptionsFilter] [39m[33m[undefined] GET /api/notifications/stream -> 401 (Credenciales inválidas o sesión expirada)[39m
[33m[Nest] 7392  - [39m03/08/2026, 1:05:26 p. m. [33m   WARN[39m [38;5;3m[AllExceptionsFilter] [39m[33m[undefined] GET /api/notifications/stream -> 401 (Credenciales inválidas o sesión expirada)[39m
[33m[Nest] 7392  - [39m03/08/2026, 1:05:29 p. m. [33m   WARN[39m [38;5;3m[AllExceptionsFilter] [39m[33m[undefined] GET /api/notifications/stream -> 401 (Credenciales inválidas o sesión expirada)[39m
[33m[Nest] 7392  - [39m03/08/2026, 1:05:32 p. m. [33m   WARN[39m [38;5;3m[AllExceptionsFilter] [39m[33m[undefined] GET /api/notifications/stream -> 401 (Credenciales inválidas o sesión expirada)[39m
[33m[Nest] 7392  - [39m03/08/2026, 1:05:35 p. m. [33m   WARN[39m [38;5;3m[AllExceptionsFilter] [39m[33m[undefined] GET /api/notifications/stream -> 401 (Credenciales inválidas o sesión expirada)[39m
[33m[Nest] 7392  - [39m03/08/2026, 1:05:38 p. m. [33m   WARN[39m [38;5;3m[AllExceptionsFilter] [39m[33m[undefined] GET /api/notifications/stream -> 401 (Credenciales inválidas o sesión expirada)[39m
[33m[Nest] 7392  - [39m03/08/2026, 1:05:41 p. m. [33m   WARN[39m [38;5;3m[AllExceptionsFilter] [39m[33m[undefined] GET /api/notifications/stream -> 401 (Credenciales inválidas o sesión expirada)[39m
[33m[Nest] 7392  - [39m03/08/2026, 1:05:44 p. m. [33m   WARN[39m [38;5;3m[AllExceptionsFilter] [39m[33m[undefined] GET /api/notifications/stream -> 401 (Credenciales inválidas o sesión expirada)[39m
[33m[Nest] 7392  - [39m03/08/2026, 1:05:47 p. m. [33m   WARN[39m [38;5;3m[AllExceptionsFilter] [39m[33m[undefined] GET /api/notifications/stream -> 401 (Credenciales inválidas o sesión expirada)[39m
[33m[Nest] 7392  - [39m03/08/2026, 1:05:50 p. m. [33m   WARN[39m [38;5;3m[AllExceptionsFilter] [39m[33m[undefined] GET /api/notifications/stream -> 401 (Credenciales inválidas o sesión expirada)[39m
[33m[Nest] 7392  - [39m03/08/2026, 1:05:53 p. m. [33m   WARN[39m [38;5;3m[AllExceptionsFilter] [39m[33m[undefined] GET /api/notifications/stream -> 401 (Credenciales inválidas o sesión expirada)[39m
[33m[Nest] 7392  - [39m03/08/2026, 1:05:56 p. m. [33m   WARN[39m [38;5;3m[AllExceptionsFilter] [39m[33m[undefined] GET /api/notifications/stream -> 401 (Credenciales inválidas o sesión expirada)[39m
[33m[Nest] 7392  - [39m03/08/2026, 1:05:59 p. m. [33m   WARN[39m [38;5;3m[AllExceptionsFilter] [39m[33m[undefined] GET /api/notifications/stream -> 401 (Credenciales inválidas o sesión expirada)[39m
[33m[Nest] 7392  - [39m03/08/2026, 1:06:02 p. m. [33m   WARN[39m [38;5;3m[AllExceptionsFilter] [39m[33m[undefined] GET /api/notifications/stream -> 401 (Credenciales inválidas o sesión expirada)[39m
[33m[Nest] 7392  - [39m03/08/2026, 1:06:05 p. m. [33m   WARN[39m [38;5;3m[AllExceptionsFilter] [39m[33m[undefined] GET /api/notifications/stream -> 401 (Credenciales inválidas o sesión expirada)[39m
[33m[Nest] 7392  - [39m03/08/2026, 1:06:08 p. m. [33m   WARN[39m [38;5;3m[AllExceptionsFilter] [39m[33m[undefined] GET /api/notifications/stream -> 401 (Credenciales inválidas o sesión expirada)[39m
[33m[Nest] 7392  - [39m03/08/2026, 1:06:11 p. m. [33m   WARN[39m [38;5;3m[AllExceptionsFilter] [39m[33m[undefined] GET /api/notifications/stream -> 401 (Credenciales inválidas o sesión expirada)[39m
[33m[Nest] 7392  - [39m03/08/2026, 1:06:14 p. m. [33m   WARN[39m [38;5;3m[AllExceptionsFilter] [39m[33m[undefined] GET /api/notifications/stream -> 401 (Credenciales inválidas o sesión expirada)[39m
[33m[Nest] 7392  - [39m03/08/2026, 1:06:17 p. m. [33m   WARN[39m [38;5;3m[AllExceptionsFilter] [39m[33m[undefined] GET /api/notifications/stream -> 401 (Credenciales inválidas o sesión expirada)[39m
[33m[Nest] 7392  - [39m03/08/2026, 1:06:20 p. m. [33m   WARN[39m [38;5;3m[AllExceptionsFilter] [39m[33m[undefined] GET /api/notifications/stream -> 401 (Credenciales inválidas o sesión expirada)[39m
[33m[Nest] 7392  - [39m03/08/2026, 1:06:23 p. m. [33m   WARN[39m [38;5;3m[AllExceptionsFilter] [39m[33m[undefined] GET /api/notifications/stream -> 401 (Credenciales inválidas o sesión expirada)[39m
[33m[Nest] 7392  - [39m03/08/2026, 1:06:26 p. m. [33m   WARN[39m [38;5;3m[AllExceptionsFilter] [39m[33m[undefined] GET /api/notifications/stream -> 401 (Credenciales inválidas o sesión expirada)[39m
[33m[Nest] 7392  - [39m03/08/2026, 1:06:29 p. m. [33m   WARN[39m [38;5;3m[AllExceptionsFilter] [39m[33m[undefined] GET /api/notifications/stream -> 401 (Credenciales inválidas o sesión expirada)[39m
[33m[Nest] 7392  - [39m03/08/2026, 1:06:32 p. m. [33m   WARN[39m [38;5;3m[AllExceptionsFilter] [39m[33m[undefined] GET /api/notifications/stream -> 401 (Credenciales inválidas o sesión expirada)[39m
[33m[Nest] 7392  - [39m03/08/2026, 1:06:35 p. m. [33m   WARN[39m [38;5;3m[AllExceptionsFilter] [39m[33m[undefined] GET /api/notifications/stream -> 401 (Credenciales inválidas o sesión expirada)[39m
[33m[Nest] 7392  - [39m03/08/2026, 1:06:38 p. m. [33m   WARN[39m [38;5;3m[AllExceptionsFilter] [39m[33m[undefined] GET /api/notifications/stream -> 401 (Credenciales inválidas o sesión expirada)[39m
[33m[Nest] 7392  - [39m03/08/2026, 1:06:41 p. m. [33m   WARN[39m [38;5;3m[AllExceptionsFilter] [39m[33m[undefined] GET /api/notifications/stream -> 401 (Credenciales inválidas o sesión expirada)[39m
[33m[Nest] 7392  - [39m03/08/2026, 1:06:44 p. m. [33m   WARN[39m [38;5;3m[AllExceptionsFilter] [39m[33m[undefined] GET /api/notifications/stream -> 401 (Credenciales inválidas o sesión expirada)[39m
[33m[Nest] 7392  - [39m03/08/2026, 1:06:47 p. m. [33m   WARN[39m [38;5;3m[AllExceptionsFilter] [39m[33m[undefined] GET /api/notifications/stream -> 401 (Credenciales inválidas o sesión expirada)[39m
[33m[Nest] 7392  - [39m03/08/2026, 1:06:50 p. m. [33m   WARN[39m [38;5;3m[AllExceptionsFilter] [39m[33m[undefined] GET /api/notifications/stream -> 401 (Credenciales inválidas o sesión expirada)[39m
[33m[Nest] 7392  - [39m03/08/2026, 1:06:53 p. m. [33m   WARN[39m [38;5;3m[AllExceptionsFilter] [39m[33m[undefined] GET /api/notifications/stream -> 401 (Credenciales inválidas o sesión expirada)[39m
[33m[Nest] 7392  - [39m03/08/2026, 1:06:56 p. m. [33m   WARN[39m [38;5;3m[AllExceptionsFilter] [39m[33m[undefined] GET /api/notifications/stream -> 401 (Credenciales inválidas o sesión expirada)[39m
[33m[Nest] 7392  - [39m03/08/2026, 1:06:59 p. m. [33m   WARN[39m [38;5;3m[AllExceptionsFilter] [39m[33m[undefined] GET /api/notifications/stream -> 401 (Credenciales inválidas o sesión expirada)[39m
[33m[Nest] 7392  - [39m03/08/2026, 1:07:02 p. m. [33m   WARN[39m [38;5;3m[AllExceptionsFilter] [39m[33m[undefined] GET /api/notifications/stream -> 401 (Credenciales inválidas o sesión expirada)[39m
[33m[Nest] 7392  - [39m03/08/2026, 1:07:05 p. m. [33m   WARN[39m [38;5;3m[AllExceptionsFilter] [39m[33m[undefined] GET /api/notifications/stream -> 401 (Credenciales inválidas o sesión expirada)[39m
[33m[Nest] 7392  - [39m03/08/2026, 1:07:08 p. m. [33m   WARN[39m [38;5;3m[AllExceptionsFilter] [39m[33m[undefined] GET /api/notifications/stream -> 401 (Credenciales inválidas o sesión expirada)[39m
[33m[Nest] 7392  - [39m03/08/2026, 1:07:11 p. m. [33m   WARN[39m [38;5;3m[AllExceptionsFilter] [39m[33m[undefined] GET /api/notifications/stream -> 401 (Credenciales inválidas o sesión expirada)[39m
[33m[Nest] 7392  - [39m03/08/2026, 1:07:14 p. m. [33m   WARN[39m [38;5;3m[AllExceptionsFilter] [39m[33m[undefined] GET /api/notifications/stream -> 401 (Credenciales inválidas o sesión expirada)[39m
[33m[Nest] 7392  - [39m03/08/2026, 1:07:17 p. m. [33m   WARN[39m [38;5;3m[AllExceptionsFilter] [39m[33m[undefined] GET /api/notifications/stream -> 401 (Credenciales inválidas o sesión expirada)[39m
[33m[Nest] 7392  - [39m03/08/2026, 1:07:20 p. m. [33m   WARN[39m [38;5;3m[AllExceptionsFilter] [39m[33m[undefined] GET /api/notifications/stream -> 401 (Credenciales inválidas o sesión expirada)[39m
[33m[Nest] 7392  - [39m03/08/2026, 1:07:23 p. m. [33m   WARN[39m [38;5;3m[AllExceptionsFilter] [39m[33m[undefined] GET /api/notifications/stream -> 401 (Credenciales inválidas o sesión expirada)[39m
[33m[Nest] 7392  - [39m03/08/2026, 1:07:26 p. m. [33m   WARN[39m [38;5;3m[AllExceptionsFilter] [39m[33m[undefined] GET /api/notifications/stream -> 401 (Credenciales inválidas o sesión expirada)[39m
[33m[Nest] 7392  - [39m03/08/2026, 1:07:29 p. m. [33m   WARN[39m [38;5;3m[AllExceptionsFilter] [39m[33m[undefined] GET /api/notifications/stream -> 401 (Credenciales inválidas o sesión expirada)[39m
[33m[Nest] 7392  - [39m03/08/2026, 1:07:32 p. m. [33m   WARN[39m [38;5;3m[AllExceptionsFilter] [39m[33m[undefined] GET /api/notifications/stream -> 401 (Credenciales inválidas o sesión expirada)[39m
[33m[Nest] 7392  - [39m03/08/2026, 1:07:36 p. m. [33m   WARN[39m [38;5;3m[AllExceptionsFilter] [39m[33m[undefined] GET /api/notifications/stream -> 401 (Credenciales inválidas o sesión expirada)[39m
[33m[Nest] 7392  - [39m03/08/2026, 1:07:39 p. m. [33m   WARN[39m [38;5;3m[AllExceptionsFilter] [39m[33m[undefined] GET /api/notifications/stream -> 401 (Credenciales inválidas o sesión expirada)[39m
[33m[Nest] 7392  - [39m03/08/2026, 1:07:42 p. m. [33m   WARN[39m [38;5;3m[AllExceptionsFilter] [39m[33m[undefined] GET /api/notifications/stream -> 401 (Credenciales inválidas o sesión expirada)[39m
[33m[Nest] 7392  - [39m03/08/2026, 1:07:45 p. m. [33m   WARN[39m [38;5;3m[AllExceptionsFilter] [39m[33m[undefined] GET /api/notifications/stream -> 401 (Credenciales inválidas o sesión expirada)[39m
[33m[Nest] 7392  - [39m03/08/2026, 1:07:48 p. m. [33m   WARN[39m [38;5;3m[AllExceptionsFilter] [39m[33m[undefined] GET /api/notifications/stream -> 401 (Credenciales inválidas o sesión expirada)[39m
[33m[Nest] 7392  - [39m03/08/2026, 1:07:51 p. m. [33m   WARN[39m [38;5;3m[AllExceptionsFilter] [39m[33m[undefined] GET /api/notifications/stream -> 401 (Credenciales inválidas o sesión expirada)[39m
[33m[Nest] 7392  - [39m03/08/2026, 1:07:54 p. m. [33m   WARN[39m [38;5;3m[AllExceptionsFilter] [39m[33m[undefined] GET /api/notifications/stream -> 401 (Credenciales inválidas o sesión expirada)[39m
[33m[Nest] 7392  - [39m03/08/2026, 1:07:57 p. m. [33m   WARN[39m [38;5;3m[AllExceptionsFilter] [39m[33m[undefined] GET /api/notifications/stream -> 401 (Credenciales inválidas o sesión expirada)[39m
[33m[Nest] 7392  - [39m03/08/2026, 1:08:00 p. m. [33m   WARN[39m [38;5;3m[AllExceptionsFilter] [39m[33m[undefined] GET /api/notifications/stream -> 401 (Credenciales inválidas o sesión expirada)[39m
[33m[Nest] 7392  - [39m03/08/2026, 1:08:03 p. m. [33m   WARN[39m [38;5;3m[AllExceptionsFilter] [39m[33m[undefined] GET /api/notifications/stream -> 401 (Credenciales inválidas o sesión expirada)[39m
[33m[Nest] 7392  - [39m03/08/2026, 1:08:06 p. m. [33m   WARN[39m [38;5;3m[AllExceptionsFilter] [39m[33m[undefined] GET /api/notifications/stream -> 401 (Credenciales inválidas o sesión expirada)[39m
[33m[Nest] 7392  - [39m03/08/2026, 1:08:09 p. m. [33m   WARN[39m [38;5;3m[AllExceptionsFilter] [39m[33m[undefined] GET /api/notifications/stream -> 401 (Credenciales inválidas o sesión expirada)[39m
[33m[Nest] 7392  - [39m03/08/2026, 1:08:12 p. m. [33m   WARN[39m [38;5;3m[AllExceptionsFilter] [39m[33m[undefined] GET /api/notifications/stream -> 401 (Credenciales inválidas o sesión expirada)[39m
[33m[Nest] 7392  - [39m03/08/2026, 1:08:15 p. m. [33m   WARN[39m [38;5;3m[AllExceptionsFilter] [39m[33m[undefined] GET /api/notifications/stream -> 401 (Credenciales inválidas o sesión expirada)[39m
[33m[Nest] 7392  - [39m03/08/2026, 1:08:18 p. m. [33m   WARN[39m [38;5;3m[AllExceptionsFilter] [39m[33m[undefined] GET /api/notifications/stream -> 401 (Credenciales inválidas o sesión expirada)[39m
[33m[Nest] 7392  - [39m03/08/2026, 1:08:21 p. m. [33m   WARN[39m [38;5;3m[AllExceptionsFilter] [39m[33m[undefined] GET /api/notifications/stream -> 401 (Credenciales inválidas o sesión expirada)[39m
[33m[Nest] 7392  - [39m03/08/2026, 1:08:24 p. m. [33m   WARN[39m [38;5;3m[AllExceptionsFilter] [39m[33m[undefined] GET /api/notifications/stream -> 401 (Credenciales inválidas o sesión expirada)[39m
[33m[Nest] 7392  - [39m03/08/2026, 1:08:27 p. m. [33m   WARN[39m [38;5;3m[AllExceptionsFilter] [39m[33m[undefined] GET /api/notifications/stream -> 401 (Credenciales inválidas o sesión expirada)[39m
[33m[Nest] 7392  - [39m03/08/2026, 1:08:30 p. m. [33m   WARN[39m [38;5;3m[AllExceptionsFilter] [39m[33m[undefined] GET /api/notifications/stream -> 401 (Credenciales inválidas o sesión expirada)[39m
[33m[Nest] 7392  - [39m03/08/2026, 1:08:33 p. m. [33m   WARN[39m [38;5;3m[AllExceptionsFilter] [39m[33m[undefined] GET /api/notifications/stream -> 401 (Credenciales inválidas o sesión expirada)[39m
[33m[Nest] 7392  - [39m03/08/2026, 1:08:36 p. m. [33m   WARN[39m [38;5;3m[AllExceptionsFilter] [39m[33m[undefined] GET /api/notifications/stream -> 401 (Credenciales inválidas o sesión expirada)[39m
[33m[Nest] 7392  - [39m03/08/2026, 1:08:39 p. m. [33m   WARN[39m [38;5;3m[AllExceptionsFilter] [39m[33m[undefined] GET /api/notifications/stream -> 401 (Credenciales inválidas o sesión expirada)[39m
[33m[Nest] 7392  - [39m03/08/2026, 1:08:42 p. m. [33m   WARN[39m [38;5;3m[AllExceptionsFilter] [39m[33m[undefined] GET /api/notifications/stream -> 401 (Credenciales inválidas o sesión expirada)[39m
[33m[Nest] 7392  - [39m03/08/2026, 1:08:45 p. m. [33m   WARN[39m [38;5;3m[AllExceptionsFilter] [39m[33m[undefined] GET /api/notifications/stream -> 401 (Credenciales inválidas o sesión expirada)[39m
[33m[Nest] 7392  - [39m03/08/2026, 1:08:48 p. m. [33m   WARN[39m [38;5;3m[AllExceptionsFilter] [39m[33m[undefined] GET /api/notifications/stream -> 401 (Credenciales inválidas o sesión expirada)[39m
[33m[Nest] 7392  - [39m03/08/2026, 1:08:51 p. m. [33m   WARN[39m [38;5;3m[AllExceptionsFilter] [39m[33m[undefined] GET /api/notifications/stream -> 401 (Credenciales inválidas o sesión expirada)[39m
[33m[Nest] 7392  - [39m03/08/2026, 1:08:54 p. m. [33m   WARN[39m [38;5;3m[AllExceptionsFilter] [39m[33m[undefined] GET /api/notifications/stream -> 401 (Credenciales inválidas o sesión expirada)[39m
[33m[Nest] 7392  - [39m03/08/2026, 1:08:57 p. m. [33m   WARN[39m [38;5;3m[AllExceptionsFilter] [39m[33m[undefined] GET /api/notifications/stream -> 401 (Credenciales inválidas o sesión expirada)[39m
[33m[Nest] 7392  - [39m03/08/2026, 1:09:00 p. m. [33m   WARN[39m [38;5;3m[AllExceptionsFilter] [39m[33m[undefined] GET /api/notifications/stream -> 401 (Credenciales inválidas o sesión expirada)[39m
[33m[Nest] 7392  - [39m03/08/2026, 1:09:03 p. m. [33m   WARN[39m [38;5;3m[AllExceptionsFilter] [39m[33m[undefined] GET /api/notifications/stream -> 401 (Credenciales inválidas o sesión expirada)[39m
[33m[Nest] 7392  - [39m03/08/2026, 1:09:06 p. m. [33m   WARN[39m [38;5;3m[AllExceptionsFilter] [39m[33m[undefined] GET /api/notifications/stream -> 401 (Credenciales inválidas o sesión expirada)[39m
[33m[Nest] 7392  - [39m03/08/2026, 1:09:09 p. m. [33m   WARN[39m [38;5;3m[AllExceptionsFilter] [39m[33m[undefined] GET /api/notifications/stream -> 401 (Credenciales inválidas o sesión expirada)[39m
[33m[Nest] 7392  - [39m03/08/2026, 1:09:12 p. m. [33m   WARN[39m [38;5;3m[AllExceptionsFilter] [39m[33m[undefined] GET /api/notifications/stream -> 401 (Credenciales inválidas o sesión expirada)[39m
[33m[Nest] 7392  - [39m03/08/2026, 1:09:15 p. m. [33m   WARN[39m [38;5;3m[AllExceptionsFilter] [39m[33m[undefined] GET /api/notifications/stream -> 401 (Credenciales inválidas o sesión expirada)[39m
[33m[Nest] 7392  - [39m03/08/2026, 1:09:18 p. m. [33m   WARN[39m [38;5;3m[AllExceptionsFilter] [39m[33m[undefined] GET /api/notifications/stream -> 401 (Credenciales inválidas o sesión expirada)[39m
[33m[Nest] 7392  - [39m03/08/2026, 1:09:21 p. m. [33m   WARN[39m [38;5;3m[AllExceptionsFilter] [39m[33m[undefined] GET /api/notifications/stream -> 401 (Credenciales inválidas o sesión expirada)[39m
[33m[Nest] 7392  - [39m03/08/2026, 1:09:24 p. m. [33m   WARN[39m [38;5;3m[AllExceptionsFilter] [39m[33m[undefined] GET /api/notifications/stream -> 401 (Credenciales inválidas o sesión expirada)[39m
[33m[Nest] 7392  - [39m03/08/2026, 1:09:27 p. m. [33m   WARN[39m [38;5;3m[AllExceptionsFilter] [39m[33m[undefined] GET /api/notifications/stream -> 401 (Credenciales inválidas o sesión expirada)[39m
[33m[Nest] 7392  - [39m03/08/2026, 1:09:30 p. m. [33m   WARN[39m [38;5;3m[AllExceptionsFilter] [39m[33m[undefined] GET /api/notifications/stream -> 401 (Credenciales inválidas o sesión expirada)[39m
[33m[Nest] 7392  - [39m03/08/2026, 1:09:33 p. m. [33m   WARN[39m [38;5;3m[AllExceptionsFilter] [39m[33m[undefined] GET /api/notifications/stream -> 401 (Credenciales inválidas o sesión expirada)[39m
[33m[Nest] 7392  - [39m03/08/2026, 1:09:36 p. m. [33m   WARN[39m [38;5;3m[AllExceptionsFilter] [39m[33m[undefined] GET /api/notifications/stream -> 401 (Credenciales inválidas o sesión expirada)[39m
[33m[Nest] 7392  - [39m03/08/2026, 1:09:39 p. m. [33m   WARN[39m [38;5;3m[AllExceptionsFilter] [39m[33m[undefined] GET /api/notifications/stream -> 401 (Credenciales inválidas o sesión expirada)[39m
[33m[Nest] 7392  - [39m03/08/2026, 1:09:42 p. m. [33m   WARN[39m [38;5;3m[AllExceptionsFilter] [39m[33m[undefined] GET /api/notifications/stream -> 401 (Credenciales inválidas o sesión expirada)[39m
[33m[Nest] 7392  - [39m03/08/2026, 1:09:45 p. m. [33m   WARN[39m [38;5;3m[AllExceptionsFilter] [39m[33m[undefined] GET /api/notifications/stream -> 401 (Credenciales inválidas o sesión expirada)[39m
[33m[Nest] 7392  - [39m03/08/2026, 1:09:48 p. m. [33m   WARN[39m [38;5;3m[AllExceptionsFilter] [39m[33m[undefined] GET /api/notifications/stream -> 401 (Credenciales inválidas o sesión expirada)[39m
[33m[Nest] 7392  - [39m03/08/2026, 1:09:51 p. m. [33m   WARN[39m [38;5;3m[AllExceptionsFilter] [39m[33m[undefined] GET /api/notifications/stream -> 401 (Credenciales inválidas o sesión expirada)[39m
[33m[Nest] 7392  - [39m03/08/2026, 1:09:54 p. m. [33m   WARN[39m [38;5;3m[AllExceptionsFilter] [39m[33m[undefined] GET /api/notifications/stream -> 401 (Credenciales inválidas o sesión expirada)[39m
[33m[Nest] 7392  - [39m03/08/2026, 1:09:57 p. m. [33m   WARN[39m [38;5;3m[AllExceptionsFilter] [39m[33m[undefined] GET /api/notifications/stream -> 401 (Credenciales inválidas o sesión expirada)[39m
[33m[Nest] 7392  - [39m03/08/2026, 1:10:00 p. m. [33m   WARN[39m [38;5;3m[AllExceptionsFilter] [39m[33m[undefined] GET /api/notifications/stream -> 401 (Credenciales inválidas o sesión expirada)[39m
[33m[Nest] 7392  - [39m03/08/2026, 1:10:03 p. m. [33m   WARN[39m [38;5;3m[AllExceptionsFilter] [39m[33m[undefined] GET /api/notifications/stream -> 401 (Credenciales inválidas o sesión expirada)[39m
[33m[Nest] 7392  - [39m03/08/2026, 1:10:06 p. m. [33m   WARN[39m [38;5;3m[AllExceptionsFilter] [39m[33m[undefined] GET /api/notifications/stream -> 401 (Credenciales inválidas o sesión expirada)[39m
[33m[Nest] 7392  - [39m03/08/2026, 1:10:09 p. m. [33m   WARN[39m [38;5;3m[AllExceptionsFilter] [39m[33m[undefined] GET /api/notifications/stream -> 401 (Credenciales inválidas o sesión expirada)[39m
[33m[Nest] 7392  - [39m03/08/2026, 1:10:12 p. m. [33m   WARN[39m [38;5;3m[AllExceptionsFilter] [39m[33m[undefined] GET /api/notifications/stream -> 401 (Credenciales inválidas o sesión expirada)[39m
[33m[Nest] 7392  - [39m03/08/2026, 1:10:15 p. m. [33m   WARN[39m [38;5;3m[AllExceptionsFilter] [39m[33m[undefined] GET /api/notifications/stream -> 401 (Credenciales inválidas o sesión expirada)[39m
[33m[Nest] 7392  - [39m03/08/2026, 1:10:18 p. m. [33m   WARN[39m [38;5;3m[AllExceptionsFilter] [39m[33m[undefined] GET /api/notifications/stream -> 401 (Credenciales inválidas o sesión expirada)[39m
[33m[Nest] 7392  - [39m03/08/2026, 1:10:21 p. m. [33m   WARN[39m [38;5;3m[AllExceptionsFilter] [39m[33m[undefined] GET /api/notifications/stream -> 401 (Credenciales inválidas o sesión expirada)[39m
[33m[Nest] 7392  - [39m03/08/2026, 1:10:24 p. m. [33m   WARN[39m [38;5;3m[AllExceptionsFilter] [39m[33m[undefined] GET /api/notifications/stream -> 401 (Credenciales inválidas o sesión expirada)[39m
[33m[Nest] 7392  - [39m03/08/2026, 1:10:27 p. m. [33m   WARN[39m [38;5;3m[AllExceptionsFilter] [39m[33m[undefined] GET /api/notifications/stream -> 401 (Credenciales inválidas o sesión expirada)[39m
[33m[Nest] 7392  - [39m03/08/2026, 1:10:30 p. m. [33m   WARN[39m [38;5;3m[AllExceptionsFilter] [39m[33m[undefined] GET /api/notifications/stream -> 401 (Credenciales inválidas o sesión expirada)[39m
[33m[Nest] 7392  - [39m03/08/2026, 1:10:33 p. m. [33m   WARN[39m [38;5;3m[AllExceptionsFilter] [39m[33m[undefined] GET /api/notifications/stream -> 401 (Credenciales inválidas o sesión expirada)[39m
[33m[Nest] 7392  - [39m03/08/2026, 1:10:36 p. m. [33m   WARN[39m [38;5;3m[AllExceptionsFilter] [39m[33m[undefined] GET /api/notifications/stream -> 401 (Credenciales inválidas o sesión expirada)[39m
[33m[Nest] 7392  - [39m03/08/2026, 1:10:39 p. m. [33m   WARN[39m [38;5;3m[AllExceptionsFilter] [39m[33m[undefined] GET /api/notifications/stream -> 401 (Credenciales inválidas o sesión expirada)[39m
[33m[Nest] 7392  - [39m03/08/2026, 1:10:42 p. m. [33m   WARN[39m [38;5;3m[AllExceptionsFilter] [39m[33m[undefined] GET /api/notifications/stream -> 401 (Credenciales inválidas o sesión expirada)[39m
[33m[Nest] 7392  - [39m03/08/2026, 1:10:46 p. m. [33m   WARN[39m [38;5;3m[AllExceptionsFilter] [39m[33m[undefined] GET /api/notifications/stream -> 401 (Credenciales inválidas o sesión expirada)[39m
[33m[Nest] 7392  - [39m03/08/2026, 1:10:49 p. m. [33m   WARN[39m [38;5;3m[AllExceptionsFilter] [39m[33m[undefined] GET /api/notifications/stream -> 401 (Credenciales inválidas o sesión expirada)[39m
[33m[Nest] 7392  - [39m03/08/2026, 1:10:52 p. m. [33m   WARN[39m [38;5;3m[AllExceptionsFilter] [39m[33m[undefined] GET /api/notifications/stream -> 401 (Credenciales inválidas o sesión expirada)[39m
[33m[Nest] 7392  - [39m03/08/2026, 1:10:55 p. m. [33m   WARN[39m [38;5;3m[AllExceptionsFilter] [39m[33m[undefined] GET /api/notifications/stream -> 401 (Credenciales inválidas o sesión expirada)[39m
[33m[Nest] 7392  - [39m03/08/2026, 1:10:58 p. m. [33m   WARN[39m [38;5;3m[AllExceptionsFilter] [39m[33m[undefined] GET /api/notifications/stream -> 401 (Credenciales inválidas o sesión expirada)[39m
[33m[Nest] 7392  - [39m03/08/2026, 1:11:01 p. m. [33m   WARN[39m [38;5;3m[AllExceptionsFilter] [39m[33m[undefined] GET /api/notifications/stream -> 401 (Credenciales inválidas o sesión expirada)[39m
[33m[Nest] 7392  - [39m03/08/2026, 1:11:04 p. m. [33m   WARN[39m [38;5;3m[AllExceptionsFilter] [39m[33m[undefined] GET /api/notifications/stream -> 401 (Credenciales inválidas o sesión expirada)[39m
[33m[Nest] 7392  - [39m03/08/2026, 1:11:07 p. m. [33m   WARN[39m [38;5;3m[AllExceptionsFilter] [39m[33m[undefined] GET /api/notifications/stream -> 401 (Credenciales inválidas o sesión expirada)[39m
[33m[Nest] 7392  - [39m03/08/2026, 1:11:10 p. m. [33m   WARN[39m [38;5;3m[AllExceptionsFilter] [39m[33m[undefined] GET /api/notifications/stream -> 401 (Credenciales inválidas o sesión expirada)[39m
[33m[Nest] 7392  - [39m03/08/2026, 1:11:13 p. m. [33m   WARN[39m [38;5;3m[AllExceptionsFilter] [39m[33m[undefined] GET /api/notifications/stream -> 401 (Credenciales inválidas o sesión expirada)[39m
[33m[Nest] 7392  - [39m03/08/2026, 1:11:16 p. m. [33m   WARN[39m [38;5;3m[AllExceptionsFilter] [39m[33m[undefined] GET /api/notifications/stream -> 401 (Credenciales inválidas o sesión expirada)[39m
[33m[Nest] 7392  - [39m03/08/2026, 1:11:19 p. m. [33m   WARN[39m [38;5;3m[AllExceptionsFilter] [39m[33m[undefined] GET /api/notifications/stream -> 401 (Credenciales inválidas o sesión expirada)[39m
[33m[Nest] 7392  - [39m03/08/2026, 1:11:22 p. m. [33m   WARN[39m [38;5;3m[AllExceptionsFilter] [39m[33m[undefined] GET /api/notifications/stream -> 401 (Credenciales inválidas o sesión expirada)[39m
[33m[Nest] 7392  - [39m03/08/2026, 1:11:25 p. m. [33m   WARN[39m [38;5;3m[AllExceptionsFilter] [39m[33m[undefined] GET /api/notifications/stream -> 401 (Credenciales inválidas o sesión expirada)[39m
[33m[Nest] 7392  - [39m03/08/2026, 1:11:28 p. m. [33m   WARN[39m [38;5;3m[AllExceptionsFilter] [39m[33m[undefined] GET /api/notifications/stream -> 401 (Credenciales inválidas o sesión expirada)[39m
[33m[Nest] 7392  - [39m03/08/2026, 1:11:31 p. m. [33m   WARN[39m [38;5;3m[AllExceptionsFilter] [39m[33m[undefined] GET /api/notifications/stream -> 401 (Credenciales inválidas o sesión expirada)[39m
[33m[Nest] 7392  - [39m03/08/2026, 1:11:34 p. m. [33m   WARN[39m [38;5;3m[AllExceptionsFilter] [39m[33m[undefined] GET /api/notifications/stream -> 401 (Credenciales inválidas o sesión expirada)[39m
[33m[Nest] 7392  - [39m03/08/2026, 1:11:37 p. m. [33m   WARN[39m [38;5;3m[AllExceptionsFilter] [39m[33m[undefined] GET /api/notifications/stream -> 401 (Credenciales inválidas o sesión expirada)[39m
[33m[Nest] 7392  - [39m03/08/2026, 1:11:40 p. m. [33m   WARN[39m [38;5;3m[AllExceptionsFilter] [39m[33m[undefined] GET /api/notifications/stream -> 401 (Credenciales inválidas o sesión expirada)[39m
[33m[Nest] 7392  - [39m03/08/2026, 1:11:43 p. m. [33m   WARN[39m [38;5;3m[AllExceptionsFilter] [39m[33m[undefined] GET /api/notifications/stream -> 401 (Credenciales inválidas o sesión expirada)[39m
[33m[Nest] 7392  - [39m03/08/2026, 1:11:46 p. m. [33m   WARN[39m [38;5;3m[AllExceptionsFilter] [39m[33m[undefined] GET /api/notifications/stream -> 401 (Credenciales inválidas o sesión expirada)[39m
[33m[Nest] 7392  - [39m03/08/2026, 1:11:49 p. m. [33m   WARN[39m [38;5;3m[AllExceptionsFilter] [39m[33m[undefined] GET /api/notifications/stream -> 401 (Credenciales inválidas o sesión expirada)[39m
[33m[Nest] 7392  - [39m03/08/2026, 1:11:52 p. m. [33m   WARN[39m [38;5;3m[AllExceptionsFilter] [39m[33m[undefined] GET /api/notifications/stream -> 401 (Credenciales inválidas o sesión expirada)[39m
[33m[Nest] 7392  - [39m03/08/2026, 1:11:55 p. m. [33m   WARN[39m [38;5;3m[AllExceptionsFilter] [39m[33m[undefined] GET /api/notifications/stream -> 401 (Credenciales inválidas o sesión expirada)[39m
[33m[Nest] 7392  - [39m03/08/2026, 1:11:58 p. m. [33m   WARN[39m [38;5;3m[AllExceptionsFilter] [39m[33m[undefined] GET /api/notifications/stream -> 401 (Credenciales inválidas o sesión expirada)[39m
[33m[Nest] 7392  - [39m03/08/2026, 1:12:01 p. m. [33m   WARN[39m [38;5;3m[AllExceptionsFilter] [39m[33m[undefined] GET /api/notifications/stream -> 401 (Credenciales inválidas o sesión expirada)[39m
[33m[Nest] 7392  - [39m03/08/2026, 1:12:04 p. m. [33m   WARN[39m [38;5;3m[AllExceptionsFilter] [39m[33m[undefined] GET /api/notifications/stream -> 401 (Credenciales inválidas o sesión expirada)[39m
[33m[Nest] 7392  - [39m03/08/2026, 1:12:07 p. m. [33m   WARN[39m [38;5;3m[AllExceptionsFilter] [39m[33m[undefined] GET /api/notifications/stream -> 401 (Credenciales inválidas o sesión expirada)[39m
[33m[Nest] 7392  - [39m03/08/2026, 1:12:10 p. m. [33m   WARN[39m [38;5;3m[AllExceptionsFilter] [39m[33m[undefined] GET /api/notifications/stream -> 401 (Credenciales inválidas o sesión expirada)[39m
[33m[Nest] 7392  - [39m03/08/2026, 1:12:13 p. m. [33m   WARN[39m [38;5;3m[AllExceptionsFilter] [39m[33m[undefined] GET /api/notifications/stream -> 401 (Credenciales inválidas o sesión expirada)[39m
[33m[Nest] 7392  - [39m03/08/2026, 1:12:16 p. m. [33m   WARN[39m [38;5;3m[AllExceptionsFilter] [39m[33m[undefined] GET /api/notifications/stream -> 401 (Credenciales inválidas o sesión expirada)[39m
[33m[Nest] 7392  - [39m03/08/2026, 1:12:19 p. m. [33m   WARN[39m [38;5;3m[AllExceptionsFilter] [39m[33m[undefined] GET /api/notifications/stream -> 401 (Credenciales inválidas o sesión expirada)[39m
[33m[Nest] 7392  - [39m03/08/2026, 1:12:22 p. m. [33m   WARN[39m [38;5;3m[AllExceptionsFilter] [39m[33m[undefined] GET /api/notifications/stream -> 401 (Credenciales inválidas o sesión expirada)[39m
[33m[Nest] 7392  - [39m03/08/2026, 1:12:25 p. m. [33m   WARN[39m [38;5;3m[AllExceptionsFilter] [39m[33m[undefined] GET /api/notifications/stream -> 401 (Credenciales inválidas o sesión expirada)[39m
[33m[Nest] 7392  - [39m03/08/2026, 1:12:28 p. m. [33m   WARN[39m [38;5;3m[AllExceptionsFilter] [39m[33m[undefined] GET /api/notifications/stream -> 401 (Credenciales inválidas o sesión expirada)[39m
[33m[Nest] 7392  - [39m03/08/2026, 1:12:31 p. m. [33m   WARN[39m [38;5;3m[AllExceptionsFilter] [39m[33m[undefined] GET /api/notifications/stream -> 401 (Credenciales inválidas o sesión expirada)[39m
[33m[Nest] 7392  - [39m03/08/2026, 1:12:34 p. m. [33m   WARN[39m [38;5;3m[AllExceptionsFilter] [39m[33m[undefined] GET /api/notifications/stream -> 401 (Credenciales inválidas o sesión expirada)[39m
[33m[Nest] 7392  - [39m03/08/2026, 1:12:37 p. m. [33m   WARN[39m [38;5;3m[AllExceptionsFilter] [39m[33m[undefined] GET /api/notifications/stream -> 401 (Credenciales inválidas o sesión expirada)[39m
[33m[Nest] 7392  - [39m03/08/2026, 1:12:40 p. m. [33m   WARN[39m [38;5;3m[AllExceptionsFilter] [39m[33m[undefined] GET /api/notifications/stream -> 401 (Credenciales inválidas o sesión expirada)[39m
[33m[Nest] 7392  - [39m03/08/2026, 1:12:43 p. m. [33m   WARN[39m [38;5;3m[AllExceptionsFilter] [39m[33m[undefined] GET /api/notifications/stream -> 401 (Credenciales inválidas o sesión expirada)[39m
[33m[Nest] 7392  - [39m03/08/2026, 1:12:46 p. m. [33m   WARN[39m [38;5;3m[AllExceptionsFilter] [39m[33m[undefined] GET /api/notifications/stream -> 401 (Credenciales inválidas o sesión expirada)[39m
[33m[Nest] 7392  - [39m03/08/2026, 1:12:49 p. m. [33m   WARN[39m [38;5;3m[AllExceptionsFilter] [39m[33m[undefined] GET /api/notifications/stream -> 401 (Credenciales inválidas o sesión expirada)[39m
[33m[Nest] 7392  - [39m03/08/2026, 1:12:52 p. m. [33m   WARN[39m [38;5;3m[AllExceptionsFilter] [39m[33m[undefined] GET /api/notifications/stream -> 401 (Credenciales inválidas o sesión expirada)[39m
[33m[Nest] 7392  - [39m03/08/2026, 1:12:55 p. m. [33m   WARN[39m [38;5;3m[AllExceptionsFilter] [39m[33m[undefined] GET /api/notifications/stream -> 401 (Credenciales inválidas o sesión expirada)[39m
[33m[Nest] 7392  - [39m03/08/2026, 1:12:58 p. m. [33m   WARN[39m [38;5;3m[AllExceptionsFilter] [39m[33m[undefined] GET /api/notifications/stream -> 401 (Credenciales inválidas o sesión expirada)[39m
[33m[Nest] 7392  - [39m03/08/2026, 1:13:01 p. m. [33m   WARN[39m [38;5;3m[AllExceptionsFilter] [39m[33m[undefined] GET /api/notifications/stream -> 401 (Credenciales inválidas o sesión expirada)[39m
[33m[Nest] 7392  - [39m03/08/2026, 1:13:04 p. m. [33m   WARN[39m [38;5;3m[AllExceptionsFilter] [39m[33m[undefined] GET /api/notifications/stream -> 401 (Credenciales inválidas o sesión expirada)[39m
[33m[Nest] 7392  - [39m03/08/2026, 1:13:07 p. m. [33m   WARN[39m [38;5;3m[AllExceptionsFilter] [39m[33m[undefined] GET /api/notifications/stream -> 401 (Credenciales inválidas o sesión expirada)[39m
[33m[Nest] 7392  - [39m03/08/2026, 1:13:10 p. m. [33m   WARN[39m [38;5;3m[AllExceptionsFilter] [39m[33m[undefined] GET /api/notifications/stream -> 401 (Credenciales inválidas o sesión expirada)[39m
[33m[Nest] 7392  - [39m03/08/2026, 1:13:13 p. m. [33m   WARN[39m [38;5;3m[AllExceptionsFilter] [39m[33m[undefined] GET /api/notifications/stream -> 401 (Credenciales inválidas o sesión expirada)[39m
[33m[Nest] 7392  - [39m03/08/2026, 1:13:16 p. m. [33m   WARN[39m [38;5;3m[AllExceptionsFilter] [39m[33m[undefined] GET /api/notifications/stream -> 401 (Credenciales inválidas o sesión expirada)[39m
[33m[Nest] 7392  - [39m03/08/2026, 1:13:19 p. m. [33m   WARN[39m [38;5;3m[AllExceptionsFilter] [39m[33m[undefined] GET /api/notifications/stream -> 401 (Credenciales inválidas o sesión expirada)[39m
[33m[Nest] 7392  - [39m03/08/2026, 1:13:22 p. m. [33m   WARN[39m [38;5;3m[AllExceptionsFilter] [39m[33m[undefined] GET /api/notifications/stream -> 401 (Credenciales inválidas o sesión expirada)[39m
[33m[Nest] 7392  - [39m03/08/2026, 1:13:25 p. m. [33m   WARN[39m [38;5;3m[AllExceptionsFilter] [39m[33m[undefined] GET /api/notifications/stream -> 401 (Credenciales inválidas o sesión expirada)[39m
[33m[Nest] 7392  - [39m03/08/2026, 1:13:28 p. m. [33m   WARN[39m [38;5;3m[AllExceptionsFilter] [39m[33m[undefined] GET /api/notifications/stream -> 401 (Credenciales inválidas o sesión expirada)[39m
[33m[Nest] 7392  - [39m03/08/2026, 1:13:31 p. m. [33m   WARN[39m [38;5;3m[AllExceptionsFilter] [39m[33m[undefined] GET /api/notifications/stream -> 401 (Credenciales inválidas o sesión expirada)[39m
[33m[Nest] 7392  - [39m03/08/2026, 1:13:34 p. m. [33m   WARN[39m [38;5;3m[AllExceptionsFilter] [39m[33m[undefined] GET /api/notifications/stream -> 401 (Credenciales inválidas o sesión expirada)[39m
[33m[Nest] 7392  - [39m03/08/2026, 1:13:37 p. m. [33m   WARN[39m [38;5;3m[AllExceptionsFilter] [39m[33m[undefined] GET /api/notifications/stream -> 401 (Credenciales inválidas o sesión expirada)[39m
[33m[Nest] 7392  - [39m03/08/2026, 1:13:40 p. m. [33m   WARN[39m [38;5;3m[AllExceptionsFilter] [39m[33m[undefined] GET /api/notifications/stream -> 401 (Credenciales inválidas o sesión expirada)[39m
[33m[Nest] 7392  - [39m03/08/2026, 1:13:43 p. m. [33m   WARN[39m [38;5;3m[AllExceptionsFilter] [39m[33m[undefined] GET /api/notifications/stream -> 401 (Credenciales inválidas o sesión expirada)[39m
[33m[Nest] 7392  - [39m03/08/2026, 1:13:46 p. m. [33m   WARN[39m [38;5;3m[AllExceptionsFilter] [39m[33m[undefined] GET /api/notifications/stream -> 401 (Credenciales inválidas o sesión expirada)[39m
[33m[Nest] 7392  - [39m03/08/2026, 1:13:50 p. m. [33m   WARN[39m [38;5;3m[AllExceptionsFilter] [39m[33m[undefined] GET /api/notifications/stream -> 401 (Credenciales inválidas o sesión expirada)[39m
[33m[Nest] 7392  - [39m03/08/2026, 1:13:53 p. m. [33m   WARN[39m [38;5;3m[AllExceptionsFilter] [39m[33m[undefined] GET /api/notifications/stream -> 401 (Credenciales inválidas o sesión expirada)[39m
[33m[Nest] 7392  - [39m03/08/2026, 1:13:56 p. m. [33m   WARN[39m [38;5;3m[AllExceptionsFilter] [39m[33m[undefined] GET /api/notifications/stream -> 401 (Credenciales inválidas o sesión expirada)[39m
[33m[Nest] 7392  - [39m03/08/2026, 1:13:59 p. m. [33m   WARN[39m [38;5;3m[AllExceptionsFilter] [39m[33m[undefined] GET /api/notifications/stream -> 401 (Credenciales inválidas o sesión expirada)[39m
[33m[Nest] 7392  - [39m03/08/2026, 1:14:02 p. m. [33m   WARN[39m [38;5;3m[AllExceptionsFilter] [39m[33m[undefined] GET /api/notifications/stream -> 401 (Credenciales inválidas o sesión expirada)[39m
[33m[Nest] 7392  - [39m03/08/2026, 1:14:05 p. m. [33m   WARN[39m [38;5;3m[AllExceptionsFilter] [39m[33m[undefined] GET /api/notifications/stream -> 401 (Credenciales inválidas o sesión expirada)[39m
[33m[Nest] 7392  - [39m03/08/2026, 1:14:08 p. m. [33m   WARN[39m [38;5;3m[AllExceptionsFilter] [39m[33m[undefined] GET /api/notifications/stream -> 401 (Credenciales inválidas o sesión expirada)[39m
[33m[Nest] 7392  - [39m03/08/2026, 1:14:11 p. m. [33m   WARN[39m [38;5;3m[AllExceptionsFilter] [39m[33m[undefined] GET /api/notifications/stream -> 401 (Credenciales inválidas o sesión expirada)[39m
[33m[Nest] 7392  - [39m03/08/2026, 1:14:14 p. m. [33m   WARN[39m [38;5;3m[AllExceptionsFilter] [39m[33m[undefined] GET /api/notifications/stream -> 401 (Credenciales inválidas o sesión expirada)[39m
[33m[Nest] 7392  - [39m03/08/2026, 1:14:17 p. m. [33m   WARN[39m [38;5;3m[AllExceptionsFilter] [39m[33m[undefined] GET /api/notifications/stream -> 401 (Credenciales inválidas o sesión expirada)[39m
[33m[Nest] 7392  - [39m03/08/2026, 1:14:20 p. m. [33m   WARN[39m [38;5;3m[AllExceptionsFilter] [39m[33m[undefined] GET /api/notifications/stream -> 401 (Credenciales inválidas o sesión expirada)[39m
[33m[Nest] 7392  - [39m03/08/2026, 1:14:23 p. m. [33m   WARN[39m [38;5;3m[AllExceptionsFilter] [39m[33m[undefined] GET /api/notifications/stream -> 401 (Credenciales inválidas o sesión expirada)[39m
[33m[Nest] 7392  - [39m03/08/2026, 1:14:26 p. m. [33m   WARN[39m [38;5;3m[AllExceptionsFilter] [39m[33m[undefined] GET /api/notifications/stream -> 401 (Credenciales inválidas o sesión expirada)[39m
[33m[Nest] 7392  - [39m03/08/2026, 1:14:29 p. m. [33m   WARN[39m [38;5;3m[AllExceptionsFilter] [39m[33m[undefined] GET /api/notifications/stream -> 401 (Credenciales inválidas o sesión expirada)[39m
[33m[Nest] 7392  - [39m03/08/2026, 1:14:32 p. m. [33m   WARN[39m [38;5;3m[AllExceptionsFilter] [39m[33m[undefined] GET /api/notifications/stream -> 401 (Credenciales inválidas o sesión expirada)[39m
[33m[Nest] 7392  - [39m03/08/2026, 1:14:35 p. m. [33m   WARN[39m [38;5;3m[AllExceptionsFilter] [39m[33m[undefined] GET /api/notifications/stream -> 401 (Credenciales inválidas o sesión expirada)[39m
[33m[Nest] 7392  - [39m03/08/2026, 1:14:38 p. m. [33m   WARN[39m [38;5;3m[AllExceptionsFilter] [39m[33m[undefined] GET /api/notifications/stream -> 401 (Credenciales inválidas o sesión expirada)[39m
[33m[Nest] 7392  - [39m03/08/2026, 1:14:41 p. m. [33m   WARN[39m [38;5;3m[AllExceptionsFilter] [39m[33m[undefined] GET /api/notifications/stream -> 401 (Credenciales inválidas o sesión expirada)[39m
[33m[Nest] 7392  - [39m03/08/2026, 1:14:44 p. m. [33m   WARN[39m [38;5;3m[AllExceptionsFilter] [39m[33m[undefined] GET /api/notifications/stream -> 401 (Credenciales inválidas o sesión expirada)[39m
[33m[Nest] 7392  - [39m03/08/2026, 1:14:47 p. m. [33m   WARN[39m [38;5;3m[AllExceptionsFilter] [39m[33m[undefined] GET /api/notifications/stream -> 401 (Credenciales inválidas o sesión expirada)[39m
[33m[Nest] 7392  - [39m03/08/2026, 1:14:50 p. m. [33m   WARN[39m [38;5;3m[AllExceptionsFilter] [39m[33m[undefined] GET /api/notifications/stream -> 401 (Credenciales inválidas o sesión expirada)[39m
[33m[Nest] 7392  - [39m03/08/2026, 1:14:53 p. m. [33m   WARN[39m [38;5;3m[AllExceptionsFilter] [39m[33m[undefined] GET /api/notifications/stream -> 401 (Credenciales inválidas o sesión expirada)[39m
[33m[Nest] 7392  - [39m03/08/2026, 1:14:56 p. m. [33m   WARN[39m [38;5;3m[AllExceptionsFilter] [39m[33m[undefined] GET /api/notifications/stream -> 401 (Credenciales inválidas o sesión expirada)[39m
[33m[Nest] 7392  - [39m03/08/2026, 1:14:59 p. m. [33m   WARN[39m [38;5;3m[AllExceptionsFilter] [39m[33m[undefined] GET /api/notifications/stream -> 401 (Credenciales inválidas o sesión expirada)[39m
[33m[Nest] 7392  - [39m03/08/2026, 1:15:02 p. m. [33m   WARN[39m [38;5;3m[AllExceptionsFilter] [39m[33m[undefined] GET /api/notifications/stream -> 401 (Credenciales inválidas o sesión expirada)[39m
[33m[Nest] 7392  - [39m03/08/2026, 1:15:05 p. m. [33m   WARN[39m [38;5;3m[AllExceptionsFilter] [39m[33m[undefined] GET /api/notifications/stream -> 401 (Credenciales inválidas o sesión expirada)[39m
[33m[Nest] 7392  - [39m03/08/2026, 1:15:08 p. m. [33m   WARN[39m [38;5;3m[AllExceptionsFilter] [39m[33m[undefined] GET /api/notifications/stream -> 401 (Credenciales inválidas o sesión expirada)[39m
[33m[Nest] 7392  - [39m03/08/2026, 1:15:11 p. m. [33m   WARN[39m [38;5;3m[AllExceptionsFilter] [39m[33m[undefined] GET /api/notifications/stream -> 401 (Credenciales inválidas o sesión expirada)[39m
[33m[Nest] 7392  - [39m03/08/2026, 1:15:14 p. m. [33m   WARN[39m [38;5;3m[AllExceptionsFilter] [39m[33m[undefined] GET /api/notifications/stream -> 401 (Credenciales inválidas o sesión expirada)[39m
[33m[Nest] 7392  - [39m03/08/2026, 1:15:17 p. m. [33m   WARN[39m [38;5;3m[AllExceptionsFilter] [39m[33m[undefined] GET /api/notifications/stream -> 401 (Credenciales inválidas o sesión expirada)[39m
[33m[Nest] 7392  - [39m03/08/2026, 1:15:20 p. m. [33m   WARN[39m [38;5;3m[AllExceptionsFilter] [39m[33m[undefined] GET /api/notifications/stream -> 401 (Credenciales inválidas o sesión expirada)[39m
[33m[Nest] 7392  - [39m03/08/2026, 1:15:23 p. m. [33m   WARN[39m [38;5;3m[AllExceptionsFilter] [39m[33m[undefined] GET /api/notifications/stream -> 401 (Credenciales inválidas o sesión expirada)[39m
[33m[Nest] 7392  - [39m03/08/2026, 1:15:26 p. m. [33m   WARN[39m [38;5;3m[AllExceptionsFilter] [39m[33m[undefined] GET /api/notifications/stream -> 401 (Credenciales inválidas o sesión expirada)[39m
[33m[Nest] 7392  - [39m03/08/2026, 1:15:29 p. m. [33m   WARN[39m [38;5;3m[AllExceptionsFilter] [39m[33m[undefined] GET /api/notifications/stream -> 401 (Credenciales inválidas o sesión expirada)[39m
[33m[Nest] 7392  - [39m03/08/2026, 1:15:32 p. m. [33m   WARN[39m [38;5;3m[AllExceptionsFilter] [39m[33m[undefined] GET /api/notifications/stream -> 401 (Credenciales inválidas o sesión expirada)[39m
[33m[Nest] 7392  - [39m03/08/2026, 1:15:35 p. m. [33m   WARN[39m [38;5;3m[AllExceptionsFilter] [39m[33m[undefined] GET /api/notifications/stream -> 401 (Credenciales inválidas o sesión expirada)[39m
[33m[Nest] 7392  - [39m03/08/2026, 1:15:38 p. m. [33m   WARN[39m [38;5;3m[AllExceptionsFilter] [39m[33m[undefined] GET /api/notifications/stream -> 401 (Credenciales inválidas o sesión expirada)[39m
[33m[Nest] 7392  - [39m03/08/2026, 1:15:41 p. m. [33m   WARN[39m [38;5;3m[AllExceptionsFilter] [39m[33m[undefined] GET /api/notifications/stream -> 401 (Credenciales inválidas o sesión expirada)[39m
[33m[Nest] 7392  - [39m03/08/2026, 1:15:44 p. m. [33m   WARN[39m [38;5;3m[AllExceptionsFilter] [39m[33m[undefined] GET /api/notifications/stream -> 401 (Credenciales inválidas o sesión expirada)[39m
[33m[Nest] 7392  - [39m03/08/2026, 1:15:47 p. m. [33m   WARN[39m [38;5;3m[AllExceptionsFilter] [39m[33m[undefined] GET /api/notifications/stream -> 401 (Credenciales inválidas o sesión expirada)[39m
[33m[Nest] 7392  - [39m03/08/2026, 1:15:50 p. m. [33m   WARN[39m [38;5;3m[AllExceptionsFilter] [39m[33m[undefined] GET /api/notifications/stream -> 401 (Credenciales inválidas o sesión expirada)[39m
[33m[Nest] 7392  - [39m03/08/2026, 1:15:53 p. m. [33m   WARN[39m [38;5;3m[AllExceptionsFilter] [39m[33m[undefined] GET /api/notifications/stream -> 401 (Credenciales inválidas o sesión expirada)[39m
[33m[Nest] 7392  - [39m03/08/2026, 1:15:56 p. m. [33m   WARN[39m [38;5;3m[AllExceptionsFilter] [39m[33m[undefined] GET /api/notifications/stream -> 401 (Credenciales inválidas o sesión expirada)[39m
[33m[Nest] 7392  - [39m03/08/2026, 1:15:59 p. m. [33m   WARN[39m [38;5;3m[AllExceptionsFilter] [39m[33m[undefined] GET /api/notifications/stream -> 401 (Credenciales inválidas o sesión expirada)[39m
[33m[Nest] 7392  - [39m03/08/2026, 1:16:02 p. m. [33m   WARN[39m [38;5;3m[AllExceptionsFilter] [39m[33m[undefined] GET /api/notifications/stream -> 401 (Credenciales inválidas o sesión expirada)[39m
[33m[Nest] 7392  - [39m03/08/2026, 1:16:05 p. m. [33m   WARN[39m [38;5;3m[AllExceptionsFilter] [39m[33m[undefined] GET /api/notifications/stream -> 401 (Credenciales inválidas o sesión expirada)[39m
[33m[Nest] 7392  - [39m03/08/2026, 1:16:08 p. m. [33m   WARN[39m [38;5;3m[AllExceptionsFilter] [39m[33m[undefined] GET /api/notifications/stream -> 401 (Credenciales inválidas o sesión expirada)[39m
[33m[Nest] 7392  - [39m03/08/2026, 1:16:11 p. m. [33m   WARN[39m [38;5;3m[AllExceptionsFilter] [39m[33m[undefined] GET /api/notifications/stream -> 401 (Credenciales inválidas o sesión expirada)[39m
[33m[Nest] 7392  - [39m03/08/2026, 1:16:14 p. m. [33m   WARN[39m [38;5;3m[AllExceptionsFilter] [39m[33m[undefined] GET /api/notifications/stream -> 401 (Credenciales inválidas o sesión expirada)[39m
[33m[Nest] 7392  - [39m03/08/2026, 1:16:17 p. m. [33m   WARN[39m [38;5;3m[AllExceptionsFilter] [39m[33m[undefined] GET /api/notifications/stream -> 401 (Credenciales inválidas o sesión expirada)[39m
[33m[Nest] 7392  - [39m03/08/2026, 1:16:20 p. m. [33m   WARN[39m [38;5;3m[AllExceptionsFilter] [39m[33m[undefined] GET /api/notifications/stream -> 401 (Credenciales inválidas o sesión expirada)[39m
[33m[Nest] 7392  - [39m03/08/2026, 1:16:23 p. m. [33m   WARN[39m [38;5;3m[AllExceptionsFilter] [39m[33m[undefined] GET /api/notifications/stream -> 401 (Credenciales inválidas o sesión expirada)[39m
[33m[Nest] 7392  - [39m03/08/2026, 1:16:26 p. m. [33m   WARN[39m [38;5;3m[AllExceptionsFilter] [39m[33m[undefined] GET /api/notifications/stream -> 401 (Credenciales inválidas o sesión expirada)[39m
[33m[Nest] 7392  - [39m03/08/2026, 1:16:29 p. m. [33m   WARN[39m [38;5;3m[AllExceptionsFilter] [39m[33m[undefined] GET /api/notifications/stream -> 401 (Credenciales inválidas o sesión expirada)[39m
[33m[Nest] 7392  - [39m03/08/2026, 1:16:32 p. m. [33m   WARN[39m [38;5;3m[AllExceptionsFilter] [39m[33m[undefined] GET /api/notifications/stream -> 401 (Credenciales inválidas o sesión expirada)[39m
[33m[Nest] 7392  - [39m03/08/2026, 1:16:35 p. m. [33m   WARN[39m [38;5;3m[AllExceptionsFilter] [39m[33m[undefined] GET /api/notifications/stream -> 401 (Credenciales inválidas o sesión expirada)[39m
[33m[Nest] 7392  - [39m03/08/2026, 1:16:38 p. m. [33m   WARN[39m [38;5;3m[AllExceptionsFilter] [39m[33m[undefined] GET /api/notifications/stream -> 401 (Credenciales inválidas o sesión expirada)[39m
[33m[Nest] 7392  - [39m03/08/2026, 1:16:41 p. m. [33m   WARN[39m [38;5;3m[AllExceptionsFilter] [39m[33m[undefined] GET /api/notifications/stream -> 401 (Credenciales inválidas o sesión expirada)[39m
[33m[Nest] 7392  - [39m03/08/2026, 1:16:44 p. m. [33m   WARN[39m [38;5;3m[AllExceptionsFilter] [39m[33m[undefined] GET /api/notifications/stream -> 401 (Credenciales inválidas o sesión expirada)[39m
[33m[Nest] 7392  - [39m03/08/2026, 1:16:47 p. m. [33m   WARN[39m [38;5;3m[AllExceptionsFilter] [39m[33m[undefined] GET /api/notifications/stream -> 401 (Credenciales inválidas o sesión expirada)[39m
[33m[Nest] 7392  - [39m03/08/2026, 1:16:50 p. m. [33m   WARN[39m [38;5;3m[AllExceptionsFilter] [39m[33m[undefined] GET /api/notifications/stream -> 401 (Credenciales inválidas o sesión expirada)[39m
[33m[Nest] 7392  - [39m03/08/2026, 1:16:53 p. m. [33m   WARN[39m [38;5;3m[AllExceptionsFilter] [39m[33m[undefined] GET /api/notifications/stream -> 401 (Credenciales inválidas o sesión expirada)[39m
[33m[Nest] 7392  - [39m03/08/2026, 1:16:57 p. m. [33m   WARN[39m [38;5;3m[AllExceptionsFilter] [39m[33m[undefined] GET /api/notifications/stream -> 401 (Credenciales inválidas o sesión expirada)[39m
[33m[Nest] 7392  - [39m03/08/2026, 1:17:00 p. m. [33m   WARN[39m [38;5;3m[AllExceptionsFilter] [39m[33m[undefined] GET /api/notifications/stream -> 401 (Credenciales inválidas o sesión expirada)[39m
[33m[Nest] 7392  - [39m03/08/2026, 1:17:03 p. m. [33m   WARN[39m [38;5;3m[AllExceptionsFilter] [39m[33m[undefined] GET /api/notifications/stream -> 401 (Credenciales inválidas o sesión expirada)[39m
[33m[Nest] 7392  - [39m03/08/2026, 1:17:06 p. m. [33m   WARN[39m [38;5;3m[AllExceptionsFilter] [39m[33m[undefined] GET /api/notifications/stream -> 401 (Credenciales inválidas o sesión expirada)[39m
[33m[Nest] 7392  - [39m03/08/2026, 1:17:09 p. m. [33m   WARN[39m [38;5;3m[AllExceptionsFilter] [39m[33m[undefined] GET /api/notifications/stream -> 401 (Credenciales inválidas o sesión expirada)[39m
[33m[Nest] 7392  - [39m03/08/2026, 1:17:12 p. m. [33m   WARN[39m [38;5;3m[AllExceptionsFilter] [39m[33m[undefined] GET /api/notifications/stream -> 401 (Credenciales inválidas o sesión expirada)[39m
[33m[Nest] 7392  - [39m03/08/2026, 1:17:15 p. m. [33m   WARN[39m [38;5;3m[AllExceptionsFilter] [39m[33m[undefined] GET /api/notifications/stream -> 401 (Credenciales inválidas o sesión expirada)[39m
[33m[Nest] 7392  - [39m03/08/2026, 1:17:18 p. m. [33m   WARN[39m [38;5;3m[AllExceptionsFilter] [39m[33m[undefined] GET /api/notifications/stream -> 401 (Credenciales inválidas o sesión expirada)[39m
[33m[Nest] 7392  - [39m03/08/2026, 1:17:21 p. m. [33m   WARN[39m [38;5;3m[AllExceptionsFilter] [39m[33m[undefined] GET /api/notifications/stream -> 401 (Credenciales inválidas o sesión expirada)[39m
[33m[Nest] 7392  - [39m03/08/2026, 1:17:24 p. m. [33m   WARN[39m [38;5;3m[AllExceptionsFilter] [39m[33m[undefined] GET /api/notifications/stream -> 401 (Credenciales inválidas o sesión expirada)[39m
[33m[Nest] 7392  - [39m03/08/2026, 1:17:27 p. m. [33m   WARN[39m [38;5;3m[AllExceptionsFilter] [39m[33m[undefined] GET /api/notifications/stream -> 401 (Credenciales inválidas o sesión expirada)[39m
[33m[Nest] 7392  - [39m03/08/2026, 1:17:30 p. m. [33m   WARN[39m [38;5;3m[AllExceptionsFilter] [39m[33m[undefined] GET /api/notifications/stream -> 401 (Credenciales inválidas o sesión expirada)[39m
[33m[Nest] 7392  - [39m03/08/2026, 1:17:33 p. m. [33m   WARN[39m [38;5;3m[AllExceptionsFilter] [39m[33m[undefined] GET /api/notifications/stream -> 401 (Credenciales inválidas o sesión expirada)[39m
[33m[Nest] 7392  - [39m03/08/2026, 1:17:36 p. m. [33m   WARN[39m [38;5;3m[AllExceptionsFilter] [39m[33m[undefined] GET /api/notifications/stream -> 401 (Credenciales inválidas o sesión expirada)[39m
[33m[Nest] 7392  - [39m03/08/2026, 1:17:39 p. m. [33m   WARN[39m [38;5;3m[AllExceptionsFilter] [39m[33m[undefined] GET /api/notifications/stream -> 401 (Credenciales inválidas o sesión expirada)[39m
[33m[Nest] 7392  - [39m03/08/2026, 1:17:42 p. m. [33m   WARN[39m [38;5;3m[AllExceptionsFilter] [39m[33m[undefined] GET /api/notifications/stream -> 401 (Credenciales inválidas o sesión expirada)[39m
[33m[Nest] 7392  - [39m03/08/2026, 1:17:45 p. m. [33m   WARN[39m [38;5;3m[AllExceptionsFilter] [39m[33m[undefined] GET /api/notifications/stream -> 401 (Credenciales inválidas o sesión expirada)[39m
[33m[Nest] 7392  - [39m03/08/2026, 1:17:48 p. m. [33m   WARN[39m [38;5;3m[AllExceptionsFilter] [39m[33m[undefined] GET /api/notifications/stream -> 401 (Credenciales inválidas o sesión expirada)[39m
[33m[Nest] 7392  - [39m03/08/2026, 1:17:51 p. m. [33m   WARN[39m [38;5;3m[AllExceptionsFilter] [39m[33m[undefined] GET /api/notifications/stream -> 401 (Credenciales inválidas o sesión expirada)[39m
[33m[Nest] 7392  - [39m03/08/2026, 1:17:54 p. m. [33m   WARN[39m [38;5;3m[AllExceptionsFilter] [39m[33m[undefined] GET /api/notifications/stream -> 401 (Credenciales inválidas o sesión expirada)[39m
[33m[Nest] 7392  - [39m03/08/2026, 1:17:57 p. m. [33m   WARN[39m [38;5;3m[AllExceptionsFilter] [39m[33m[undefined] GET /api/notifications/stream -> 401 (Credenciales inválidas o sesión expirada)[39m
[33m[Nest] 7392  - [39m03/08/2026, 1:18:00 p. m. [33m   WARN[39m [38;5;3m[AllExceptionsFilter] [39m[33m[undefined] GET /api/notifications/stream -> 401 (Credenciales inválidas o sesión expirada)[39m
[33m[Nest] 7392  - [39m03/08/2026, 1:18:03 p. m. [33m   WARN[39m [38;5;3m[AllExceptionsFilter] [39m[33m[undefined] GET /api/notifications/stream -> 401 (Credenciales inválidas o sesión expirada)[39m
[33m[Nest] 7392  - [39m03/08/2026, 1:18:06 p. m. [33m   WARN[39m [38;5;3m[AllExceptionsFilter] [39m[33m[undefined] GET /api/notifications/stream -> 401 (Credenciales inválidas o sesión expirada)[39m
[33m[Nest] 7392  - [39m03/08/2026, 1:18:09 p. m. [33m   WARN[39m [38;5;3m[AllExceptionsFilter] [39m[33m[undefined] GET /api/notifications/stream -> 401 (Credenciales inválidas o sesión expirada)[39m
[33m[Nest] 7392  - [39m03/08/2026, 1:18:12 p. m. [33m   WARN[39m [38;5;3m[AllExceptionsFilter] [39m[33m[undefined] GET /api/notifications/stream -> 401 (Credenciales inválidas o sesión expirada)[39m
[33m[Nest] 7392  - [39m03/08/2026, 1:18:15 p. m. [33m   WARN[39m [38;5;3m[AllExceptionsFilter] [39m[33m[undefined] GET /api/notifications/stream -> 401 (Credenciales inválidas o sesión expirada)[39m
[33m[Nest] 7392  - [39m03/08/2026, 1:18:18 p. m. [33m   WARN[39m [38;5;3m[AllExceptionsFilter] [39m[33m[undefined] GET /api/notifications/stream -> 401 (Credenciales inválidas o sesión expirada)[39m
[33m[Nest] 7392  - [39m03/08/2026, 1:18:21 p. m. [33m   WARN[39m [38;5;3m[AllExceptionsFilter] [39m[33m[undefined] GET /api/notifications/stream -> 401 (Credenciales inválidas o sesión expirada)[39m
[33m[Nest] 7392  - [39m03/08/2026, 1:18:24 p. m. [33m   WARN[39m [38;5;3m[AllExceptionsFilter] [39m[33m[undefined] GET /api/notifications/stream -> 401 (Credenciales inválidas o sesión expirada)[39m
[33m[Nest] 7392  - [39m03/08/2026, 1:18:27 p. m. [33m   WARN[39m [38;5;3m[AllExceptionsFilter] [39m[33m[undefined] GET /api/notifications/stream -> 401 (Credenciales inválidas o sesión expirada)[39m
[33m[Nest] 7392  - [39m03/08/2026, 1:18:30 p. m. [33m   WARN[39m [38;5;3m[AllExceptionsFilter] [39m[33m[undefined] GET /api/notifications/stream -> 401 (Credenciales inválidas o sesión expirada)[39m
[33m[Nest] 7392  - [39m03/08/2026, 1:18:33 p. m. [33m   WARN[39m [38;5;3m[AllExceptionsFilter] [39m[33m[undefined] GET /api/notifications/stream -> 401 (Credenciales inválidas o sesión expirada)[39m
[33m[Nest] 7392  - [39m03/08/2026, 1:18:36 p. m. [33m   WARN[39m [38;5;3m[AllExceptionsFilter] [39m[33m[undefined] GET /api/notifications/stream -> 401 (Credenciales inválidas o sesión expirada)[39m
[33m[Nest] 7392  - [39m03/08/2026, 1:18:39 p. m. [33m   WARN[39m [38;5;3m[AllExceptionsFilter] [39m[33m[undefined] GET /api/notifications/stream -> 401 (Credenciales inválidas o sesión expirada)[39m
[33m[Nest] 7392  - [39m03/08/2026, 1:18:42 p. m. [33m   WARN[39m [38;5;3m[AllExceptionsFilter] [39m[33m[undefined] GET /api/notifications/stream -> 401 (Credenciales inválidas o sesión expirada)[39m
[33m[Nest] 7392  - [39m03/08/2026, 1:18:45 p. m. [33m   WARN[39m [38;5;3m[AllExceptionsFilter] [39m[33m[undefined] GET /api/notifications/stream -> 401 (Credenciales inválidas o sesión expirada)[39m
[33m[Nest] 7392  - [39m03/08/2026, 1:18:48 p. m. [33m   WARN[39m [38;5;3m[AllExceptionsFilter] [39m[33m[undefined] GET /api/notifications/stream -> 401 (Credenciales inválidas o sesión expirada)[39m
[33m[Nest] 7392  - [39m03/08/2026, 1:18:51 p. m. [33m   WARN[39m [38;5;3m[AllExceptionsFilter] [39m[33m[undefined] GET /api/notifications/stream -> 401 (Credenciales inválidas o sesión expirada)[39m
[33m[Nest] 7392  - [39m03/08/2026, 1:18:54 p. m. [33m   WARN[39m [38;5;3m[AllExceptionsFilter] [39m[33m[undefined] GET /api/notifications/stream -> 401 (Credenciales inválidas o sesión expirada)[39m
[33m[Nest] 7392  - [39m03/08/2026, 1:18:57 p. m. [33m   WARN[39m [38;5;3m[AllExceptionsFilter] [39m[33m[undefined] GET /api/notifications/stream -> 401 (Credenciales inválidas o sesión expirada)[39m
[33m[Nest] 7392  - [39m03/08/2026, 1:19:00 p. m. [33m   WARN[39m [38;5;3m[AllExceptionsFilter] [39m[33m[undefined] GET /api/notifications/stream -> 401 (Credenciales inválidas o sesión expirada)[39m
[33m[Nest] 7392  - [39m03/08/2026, 1:19:03 p. m. [33m   WARN[39m [38;5;3m[AllExceptionsFilter] [39m[33m[undefined] GET /api/notifications/stream -> 401 (Credenciales inválidas o sesión expirada)[39m
[33m[Nest] 7392  - [39m03/08/2026, 1:19:06 p. m. [33m   WARN[39m [38;5;3m[AllExceptionsFilter] [39m[33m[undefined] GET /api/notifications/stream -> 401 (Credenciales inválidas o sesión expirada)[39m
[33m[Nest] 7392  - [39m03/08/2026, 1:19:09 p. m. [33m   WARN[39m [38;5;3m[AllExceptionsFilter] [39m[33m[undefined] GET /api/notifications/stream -> 401 (Credenciales inválidas o sesión expirada)[39m
[33m[Nest] 7392  - [39m03/08/2026, 1:19:12 p. m. [33m   WARN[39m [38;5;3m[AllExceptionsFilter] [39m[33m[undefined] GET /api/notifications/stream -> 401 (Credenciales inválidas o sesión expirada)[39m
[33m[Nest] 7392  - [39m03/08/2026, 1:19:15 p. m. [33m   WARN[39m [38;5;3m[AllExceptionsFilter] [39m[33m[undefined] GET /api/notifications/stream -> 401 (Credenciales inválidas o sesión expirada)[39m
[33m[Nest] 7392  - [39m03/08/2026, 1:19:18 p. m. [33m   WARN[39m [38;5;3m[AllExceptionsFilter] [39m[33m[undefined] GET /api/notifications/stream -> 401 (Credenciales inválidas o sesión expirada)[39m
[33m[Nest] 7392  - [39m03/08/2026, 1:19:21 p. m. [33m   WARN[39m [38;5;3m[AllExceptionsFilter] [39m[33m[undefined] GET /api/notifications/stream -> 401 (Credenciales inválidas o sesión expirada)[39m
[33m[Nest] 7392  - [39m03/08/2026, 1:19:24 p. m. [33m   WARN[39m [38;5;3m[AllExceptionsFilter] [39m[33m[undefined] GET /api/notifications/stream -> 401 (Credenciales inválidas o sesión expirada)[39m
[33m[Nest] 7392  - [39m03/08/2026, 1:19:27 p. m. [33m   WARN[39m [38;5;3m[AllExceptionsFilter] [39m[33m[undefined] GET /api/notifications/stream -> 401 (Credenciales inválidas o sesión expirada)[39m
[33m[Nest] 7392  - [39m03/08/2026, 1:19:30 p. m. [33m   WARN[39m [38;5;3m[AllExceptionsFilter] [39m[33m[undefined] GET /api/notifications/stream -> 401 (Credenciales inválidas o sesión expirada)[39m
[33m[Nest] 7392  - [39m03/08/2026, 1:19:33 p. m. [33m   WARN[39m [38;5;3m[AllExceptionsFilter] [39m[33m[undefined] GET /api/notifications/stream -> 401 (Credenciales inválidas o sesión expirada)[39m
[33m[Nest] 7392  - [39m03/08/2026, 1:19:36 p. m. [33m   WARN[39m [38;5;3m[AllExceptionsFilter] [39m[33m[undefined] GET /api/notifications/stream -> 401 (Credenciales inválidas o sesión expirada)[39m
[33m[Nest] 7392  - [39m03/08/2026, 1:19:39 p. m. [33m   WARN[39m [38;5;3m[AllExceptionsFilter] [39m[33m[undefined] GET /api/notifications/stream -> 401 (Credenciales inválidas o sesión expirada)[39m
[33m[Nest] 7392  - [39m03/08/2026, 1:19:42 p. m. [33m   WARN[39m [38;5;3m[AllExceptionsFilter] [39m[33m[undefined] GET /api/notifications/stream -> 401 (Credenciales inválidas o sesión expirada)[39m
[33m[Nest] 7392  - [39m03/08/2026, 1:19:45 p. m. [33m   WARN[39m [38;5;3m[AllExceptionsFilter] [39m[33m[undefined] GET /api/notifications/stream -> 401 (Credenciales inválidas o sesión expirada)[39m
[33m[Nest] 7392  - [39m03/08/2026, 1:19:48 p. m. [33m   WARN[39m [38;5;3m[AllExceptionsFilter] [39m[33m[undefined] GET /api/notifications/stream -> 401 (Credenciales inválidas o sesión expirada)[39m
[33m[Nest] 7392  - [39m03/08/2026, 1:19:51 p. m. [33m   WARN[39m [38;5;3m[AllExceptionsFilter] [39m[33m[undefined] GET /api/notifications/stream -> 401 (Credenciales inválidas o sesión expirada)[39m
[33m[Nest] 7392  - [39m03/08/2026, 1:19:54 p. m. [33m   WARN[39m [38;5;3m[AllExceptionsFilter] [39m[33m[undefined] GET /api/notifications/stream -> 401 (Credenciales inválidas o sesión expirada)[39m
[33m[Nest] 7392  - [39m03/08/2026, 1:19:57 p. m. [33m   WARN[39m [38;5;3m[AllExceptionsFilter] [39m[33m[undefined] GET /api/notifications/stream -> 401 (Credenciales inválidas o sesión expirada)[39m
[33m[Nest] 7392  - [39m03/08/2026, 1:20:00 p. m. [33m   WARN[39m [38;5;3m[AllExceptionsFilter] [39m[33m[undefined] GET /api/notifications/stream -> 401 (Credenciales inválidas o sesión expirada)[39m
[33m[Nest] 7392  - [39m03/08/2026, 1:20:03 p. m. [33m   WARN[39m [38;5;3m[AllExceptionsFilter] [39m[33m[undefined] GET /api/notifications/stream -> 401 (Credenciales inválidas o sesión expirada)[39m
[33m[Nest] 7392  - [39m03/08/2026, 1:20:06 p. m. [33m   WARN[39m [38;5;3m[AllExceptionsFilter] [39m[33m[undefined] GET /api/notifications/stream -> 401 (Credenciales inválidas o sesión expirada)[39m
[33m[Nest] 7392  - [39m03/08/2026, 1:20:09 p. m. [33m   WARN[39m [38;5;3m[AllExceptionsFilter] [39m[33m[undefined] GET /api/notifications/stream -> 401 (Credenciales inválidas o sesión expirada)[39m
[33m[Nest] 7392  - [39m03/08/2026, 1:20:12 p. m. [33m   WARN[39m [38;5;3m[AllExceptionsFilter] [39m[33m[undefined] GET /api/notifications/stream -> 401 (Credenciales inválidas o sesión expirada)[39m
[33m[Nest] 7392  - [39m03/08/2026, 1:20:15 p. m. [33m   WARN[39m [38;5;3m[AllExceptionsFilter] [39m[33m[undefined] GET /api/notifications/stream -> 401 (Credenciales inválidas o sesión expirada)[39m
[33m[Nest] 7392  - [39m03/08/2026, 1:20:18 p. m. [33m   WARN[39m [38;5;3m[AllExceptionsFilter] [39m[33m[undefined] GET /api/notifications/stream -> 401 (Credenciales inválidas o sesión expirada)[39m
[33m[Nest] 7392  - [39m03/08/2026, 1:20:21 p. m. [33m   WARN[39m [38;5;3m[AllExceptionsFilter] [39m[33m[undefined] GET /api/notifications/stream -> 401 (Credenciales inválidas o sesión expirada)[39m
[33m[Nest] 7392  - [39m03/08/2026, 1:20:24 p. m. [33m   WARN[39m [38;5;3m[AllExceptionsFilter] [39m[33m[undefined] GET /api/notifications/stream -> 401 (Credenciales inválidas o sesión expirada)[39m
[33m[Nest] 7392  - [39m03/08/2026, 1:20:27 p. m. [33m   WARN[39m [38;5;3m[AllExceptionsFilter] [39m[33m[undefined] GET /api/notifications/stream -> 401 (Credenciales inválidas o sesión expirada)[39m
[33m[Nest] 7392  - [39m03/08/2026, 1:20:30 p. m. [33m   WARN[39m [38;5;3m[AllExceptionsFilter] [39m[33m[undefined] GET /api/notifications/stream -> 401 (Credenciales inválidas o sesión expirada)[39m
[33m[Nest] 7392  - [39m03/08/2026, 1:20:33 p. m. [33m   WARN[39m [38;5;3m[AllExceptionsFilter] [39m[33m[undefined] GET /api/notifications/stream -> 401 (Credenciales inválidas o sesión expirada)[39m
[33m[Nest] 7392  - [39m03/08/2026, 1:20:37 p. m. [33m   WARN[39m [38;5;3m[AllExceptionsFilter] [39m[33m[undefined] GET /api/notifications/stream -> 401 (Credenciales inválidas o sesión expirada)[39m
[33m[Nest] 7392  - [39m03/08/2026, 1:20:40 p. m. [33m   WARN[39m [38;5;3m[AllExceptionsFilter] [39m[33m[undefined] GET /api/notifications/stream -> 401 (Credenciales inválidas o sesión expirada)[39m
[33m[Nest] 7392  - [39m03/08/2026, 1:20:43 p. m. [33m   WARN[39m [38;5;3m[AllExceptionsFilter] [39m[33m[undefined] GET /api/notifications/stream -> 401 (Credenciales inválidas o sesión expirada)[39m
[33m[Nest] 7392  - [39m03/08/2026, 1:20:46 p. m. [33m   WARN[39m [38;5;3m[AllExceptionsFilter] [39m[33m[undefined] GET /api/notifications/stream -> 401 (Credenciales inválidas o sesión expirada)[39m
[33m[Nest] 7392  - [39m03/08/2026, 1:20:49 p. m. [33m   WARN[39m [38;5;3m[AllExceptionsFilter] [39m[33m[undefined] GET /api/notifications/stream -> 401 (Credenciales inválidas o sesión expirada)[39m
[33m[Nest] 7392  - [39m03/08/2026, 1:20:52 p. m. [33m   WARN[39m [38;5;3m[AllExceptionsFilter] [39m[33m[undefined] GET /api/notifications/stream -> 401 (Credenciales inválidas o sesión expirada)[39m
[33m[Nest] 7392  - [39m03/08/2026, 1:20:55 p. m. [33m   WARN[39m [38;5;3m[AllExceptionsFilter] [39m[33m[undefined] GET /api/notifications/stream -> 401 (Credenciales inválidas o sesión expirada)[39m
[33m[Nest] 7392  - [39m03/08/2026, 1:20:58 p. m. [33m   WARN[39m [38;5;3m[AllExceptionsFilter] [39m[33m[undefined] GET /api/notifications/stream -> 401 (Credenciales inválidas o sesión expirada)[39m
[33m[Nest] 7392  - [39m03/08/2026, 1:21:01 p. m. [33m   WARN[39m [38;5;3m[AllExceptionsFilter] [39m[33m[undefined] GET /api/notifications/stream -> 401 (Credenciales inválidas o sesión expirada)[39m
[33m[Nest] 7392  - [39m03/08/2026, 1:21:04 p. m. [33m   WARN[39m [38;5;3m[AllExceptionsFilter] [39m[33m[undefined] GET /api/notifications/stream -> 401 (Credenciales inválidas o sesión expirada)[39m
[33m[Nest] 7392  - [39m03/08/2026, 1:21:07 p. m. [33m   WARN[39m [38;5;3m[AllExceptionsFilter] [39m[33m[undefined] GET /api/notifications/stream -> 401 (Credenciales inválidas o sesión expirada)[39m
[33m[Nest] 7392  - [39m03/08/2026, 1:21:10 p. m. [33m   WARN[39m [38;5;3m[AllExceptionsFilter] [39m[33m[undefined] GET /api/notifications/stream -> 401 (Credenciales inválidas o sesión expirada)[39m
[33m[Nest] 7392  - [39m03/08/2026, 1:21:13 p. m. [33m   WARN[39m [38;5;3m[AllExceptionsFilter] [39m[33m[undefined] GET /api/notifications/stream -> 401 (Credenciales inválidas o sesión expirada)[39m
[33m[Nest] 7392  - [39m03/08/2026, 1:21:16 p. m. [33m   WARN[39m [38;5;3m[AllExceptionsFilter] [39m[33m[undefined] GET /api/notifications/stream -> 401 (Credenciales inválidas o sesión expirada)[39m
[33m[Nest] 7392  - [39m03/08/2026, 1:21:19 p. m. [33m   WARN[39m [38;5;3m[AllExceptionsFilter] [39m[33m[undefined] GET /api/notifications/stream -> 401 (Credenciales inválidas o sesión expirada)[39m
[33m[Nest] 7392  - [39m03/08/2026, 1:21:22 p. m. [33m   WARN[39m [38;5;3m[AllExceptionsFilter] [39m[33m[undefined] GET /api/notifications/stream -> 401 (Credenciales inválidas o sesión expirada)[39m
[33m[Nest] 7392  - [39m03/08/2026, 1:21:25 p. m. [33m   WARN[39m [38;5;3m[AllExceptionsFilter] [39m[33m[undefined] GET /api/notifications/stream -> 401 (Credenciales inválidas o sesión expirada)[39m
[33m[Nest] 7392  - [39m03/08/2026, 1:21:28 p. m. [33m   WARN[39m [38;5;3m[AllExceptionsFilter] [39m[33m[undefined] GET /api/notifications/stream -> 401 (Credenciales inválidas o sesión expirada)[39m
[33m[Nest] 7392  - [39m03/08/2026, 1:21:31 p. m. [33m   WARN[39m [38;5;3m[AllExceptionsFilter] [39m[33m[undefined] GET /api/notifications/stream -> 401 (Credenciales inválidas o sesión expirada)[39m
[33m[Nest] 7392  - [39m03/08/2026, 1:21:34 p. m. [33m   WARN[39m [38;5;3m[AllExceptionsFilter] [39m[33m[undefined] GET /api/notifications/stream -> 401 (Credenciales inválidas o sesión expirada)[39m
[33m[Nest] 7392  - [39m03/08/2026, 1:21:37 p. m. [33m   WARN[39m [38;5;3m[AllExceptionsFilter] [39m[33m[undefined] GET /api/notifications/stream -> 401 (Credenciales inválidas o sesión expirada)[39m
[33m[Nest] 7392  - [39m03/08/2026, 1:21:40 p. m. [33m   WARN[39m [38;5;3m[AllExceptionsFilter] [39m[33m[undefined] GET /api/notifications/stream -> 401 (Credenciales inválidas o sesión expirada)[39m
[33m[Nest] 7392  - [39m03/08/2026, 1:21:43 p. m. [33m   WARN[39m [38;5;3m[AllExceptionsFilter] [39m[33m[undefined] GET /api/notifications/stream -> 401 (Credenciales inválidas o sesión expirada)[39m
[33m[Nest] 7392  - [39m03/08/2026, 1:21:46 p. m. [33m   WARN[39m [38;5;3m[AllExceptionsFilter] [39m[33m[undefined] GET /api/notifications/stream -> 401 (Credenciales inválidas o sesión expirada)[39m
[33m[Nest] 7392  - [39m03/08/2026, 1:21:49 p. m. [33m   WARN[39m [38;5;3m[AllExceptionsFilter] [39m[33m[undefined] GET /api/notifications/stream -> 401 (Credenciales inválidas o sesión expirada)[39m
[33m[Nest] 7392  - [39m03/08/2026, 1:21:52 p. m. [33m   WARN[39m [38;5;3m[AllExceptionsFilter] [39m[33m[undefined] GET /api/notifications/stream -> 401 (Credenciales inválidas o sesión expirada)[39m
[33m[Nest] 7392  - [39m03/08/2026, 1:21:55 p. m. [33m   WARN[39m [38;5;3m[AllExceptionsFilter] [39m[33m[undefined] GET /api/notifications/stream -> 401 (Credenciales inválidas o sesión expirada)[39m
[33m[Nest] 7392  - [39m03/08/2026, 1:21:58 p. m. [33m   WARN[39m [38;5;3m[AllExceptionsFilter] [39m[33m[undefined] GET /api/notifications/stream -> 401 (Credenciales inválidas o sesión expirada)[39m
[33m[Nest] 7392  - [39m03/08/2026, 1:22:01 p. m. [33m   WARN[39m [38;5;3m[AllExceptionsFilter] [39m[33m[undefined] GET /api/notifications/stream -> 401 (Credenciales inválidas o sesión expirada)[39m
[33m[Nest] 7392  - [39m03/08/2026, 1:22:04 p. m. [33m   WARN[39m [38;5;3m[AllExceptionsFilter] [39m[33m[undefined] GET /api/notifications/stream -> 401 (Credenciales inválidas o sesión expirada)[39m
[33m[Nest] 7392  - [39m03/08/2026, 1:22:07 p. m. [33m   WARN[39m [38;5;3m[AllExceptionsFilter] [39m[33m[undefined] GET /api/notifications/stream -> 401 (Credenciales inválidas o sesión expirada)[39m
[33m[Nest] 7392  - [39m03/08/2026, 1:22:10 p. m. [33m   WARN[39m [38;5;3m[AllExceptionsFilter] [39m[33m[undefined] GET /api/notifications/stream -> 401 (Credenciales inválidas o sesión expirada)[39m
[33m[Nest] 7392  - [39m03/08/2026, 1:22:13 p. m. [33m   WARN[39m [38;5;3m[AllExceptionsFilter] [39m[33m[undefined] GET /api/notifications/stream -> 401 (Credenciales inválidas o sesión expirada)[39m
[33m[Nest] 7392  - [39m03/08/2026, 1:22:16 p. m. [33m   WARN[39m [38;5;3m[AllExceptionsFilter] [39m[33m[undefined] GET /api/notifications/stream -> 401 (Credenciales inválidas o sesión expirada)[39m
[33m[Nest] 7392  - [39m03/08/2026, 1:22:19 p. m. [33m   WARN[39m [38;5;3m[AllExceptionsFilter] [39m[33m[undefined] GET /api/notifications/stream -> 401 (Credenciales inválidas o sesión expirada)[39m
[33m[Nest] 7392  - [39m03/08/2026, 1:22:22 p. m. [33m   WARN[39m [38;5;3m[AllExceptionsFilter] [39m[33m[undefined] GET /api/notifications/stream -> 401 (Credenciales inválidas o sesión expirada)[39m
[33m[Nest] 7392  - [39m03/08/2026, 1:22:25 p. m. [33m   WARN[39m [38;5;3m[AllExceptionsFilter] [39m[33m[undefined] GET /api/notifications/stream -> 401 (Credenciales inválidas o sesión expirada)[39m
[33m[Nest] 7392  - [39m03/08/2026, 1:22:28 p. m. [33m   WARN[39m [38;5;3m[AllExceptionsFilter] [39m[33m[undefined] GET /api/notifications/stream -> 401 (Credenciales inválidas o sesión expirada)[39m
[33m[Nest] 7392  - [39m03/08/2026, 1:22:31 p. m. [33m   WARN[39m [38;5;3m[AllExceptionsFilter] [39m[33m[undefined] GET /api/notifications/stream -> 401 (Credenciales inválidas o sesión expirada)[39m
[33m[Nest] 7392  - [39m03/08/2026, 1:22:34 p. m. [33m   WARN[39m [38;5;3m[AllExceptionsFilter] [39m[33m[undefined] GET /api/notifications/stream -> 401 (Credenciales inválidas o sesión expirada)[39m
[33m[Nest] 7392  - [39m03/08/2026, 1:22:37 p. m. [33m   WARN[39m [38;5;3m[AllExceptionsFilter] [39m[33m[undefined] GET /api/notifications/stream -> 401 (Credenciales inválidas o sesión expirada)[39m
[33m[Nest] 7392  - [39m03/08/2026, 1:22:40 p. m. [33m   WARN[39m [38;5;3m[AllExceptionsFilter] [39m[33m[undefined] GET /api/notifications/stream -> 401 (Credenciales inválidas o sesión expirada)[39m
[33m[Nest] 7392  - [39m03/08/2026, 1:22:43 p. m. [33m   WARN[39m [38;5;3m[AllExceptionsFilter] [39m[33m[undefined] GET /api/notifications/stream -> 401 (Credenciales inválidas o sesión expirada)[39m
[33m[Nest] 7392  - [39m03/08/2026, 2:43:42 p. m. [33m   WARN[39m [38;5;3m[AllExceptionsFilter] [39m[33m[undefined] GET /api/notifications/stream -> 401 (Credenciales inválidas o sesión expirada)[39m
[33m[Nest] 7392  - [39m03/08/2026, 2:43:47 p. m. [33m   WARN[39m [38;5;3m[AllExceptionsFilter] [39m[33m[undefined] GET /api/notifications -> 401 (Credenciales inválidas o sesión expirada)[39m
[33m[Nest] 7392  - [39m03/08/2026, 2:43:47 p. m. [33m   WARN[39m [38;5;3m[AllExceptionsFilter] [39m[33m[undefined] GET /api/notifications/stream -> 401 (Credenciales inválidas o sesión expirada)[39m
[33m[Nest] 7392  - [39m03/08/2026, 2:43:47 p. m. [33m   WARN[39m [38;5;3m[AllExceptionsFilter] [39m[33m[undefined] GET /api/health/modules -> 404 (Cannot GET /api/health/modules)[39m
[33m[Nest] 7392  - [39m03/08/2026, 2:43:47 p. m. [33m   WARN[39m [38;5;3m[AllExceptionsFilter] [39m[33m[undefined] GET /api/reports/dashboard -> 401 (Credenciales inválidas o sesión expirada)[39m
[33m[Nest] 7392  - [39m03/08/2026, 2:43:50 p. m. [33m   WARN[39m [38;5;3m[AllExceptionsFilter] [39m[33m[undefined] GET /api/notifications/stream -> 401 (Credenciales inválidas o sesión expirada)[39m
[33m[Nest] 7392  - [39m03/08/2026, 2:43:53 p. m. [33m   WARN[39m [38;5;3m[AllExceptionsFilter] [39m[33m[undefined] GET /api/notifications/stream -> 401 (Credenciales inválidas o sesión expirada)[39m
[33m[Nest] 7392  - [39m03/08/2026, 2:43:56 p. m. [33m   WARN[39m [38;5;3m[AllExceptionsFilter] [39m[33m[undefined] GET /api/notifications/stream -> 401 (Credenciales inválidas o sesión expirada)[39m
[33m[Nest] 7392  - [39m03/08/2026, 2:43:59 p. m. [33m   WARN[39m [38;5;3m[AllExceptionsFilter] [39m[33m[undefined] GET /api/notifications/stream -> 401 (Credenciales inválidas o sesión expirada)[39m
[33m[Nest] 7392  - [39m03/08/2026, 2:44:03 p. m. [33m   WARN[39m [38;5;3m[AllExceptionsFilter] [39m[33m[undefined] GET /api/notifications/stream -> 401 (Credenciales inválidas o sesión expirada)[39m
[33m[Nest] 7392  - [39m03/08/2026, 2:44:06 p. m. [33m   WARN[39m [38;5;3m[AllExceptionsFilter] [39m[33m[undefined] GET /api/notifications/stream -> 401 (Credenciales inválidas o sesión expirada)[39m
[33m[Nest] 7392  - [39m03/08/2026, 2:44:09 p. m. [33m   WARN[39m [38;5;3m[AllExceptionsFilter] [39m[33m[undefined] GET /api/notifications/stream -> 401 (Credenciales inválidas o sesión expirada)[39m
[33m[Nest] 7392  - [39m03/08/2026, 2:44:12 p. m. [33m   WARN[39m [38;5;3m[AllExceptionsFilter] [39m[33m[undefined] GET /api/notifications/stream -> 401 (Credenciales inválidas o sesión expirada)[39m
[33m[Nest] 7392  - [39m03/08/2026, 2:44:15 p. m. [33m   WARN[39m [38;5;3m[AllExceptionsFilter] [39m[33m[undefined] GET /api/notifications/stream -> 401 (Credenciales inválidas o sesión expirada)[39m
[33m[Nest] 7392  - [39m03/08/2026, 2:44:18 p. m. [33m   WARN[39m [38;5;3m[AllExceptionsFilter] [39m[33m[undefined] GET /api/notifications/stream -> 401 (Credenciales inválidas o sesión expirada)[39m
[33m[Nest] 7392  - [39m03/08/2026, 2:44:21 p. m. [33m   WARN[39m [38;5;3m[AllExceptionsFilter] [39m[33m[undefined] GET /api/notifications/stream -> 401 (Credenciales inválidas o sesión expirada)[39m
[33m[Nest] 7392  - [39m03/08/2026, 2:44:24 p. m. [33m   WARN[39m [38;5;3m[AllExceptionsFilter] [39m[33m[undefined] GET /api/notifications/stream -> 401 (Credenciales inválidas o sesión expirada)[39m
[33m[Nest] 7392  - [39m03/08/2026, 2:44:27 p. m. [33m   WARN[39m [38;5;3m[AllExceptionsFilter] [39m[33m[undefined] GET /api/notifications/stream -> 401 (Credenciales inválidas o sesión expirada)[39m
[33m[Nest] 7392  - [39m03/08/2026, 2:44:30 p. m. [33m   WARN[39m [38;5;3m[AllExceptionsFilter] [39m[33m[undefined] GET /api/notifications/stream -> 401 (Credenciales inválidas o sesión expirada)[39m
[33m[Nest] 7392  - [39m03/08/2026, 2:44:33 p. m. [33m   WARN[39m [38;5;3m[AllExceptionsFilter] [39m[33m[undefined] GET /api/notifications/stream -> 401 (Credenciales inválidas o sesión expirada)[39m
[33m[Nest] 7392  - [39m03/08/2026, 2:44:36 p. m. [33m   WARN[39m [38;5;3m[AllExceptionsFilter] [39m[33m[undefined] GET /api/notifications/stream -> 401 (Credenciales inválidas o sesión expirada)[39m
[33m[Nest] 7392  - [39m03/08/2026, 2:44:39 p. m. [33m   WARN[39m [38;5;3m[AllExceptionsFilter] [39m[33m[undefined] GET /api/notifications/stream -> 401 (Credenciales inválidas o sesión expirada)[39m
[33m[Nest] 7392  - [39m03/08/2026, 2:44:46 p. m. [33m   WARN[39m [38;5;3m[AllExceptionsFilter] [39m[33m[undefined] GET /api/notifications/stream -> 401 (Credenciales inválidas o sesión expirada)[39m
[33m[Nest] 7392  - [39m03/08/2026, 2:44:49 p. m. [33m   WARN[39m [38;5;3m[AllExceptionsFilter] [39m[33m[undefined] GET /api/notifications/stream -> 401 (Credenciales inválidas o sesión expirada)[39m
[33m[Nest] 7392  - [39m03/08/2026, 2:44:52 p. m. [33m   WARN[39m [38;5;3m[AllExceptionsFilter] [39m[33m[undefined] GET /api/notifications/stream -> 401 (Credenciales inválidas o sesión expirada)[39m
[33m[Nest] 7392  - [39m03/08/2026, 2:44:55 p. m. [33m   WARN[39m [38;5;3m[AllExceptionsFilter] [39m[33m[undefined] GET /api/notifications/stream -> 401 (Credenciales inválidas o sesión expirada)[39m
[33m[Nest] 7392  - [39m03/08/2026, 2:44:58 p. m. [33m   WARN[39m [38;5;3m[AllExceptionsFilter] [39m[33m[undefined] GET /api/notifications/stream -> 401 (Credenciales inválidas o sesión expirada)[39m
[33m[Nest] 7392  - [39m03/08/2026, 2:45:01 p. m. [33m   WARN[39m [38;5;3m[AllExceptionsFilter] [39m[33m[undefined] GET /api/notifications/stream -> 401 (Credenciales inválidas o sesión expirada)[39m
[33m[Nest] 7392  - [39m03/08/2026, 2:45:04 p. m. [33m   WARN[39m [38;5;3m[AllExceptionsFilter] [39m[33m[undefined] GET /api/notifications/stream -> 401 (Credenciales inválidas o sesión expirada)[39m
[33m[Nest] 7392  - [39m03/08/2026, 2:45:07 p. m. [33m   WARN[39m [38;5;3m[AllExceptionsFilter] [39m[33m[undefined] GET /api/notifications/stream -> 401 (Credenciales inválidas o sesión expirada)[39m
[33m[Nest] 7392  - [39m03/08/2026, 2:45:10 p. m. [33m   WARN[39m [38;5;3m[AllExceptionsFilter] [39m[33m[undefined] GET /api/notifications/stream -> 401 (Credenciales inválidas o sesión expirada)[39m
[33m[Nest] 7392  - [39m03/08/2026, 2:45:13 p. m. [33m   WARN[39m [38;5;3m[AllExceptionsFilter] [39m[33m[undefined] GET /api/notifications/stream -> 401 (Credenciales inválidas o sesión expirada)[39m
[33m[Nest] 7392  - [39m03/08/2026, 2:45:16 p. m. [33m   WARN[39m [38;5;3m[AllExceptionsFilter] [39m[33m[undefined] GET /api/notifications/stream -> 401 (Credenciales inválidas o sesión expirada)[39m
[33m[Nest] 7392  - [39m03/08/2026, 2:45:19 p. m. [33m   WARN[39m [38;5;3m[AllExceptionsFilter] [39m[33m[undefined] GET /api/notifications/stream -> 401 (Credenciales inválidas o sesión expirada)[39m
[33m[Nest] 7392  - [39m03/08/2026, 2:45:22 p. m. [33m   WARN[39m [38;5;3m[AllExceptionsFilter] [39m[33m[undefined] GET /api/notifications/stream -> 401 (Credenciales inválidas o sesión expirada)[39m
[33m[Nest] 7392  - [39m03/08/2026, 2:45:25 p. m. [33m   WARN[39m [38;5;3m[AllExceptionsFilter] [39m[33m[undefined] GET /api/notifications/stream -> 401 (Credenciales inválidas o sesión expirada)[39m
[33m[Nest] 7392  - [39m03/08/2026, 2:45:28 p. m. [33m   WARN[39m [38;5;3m[AllExceptionsFilter] [39m[33m[undefined] GET /api/notifications/stream -> 401 (Credenciales inválidas o sesión expirada)[39m
[33m[Nest] 7392  - [39m03/08/2026, 2:45:31 p. m. [33m   WARN[39m [38;5;3m[AllExceptionsFilter] [39m[33m[undefined] GET /api/notifications/stream -> 401 (Credenciales inválidas o sesión expirada)[39m
[33m[Nest] 7392  - [39m03/08/2026, 2:45:34 p. m. [33m   WARN[39m [38;5;3m[AllExceptionsFilter] [39m[33m[undefined] GET /api/notifications/stream -> 401 (Credenciales inválidas o sesión expirada)[39m
[33m[Nest] 7392  - [39m03/08/2026, 2:45:37 p. m. [33m   WARN[39m [38;5;3m[AllExceptionsFilter] [39m[33m[undefined] GET /api/notifications/stream -> 401 (Credenciales inválidas o sesión expirada)[39m
[33m[Nest] 7392  - [39m03/08/2026, 2:45:40 p. m. [33m   WARN[39m [38;5;3m[AllExceptionsFilter] [39m[33m[undefined] GET /api/notifications/stream -> 401 (Credenciales inválidas o sesión expirada)[39m
[33m[Nest] 7392  - [39m03/08/2026, 2:45:43 p. m. [33m   WARN[39m [38;5;3m[AllExceptionsFilter] [39m[33m[undefined] GET /api/notifications/stream -> 401 (Credenciales inválidas o sesión expirada)[39m
[33m[Nest] 7392  - [39m03/08/2026, 2:45:46 p. m. [33m   WARN[39m [38;5;3m[AllExceptionsFilter] [39m[33m[undefined] GET /api/notifications/stream -> 401 (Credenciales inválidas o sesión expirada)[39m
[33m[Nest] 7392  - [39m03/08/2026, 2:45:49 p. m. [33m   WARN[39m [38;5;3m[AllExceptionsFilter] [39m[33m[undefined] GET /api/notifications/stream -> 401 (Credenciales inválidas o sesión expirada)[39m
[33m[Nest] 7392  - [39m03/08/2026, 2:45:52 p. m. [33m   WARN[39m [38;5;3m[AllExceptionsFilter] [39m[33m[undefined] GET /api/notifications/stream -> 401 (Credenciales inválidas o sesión expirada)[39m
[33m[Nest] 7392  - [39m03/08/2026, 2:45:55 p. m. [33m   WARN[39m [38;5;3m[AllExceptionsFilter] [39m[33m[undefined] GET /api/notifications/stream -> 401 (Credenciales inválidas o sesión expirada)[39m
[33m[Nest] 7392  - [39m03/08/2026, 2:45:58 p. m. [33m   WARN[39m [38;5;3m[AllExceptionsFilter] [39m[33m[undefined] GET /api/notifications/stream -> 401 (Credenciales inválidas o sesión expirada)[39m
[33m[Nest] 7392  - [39m03/08/2026, 2:46:01 p. m. [33m   WARN[39m [38;5;3m[AllExceptionsFilter] [39m[33m[undefined] GET /api/notifications/stream -> 401 (Credenciales inválidas o sesión expirada)[39m
[33m[Nest] 7392  - [39m03/08/2026, 2:46:04 p. m. [33m   WARN[39m [38;5;3m[AllExceptionsFilter] [39m[33m[undefined] GET /api/notifications/stream -> 401 (Credenciales inválidas o sesión expirada)[39m
[33m[Nest] 7392  - [39m03/08/2026, 2:46:07 p. m. [33m   WARN[39m [38;5;3m[AllExceptionsFilter] [39m[33m[undefined] GET /api/notifications/stream -> 401 (Credenciales inválidas o sesión expirada)[39m
[33m[Nest] 7392  - [39m03/08/2026, 2:46:10 p. m. [33m   WARN[39m [38;5;3m[AllExceptionsFilter] [39m[33m[undefined] GET /api/notifications/stream -> 401 (Credenciales inválidas o sesión expirada)[39m
[33m[Nest] 7392  - [39m03/08/2026, 2:46:13 p. m. [33m   WARN[39m [38;5;3m[AllExceptionsFilter] [39m[33m[undefined] GET /api/notifications/stream -> 401 (Credenciales inválidas o sesión expirada)[39m
[33m[Nest] 7392  - [39m03/08/2026, 2:46:16 p. m. [33m   WARN[39m [38;5;3m[AllExceptionsFilter] [39m[33m[undefined] GET /api/notifications/stream -> 401 (Credenciales inválidas o sesión expirada)[39m
[33m[Nest] 7392  - [39m03/08/2026, 2:46:19 p. m. [33m   WARN[39m [38;5;3m[AllExceptionsFilter] [39m[33m[undefined] GET /api/notifications/stream -> 401 (Credenciales inválidas o sesión expirada)[39m
[33m[Nest] 7392  - [39m03/08/2026, 2:46:22 p. m. [33m   WARN[39m [38;5;3m[AllExceptionsFilter] [39m[33m[undefined] GET /api/notifications/stream -> 401 (Credenciales inválidas o sesión expirada)[39m
[33m[Nest] 7392  - [39m03/08/2026, 2:46:25 p. m. [33m   WARN[39m [38;5;3m[AllExceptionsFilter] [39m[33m[undefined] GET /api/notifications/stream -> 401 (Credenciales inválidas o sesión expirada)[39m
[33m[Nest] 7392  - [39m03/08/2026, 2:46:28 p. m. [33m   WARN[39m [38;5;3m[AllExceptionsFilter] [39m[33m[undefined] GET /api/notifications/stream -> 401 (Credenciales inválidas o sesión expirada)[39m
[33m[Nest] 7392  - [39m03/08/2026, 2:46:31 p. m. [33m   WARN[39m [38;5;3m[AllExceptionsFilter] [39m[33m[undefined] GET /api/notifications/stream -> 401 (Credenciales inválidas o sesión expirada)[39m
[33m[Nest] 7392  - [39m03/08/2026, 2:46:34 p. m. [33m   WARN[39m [38;5;3m[AllExceptionsFilter] [39m[33m[undefined] GET /api/notifications/stream -> 401 (Credenciales inválidas o sesión expirada)[39m
[33m[Nest] 7392  - [39m03/08/2026, 2:46:37 p. m. [33m   WARN[39m [38;5;3m[AllExceptionsFilter] [39m[33m[undefined] GET /api/notifications/stream -> 401 (Credenciales inválidas o sesión expirada)[39m
[33m[Nest] 7392  - [39m03/08/2026, 2:46:40 p. m. [33m   WARN[39m [38;5;3m[AllExceptionsFilter] [39m[33m[undefined] GET /api/notifications/stream -> 401 (Credenciales inválidas o sesión expirada)[39m
[33m[Nest] 7392  - [39m03/08/2026, 2:46:43 p. m. [33m   WARN[39m [38;5;3m[AllExceptionsFilter] [39m[33m[undefined] GET /api/notifications/stream -> 401 (Credenciales inválidas o sesión expirada)[39m
[33m[Nest] 7392  - [39m03/08/2026, 2:46:46 p. m. [33m   WARN[39m [38;5;3m[AllExceptionsFilter] [39m[33m[undefined] GET /api/notifications/stream -> 401 (Credenciales inválidas o sesión expirada)[39m
[33m[Nest] 7392  - [39m03/08/2026, 2:46:49 p. m. [33m   WARN[39m [38;5;3m[AllExceptionsFilter] [39m[33m[undefined] GET /api/notifications/stream -> 401 (Credenciales inválidas o sesión expirada)[39m
[33m[Nest] 7392  - [39m03/08/2026, 2:46:52 p. m. [33m   WARN[39m [38;5;3m[AllExceptionsFilter] [39m[33m[undefined] GET /api/notifications/stream -> 401 (Credenciales inválidas o sesión expirada)[39m
[33m[Nest] 7392  - [39m03/08/2026, 2:46:56 p. m. [33m   WARN[39m [38;5;3m[AllExceptionsFilter] [39m[33m[undefined] GET /api/notifications/stream -> 401 (Credenciales inválidas o sesión expirada)[39m
[33m[Nest] 7392  - [39m03/08/2026, 2:46:59 p. m. [33m   WARN[39m [38;5;3m[AllExceptionsFilter] [39m[33m[undefined] GET /api/notifications/stream -> 401 (Credenciales inválidas o sesión expirada)[39m
[33m[Nest] 7392  - [39m03/08/2026, 2:47:02 p. m. [33m   WARN[39m [38;5;3m[AllExceptionsFilter] [39m[33m[undefined] GET /api/notifications/stream -> 401 (Credenciales inválidas o sesión expirada)[39m
[33m[Nest] 7392  - [39m03/08/2026, 2:47:05 p. m. [33m   WARN[39m [38;5;3m[AllExceptionsFilter] [39m[33m[undefined] GET /api/notifications/stream -> 401 (Credenciales inválidas o sesión expirada)[39m
[33m[Nest] 7392  - [39m03/08/2026, 2:47:08 p. m. [33m   WARN[39m [38;5;3m[AllExceptionsFilter] [39m[33m[undefined] GET /api/notifications/stream -> 401 (Credenciales inválidas o sesión expirada)[39m
[33m[Nest] 7392  - [39m03/08/2026, 2:47:11 p. m. [33m   WARN[39m [38;5;3m[AllExceptionsFilter] [39m[33m[undefined] GET /api/notifications/stream -> 401 (Credenciales inválidas o sesión expirada)[39m
[33m[Nest] 7392  - [39m03/08/2026, 2:47:14 p. m. [33m   WARN[39m [38;5;3m[AllExceptionsFilter] [39m[33m[undefined] GET /api/notifications/stream -> 401 (Credenciales inválidas o sesión expirada)[39m
[33m[Nest] 7392  - [39m03/08/2026, 2:47:17 p. m. [33m   WARN[39m [38;5;3m[AllExceptionsFilter] [39m[33m[undefined] GET /api/notifications/stream -> 401 (Credenciales inválidas o sesión expirada)[39m
[33m[Nest] 7392  - [39m03/08/2026, 2:47:20 p. m. [33m   WARN[39m [38;5;3m[AllExceptionsFilter] [39m[33m[undefined] GET /api/notifications/stream -> 401 (Credenciales inválidas o sesión expirada)[39m
[33m[Nest] 7392  - [39m03/08/2026, 2:47:23 p. m. [33m   WARN[39m [38;5;3m[AllExceptionsFilter] [39m[33m[undefined] GET /api/notifications/stream -> 401 (Credenciales inválidas o sesión expirada)[39m
[33m[Nest] 7392  - [39m03/08/2026, 2:47:26 p. m. [33m   WARN[39m [38;5;3m[AllExceptionsFilter] [39m[33m[undefined] GET /api/notifications/stream -> 401 (Credenciales inválidas o sesión expirada)[39m
[33m[Nest] 7392  - [39m03/08/2026, 2:47:29 p. m. [33m   WARN[39m [38;5;3m[AllExceptionsFilter] [39m[33m[undefined] GET /api/notifications/stream -> 401 (Credenciales inválidas o sesión expirada)[39m
[33m[Nest] 7392  - [39m03/08/2026, 2:47:32 p. m. [33m   WARN[39m [38;5;3m[AllExceptionsFilter] [39m[33m[undefined] GET /api/notifications/stream -> 401 (Credenciales inválidas o sesión expirada)[39m
[33m[Nest] 7392  - [39m03/08/2026, 2:47:35 p. m. [33m   WARN[39m [38;5;3m[AllExceptionsFilter] [39m[33m[undefined] GET /api/notifications/stream -> 401 (Credenciales inválidas o sesión expirada)[39m
[33m[Nest] 7392  - [39m03/08/2026, 2:47:38 p. m. [33m   WARN[39m [38;5;3m[AllExceptionsFilter] [39m[33m[undefined] GET /api/notifications/stream -> 401 (Credenciales inválidas o sesión expirada)[39m
[33m[Nest] 7392  - [39m03/08/2026, 2:47:41 p. m. [33m   WARN[39m [38;5;3m[AllExceptionsFilter] [39m[33m[undefined] GET /api/notifications/stream -> 401 (Credenciales inválidas o sesión expirada)[39m
[33m[Nest] 7392  - [39m03/08/2026, 2:47:44 p. m. [33m   WARN[39m [38;5;3m[AllExceptionsFilter] [39m[33m[undefined] GET /api/notifications/stream -> 401 (Credenciales inválidas o sesión expirada)[39m
[33m[Nest] 7392  - [39m03/08/2026, 2:47:47 p. m. [33m   WARN[39m [38;5;3m[AllExceptionsFilter] [39m[33m[undefined] GET /api/notifications/stream -> 401 (Credenciales inválidas o sesión expirada)[39m
[33m[Nest] 7392  - [39m03/08/2026, 2:47:50 p. m. [33m   WARN[39m [38;5;3m[AllExceptionsFilter] [39m[33m[undefined] GET /api/notifications/stream -> 401 (Credenciales inválidas o sesión expirada)[39m
[33m[Nest] 7392  - [39m03/08/2026, 2:47:53 p. m. [33m   WARN[39m [38;5;3m[AllExceptionsFilter] [39m[33m[undefined] GET /api/notifications/stream -> 401 (Credenciales inválidas o sesión expirada)[39m
[33m[Nest] 7392  - [39m03/08/2026, 2:47:56 p. m. [33m   WARN[39m [38;5;3m[AllExceptionsFilter] [39m[33m[undefined] GET /api/notifications/stream -> 401 (Credenciales inválidas o sesión expirada)[39m
[33m[Nest] 7392  - [39m03/08/2026, 2:47:59 p. m. [33m   WARN[39m [38;5;3m[AllExceptionsFilter] [39m[33m[undefined] GET /api/notifications/stream -> 401 (Credenciales inválidas o sesión expirada)[39m
[33m[Nest] 7392  - [39m03/08/2026, 2:48:02 p. m. [33m   WARN[39m [38;5;3m[AllExceptionsFilter] [39m[33m[undefined] GET /api/notifications/stream -> 401 (Credenciales inválidas o sesión expirada)[39m
[33m[Nest] 7392  - [39m03/08/2026, 2:48:05 p. m. [33m   WARN[39m [38;5;3m[AllExceptionsFilter] [39m[33m[undefined] GET /api/notifications/stream -> 401 (Credenciales inválidas o sesión expirada)[39m
[33m[Nest] 7392  - [39m03/08/2026, 2:48:08 p. m. [33m   WARN[39m [38;5;3m[AllExceptionsFilter] [39m[33m[undefined] GET /api/notifications/stream -> 401 (Credenciales inválidas o sesión expirada)[39m
[33m[Nest] 7392  - [39m03/08/2026, 2:48:11 p. m. [33m   WARN[39m [38;5;3m[AllExceptionsFilter] [39m[33m[undefined] GET /api/notifications/stream -> 401 (Credenciales inválidas o sesión expirada)[39m
[33m[Nest] 7392  - [39m03/08/2026, 2:48:14 p. m. [33m   WARN[39m [38;5;3m[AllExceptionsFilter] [39m[33m[undefined] GET /api/notifications/stream -> 401 (Credenciales inválidas o sesión expirada)[39m
[33m[Nest] 7392  - [39m03/08/2026, 2:48:17 p. m. [33m   WARN[39m [38;5;3m[AllExceptionsFilter] [39m[33m[undefined] GET /api/notifications/stream -> 401 (Credenciales inválidas o sesión expirada)[39m
[33m[Nest] 7392  - [39m03/08/2026, 2:48:20 p. m. [33m   WARN[39m [38;5;3m[AllExceptionsFilter] [39m[33m[undefined] GET /api/notifications/stream -> 401 (Credenciales inválidas o sesión expirada)[39m
[33m[Nest] 7392  - [39m03/08/2026, 2:48:23 p. m. [33m   WARN[39m [38;5;3m[AllExceptionsFilter] [39m[33m[undefined] GET /api/notifications/stream -> 401 (Credenciales inválidas o sesión expirada)[39m
[33m[Nest] 7392  - [39m03/08/2026, 2:48:26 p. m. [33m   WARN[39m [38;5;3m[AllExceptionsFilter] [39m[33m[undefined] GET /api/notifications/stream -> 401 (Credenciales inválidas o sesión expirada)[39m
[33m[Nest] 7392  - [39m03/08/2026, 2:48:29 p. m. [33m   WARN[39m [38;5;3m[AllExceptionsFilter] [39m[33m[undefined] GET /api/notifications/stream -> 401 (Credenciales inválidas o sesión expirada)[39m
[33m[Nest] 7392  - [39m03/08/2026, 2:48:32 p. m. [33m   WARN[39m [38;5;3m[AllExceptionsFilter] [39m[33m[undefined] GET /api/notifications/stream -> 401 (Credenciales inválidas o sesión expirada)[39m
[33m[Nest] 7392  - [39m03/08/2026, 2:48:35 p. m. [33m   WARN[39m [38;5;3m[AllExceptionsFilter] [39m[33m[undefined] GET /api/notifications/stream -> 401 (Credenciales inválidas o sesión expirada)[39m
[33m[Nest] 7392  - [39m03/08/2026, 2:48:38 p. m. [33m   WARN[39m [38;5;3m[AllExceptionsFilter] [39m[33m[undefined] GET /api/notifications/stream -> 401 (Credenciales inválidas o sesión expirada)[39m
[33m[Nest] 7392  - [39m03/08/2026, 2:48:41 p. m. [33m   WARN[39m [38;5;3m[AllExceptionsFilter] [39m[33m[undefined] GET /api/notifications/stream -> 401 (Credenciales inválidas o sesión expirada)[39m
[33m[Nest] 7392  - [39m03/08/2026, 2:48:44 p. m. [33m   WARN[39m [38;5;3m[AllExceptionsFilter] [39m[33m[undefined] GET /api/notifications/stream -> 401 (Credenciales inválidas o sesión expirada)[39m
[33m[Nest] 7392  - [39m03/08/2026, 2:48:47 p. m. [33m   WARN[39m [38;5;3m[AllExceptionsFilter] [39m[33m[undefined] GET /api/notifications/stream -> 401 (Credenciales inválidas o sesión expirada)[39m
[33m[Nest] 7392  - [39m03/08/2026, 2:48:50 p. m. [33m   WARN[39m [38;5;3m[AllExceptionsFilter] [39m[33m[undefined] GET /api/notifications/stream -> 401 (Credenciales inválidas o sesión expirada)[39m
[33m[Nest] 7392  - [39m03/08/2026, 2:48:53 p. m. [33m   WARN[39m [38;5;3m[AllExceptionsFilter] [39m[33m[undefined] GET /api/notifications/stream -> 401 (Credenciales inválidas o sesión expirada)[39m
[33m[Nest] 7392  - [39m03/08/2026, 2:48:56 p. m. [33m   WARN[39m [38;5;3m[AllExceptionsFilter] [39m[33m[undefined] GET /api/notifications/stream -> 401 (Credenciales inválidas o sesión expirada)[39m
[33m[Nest] 7392  - [39m03/08/2026, 2:48:59 p. m. [33m   WARN[39m [38;5;3m[AllExceptionsFilter] [39m[33m[undefined] GET /api/notifications/stream -> 401 (Credenciales inválidas o sesión expirada)[39m
[33m[Nest] 7392  - [39m03/08/2026, 2:49:02 p. m. [33m   WARN[39m [38;5;3m[AllExceptionsFilter] [39m[33m[undefined] GET /api/notifications/stream -> 401 (Credenciales inválidas o sesión expirada)[39m
[33m[Nest] 7392  - [39m03/08/2026, 2:49:05 p. m. [33m   WARN[39m [38;5;3m[AllExceptionsFilter] [39m[33m[undefined] GET /api/notifications/stream -> 401 (Credenciales inválidas o sesión expirada)[39m
[33m[Nest] 7392  - [39m03/08/2026, 2:49:08 p. m. [33m   WARN[39m [38;5;3m[AllExceptionsFilter] [39m[33m[undefined] GET /api/notifications/stream -> 401 (Credenciales inválidas o sesión expirada)[39m
[33m[Nest] 7392  - [39m03/08/2026, 2:49:11 p. m. [33m   WARN[39m [38;5;3m[AllExceptionsFilter] [39m[33m[undefined] GET /api/notifications/stream -> 401 (Credenciales inválidas o sesión expirada)[39m
[33m[Nest] 7392  - [39m03/08/2026, 2:49:14 p. m. [33m   WARN[39m [38;5;3m[AllExceptionsFilter] [39m[33m[undefined] GET /api/notifications/stream -> 401 (Credenciales inválidas o sesión expirada)[39m
[33m[Nest] 7392  - [39m03/08/2026, 2:49:17 p. m. [33m   WARN[39m [38;5;3m[AllExceptionsFilter] [39m[33m[undefined] GET /api/notifications/stream -> 401 (Credenciales inválidas o sesión expirada)[39m
[33m[Nest] 7392  - [39m03/08/2026, 2:49:20 p. m. [33m   WARN[39m [38;5;3m[AllExceptionsFilter] [39m[33m[undefined] GET /api/notifications/stream -> 401 (Credenciales inválidas o sesión expirada)[39m
[33m[Nest] 7392  - [39m03/08/2026, 2:49:23 p. m. [33m   WARN[39m [38;5;3m[AllExceptionsFilter] [39m[33m[undefined] GET /api/notifications/stream -> 401 (Credenciales inválidas o sesión expirada)[39m
[33m[Nest] 7392  - [39m03/08/2026, 2:49:26 p. m. [33m   WARN[39m [38;5;3m[AllExceptionsFilter] [39m[33m[undefined] GET /api/notifications/stream -> 401 (Credenciales inválidas o sesión expirada)[39m
[33m[Nest] 7392  - [39m03/08/2026, 2:49:29 p. m. [33m   WARN[39m [38;5;3m[AllExceptionsFilter] [39m[33m[undefined] GET /api/notifications/stream -> 401 (Credenciales inválidas o sesión expirada)[39m
[33m[Nest] 7392  - [39m03/08/2026, 2:49:32 p. m. [33m   WARN[39m [38;5;3m[AllExceptionsFilter] [39m[33m[undefined] GET /api/notifications/stream -> 401 (Credenciales inválidas o sesión expirada)[39m
[33m[Nest] 7392  - [39m03/08/2026, 2:49:35 p. m. [33m   WARN[39m [38;5;3m[AllExceptionsFilter] [39m[33m[undefined] GET /api/notifications/stream -> 401 (Credenciales inválidas o sesión expirada)[39m
[33m[Nest] 7392  - [39m03/08/2026, 2:49:38 p. m. [33m   WARN[39m [38;5;3m[AllExceptionsFilter] [39m[33m[undefined] GET /api/notifications/stream -> 401 (Credenciales inválidas o sesión expirada)[39m
[33m[Nest] 7392  - [39m03/08/2026, 2:49:41 p. m. [33m   WARN[39m [38;5;3m[AllExceptionsFilter] [39m[33m[undefined] GET /api/notifications/stream -> 401 (Credenciales inválidas o sesión expirada)[39m
[33m[Nest] 7392  - [39m03/08/2026, 2:49:44 p. m. [33m   WARN[39m [38;5;3m[AllExceptionsFilter] [39m[33m[undefined] GET /api/notifications/stream -> 401 (Credenciales inválidas o sesión expirada)[39m
[33m[Nest] 7392  - [39m03/08/2026, 2:49:47 p. m. [33m   WARN[39m [38;5;3m[AllExceptionsFilter] [39m[33m[undefined] GET /api/notifications/stream -> 401 (Credenciales inválidas o sesión expirada)[39m
[33m[Nest] 7392  - [39m03/08/2026, 2:49:50 p. m. [33m   WARN[39m [38;5;3m[AllExceptionsFilter] [39m[33m[undefined] GET /api/notifications/stream -> 401 (Credenciales inválidas o sesión expirada)[39m
[33m[Nest] 7392  - [39m03/08/2026, 2:49:53 p. m. [33m   WARN[39m [38;5;3m[AllExceptionsFilter] [39m[33m[undefined] GET /api/notifications/stream -> 401 (Credenciales inválidas o sesión expirada)[39m
[33m[Nest] 7392  - [39m03/08/2026, 2:49:56 p. m. [33m   WARN[39m [38;5;3m[AllExceptionsFilter] [39m[33m[undefined] GET /api/notifications/stream -> 401 (Credenciales inválidas o sesión expirada)[39m
[33m[Nest] 7392  - [39m03/08/2026, 2:50:00 p. m. [33m   WARN[39m [38;5;3m[AllExceptionsFilter] [39m[33m[undefined] GET /api/notifications/stream -> 401 (Credenciales inválidas o sesión expirada)[39m
[33m[Nest] 7392  - [39m03/08/2026, 2:50:03 p. m. [33m   WARN[39m [38;5;3m[AllExceptionsFilter] [39m[33m[undefined] GET /api/notifications/stream -> 401 (Credenciales inválidas o sesión expirada)[39m
[33m[Nest] 7392  - [39m03/08/2026, 2:50:06 p. m. [33m   WARN[39m [38;5;3m[AllExceptionsFilter] [39m[33m[undefined] GET /api/notifications/stream -> 401 (Credenciales inválidas o sesión expirada)[39m
[33m[Nest] 7392  - [39m03/08/2026, 2:50:09 p. m. [33m   WARN[39m [38;5;3m[AllExceptionsFilter] [39m[33m[undefined] GET /api/notifications/stream -> 401 (Credenciales inválidas o sesión expirada)[39m
[33m[Nest] 7392  - [39m03/08/2026, 2:50:12 p. m. [33m   WARN[39m [38;5;3m[AllExceptionsFilter] [39m[33m[undefined] GET /api/notifications/stream -> 401 (Credenciales inválidas o sesión expirada)[39m
[33m[Nest] 7392  - [39m03/08/2026, 2:50:15 p. m. [33m   WARN[39m [38;5;3m[AllExceptionsFilter] [39m[33m[undefined] GET /api/notifications/stream -> 401 (Credenciales inválidas o sesión expirada)[39m
[33m[Nest] 7392  - [39m03/08/2026, 2:50:18 p. m. [33m   WARN[39m [38;5;3m[AllExceptionsFilter] [39m[33m[undefined] GET /api/notifications/stream -> 401 (Credenciales inválidas o sesión expirada)[39m
[33m[Nest] 7392  - [39m03/08/2026, 2:50:21 p. m. [33m   WARN[39m [38;5;3m[AllExceptionsFilter] [39m[33m[undefined] GET /api/notifications/stream -> 401 (Credenciales inválidas o sesión expirada)[39m
[33m[Nest] 7392  - [39m03/08/2026, 2:50:24 p. m. [33m   WARN[39m [38;5;3m[AllExceptionsFilter] [39m[33m[undefined] GET /api/notifications/stream -> 401 (Credenciales inválidas o sesión expirada)[39m
[33m[Nest] 7392  - [39m03/08/2026, 2:50:27 p. m. [33m   WARN[39m [38;5;3m[AllExceptionsFilter] [39m[33m[undefined] GET /api/notifications/stream -> 401 (Credenciales inválidas o sesión expirada)[39m
[33m[Nest] 7392  - [39m03/08/2026, 2:50:30 p. m. [33m   WARN[39m [38;5;3m[AllExceptionsFilter] [39m[33m[undefined] GET /api/notifications/stream -> 401 (Credenciales inválidas o sesión expirada)[39m
[33m[Nest] 7392  - [39m03/08/2026, 2:50:33 p. m. [33m   WARN[39m [38;5;3m[AllExceptionsFilter] [39m[33m[undefined] GET /api/notifications/stream -> 401 (Credenciales inválidas o sesión expirada)[39m
[33m[Nest] 7392  - [39m03/08/2026, 2:50:36 p. m. [33m   WARN[39m [38;5;3m[AllExceptionsFilter] [39m[33m[undefined] GET /api/notifications/stream -> 401 (Credenciales inválidas o sesión expirada)[39m
[33m[Nest] 7392  - [39m03/08/2026, 2:50:39 p. m. [33m   WARN[39m [38;5;3m[AllExceptionsFilter] [39m[33m[undefined] GET /api/notifications/stream -> 401 (Credenciales inválidas o sesión expirada)[39m
[33m[Nest] 7392  - [39m03/08/2026, 2:50:42 p. m. [33m   WARN[39m [38;5;3m[AllExceptionsFilter] [39m[33m[undefined] GET /api/notifications/stream -> 401 (Credenciales inválidas o sesión expirada)[39m
[33m[Nest] 7392  - [39m03/08/2026, 2:50:45 p. m. [33m   WARN[39m [38;5;3m[AllExceptionsFilter] [39m[33m[undefined] GET /api/notifications/stream -> 401 (Credenciales inválidas o sesión expirada)[39m
[33m[Nest] 7392  - [39m03/08/2026, 2:50:48 p. m. [33m   WARN[39m [38;5;3m[AllExceptionsFilter] [39m[33m[undefined] GET /api/notifications/stream -> 401 (Credenciales inválidas o sesión expirada)[39m
[33m[Nest] 7392  - [39m03/08/2026, 2:50:51 p. m. [33m   WARN[39m [38;5;3m[AllExceptionsFilter] [39m[33m[undefined] GET /api/notifications/stream -> 401 (Credenciales inválidas o sesión expirada)[39m
[33m[Nest] 7392  - [39m03/08/2026, 2:50:54 p. m. [33m   WARN[39m [38;5;3m[AllExceptionsFilter] [39m[33m[undefined] GET /api/notifications/stream -> 401 (Credenciales inválidas o sesión expirada)[39m
[33m[Nest] 7392  - [39m03/08/2026, 2:50:57 p. m. [33m   WARN[39m [38;5;3m[AllExceptionsFilter] [39m[33m[undefined] GET /api/notifications/stream -> 401 (Credenciales inválidas o sesión expirada)[39m
[33m[Nest] 7392  - [39m03/08/2026, 2:51:00 p. m. [33m   WARN[39m [38;5;3m[AllExceptionsFilter] [39m[33m[undefined] GET /api/notifications/stream -> 401 (Credenciales inválidas o sesión expirada)[39m
[33m[Nest] 7392  - [39m03/08/2026, 2:51:03 p. m. [33m   WARN[39m [38;5;3m[AllExceptionsFilter] [39m[33m[undefined] GET /api/notifications/stream -> 401 (Credenciales inválidas o sesión expirada)[39m
[33m[Nest] 7392  - [39m03/08/2026, 2:51:06 p. m. [33m   WARN[39m [38;5;3m[AllExceptionsFilter] [39m[33m[undefined] GET /api/notifications/stream -> 401 (Credenciales inválidas o sesión expirada)[39m
[33m[Nest] 7392  - [39m03/08/2026, 2:51:09 p. m. [33m   WARN[39m [38;5;3m[AllExceptionsFilter] [39m[33m[undefined] GET /api/notifications/stream -> 401 (Credenciales inválidas o sesión expirada)[39m
[33m[Nest] 7392  - [39m03/08/2026, 2:51:12 p. m. [33m   WARN[39m [38;5;3m[AllExceptionsFilter] [39m[33m[undefined] GET /api/notifications/stream -> 401 (Credenciales inválidas o sesión expirada)[39m
[33m[Nest] 7392  - [39m03/08/2026, 2:51:15 p. m. [33m   WARN[39m [38;5;3m[AllExceptionsFilter] [39m[33m[undefined] GET /api/notifications/stream -> 401 (Credenciales inválidas o sesión expirada)[39m
[33m[Nest] 7392  - [39m03/08/2026, 2:51:18 p. m. [33m   WARN[39m [38;5;3m[AllExceptionsFilter] [39m[33m[undefined] GET /api/notifications/stream -> 401 (Credenciales inválidas o sesión expirada)[39m
[33m[Nest] 7392  - [39m03/08/2026, 2:51:21 p. m. [33m   WARN[39m [38;5;3m[AllExceptionsFilter] [39m[33m[undefined] GET /api/notifications/stream -> 401 (Credenciales inválidas o sesión expirada)[39m
[33m[Nest] 7392  - [39m03/08/2026, 2:51:24 p. m. [33m   WARN[39m [38;5;3m[AllExceptionsFilter] [39m[33m[undefined] GET /api/notifications/stream -> 401 (Credenciales inválidas o sesión expirada)[39m
[33m[Nest] 7392  - [39m03/08/2026, 2:51:27 p. m. [33m   WARN[39m [38;5;3m[AllExceptionsFilter] [39m[33m[undefined] GET /api/notifications/stream -> 401 (Credenciales inválidas o sesión expirada)[39m
[33m[Nest] 7392  - [39m03/08/2026, 2:51:30 p. m. [33m   WARN[39m [38;5;3m[AllExceptionsFilter] [39m[33m[undefined] GET /api/notifications/stream -> 401 (Credenciales inválidas o sesión expirada)[39m
[33m[Nest] 7392  - [39m03/08/2026, 2:51:33 p. m. [33m   WARN[39m [38;5;3m[AllExceptionsFilter] [39m[33m[undefined] GET /api/notifications/stream -> 401 (Credenciales inválidas o sesión expirada)[39m
[33m[Nest] 7392  - [39m03/08/2026, 2:51:36 p. m. [33m   WARN[39m [38;5;3m[AllExceptionsFilter] [39m[33m[undefined] GET /api/notifications/stream -> 401 (Credenciales inválidas o sesión expirada)[39m
[33m[Nest] 7392  - [39m03/08/2026, 2:51:39 p. m. [33m   WARN[39m [38;5;3m[AllExceptionsFilter] [39m[33m[undefined] GET /api/notifications/stream -> 401 (Credenciales inválidas o sesión expirada)[39m
[33m[Nest] 7392  - [39m03/08/2026, 2:51:42 p. m. [33m   WARN[39m [38;5;3m[AllExceptionsFilter] [39m[33m[undefined] GET /api/notifications/stream -> 401 (Credenciales inválidas o sesión expirada)[39m
[33m[Nest] 7392  - [39m03/08/2026, 2:51:45 p. m. [33m   WARN[39m [38;5;3m[AllExceptionsFilter] [39m[33m[undefined] GET /api/notifications/stream -> 401 (Credenciales inválidas o sesión expirada)[39m
[33m[Nest] 7392  - [39m03/08/2026, 2:51:48 p. m. [33m   WARN[39m [38;5;3m[AllExceptionsFilter] [39m[33m[undefined] GET /api/notifications/stream -> 401 (Credenciales inválidas o sesión expirada)[39m
[33m[Nest] 7392  - [39m03/08/2026, 2:51:51 p. m. [33m   WARN[39m [38;5;3m[AllExceptionsFilter] [39m[33m[undefined] GET /api/notifications/stream -> 401 (Credenciales inválidas o sesión expirada)[39m
[33m[Nest] 7392  - [39m03/08/2026, 2:51:54 p. m. [33m   WARN[39m [38;5;3m[AllExceptionsFilter] [39m[33m[undefined] GET /api/notifications/stream -> 401 (Credenciales inválidas o sesión expirada)[39m
[33m[Nest] 7392  - [39m03/08/2026, 2:51:57 p. m. [33m   WARN[39m [38;5;3m[AllExceptionsFilter] [39m[33m[undefined] GET /api/notifications/stream -> 401 (Credenciales inválidas o sesión expirada)[39m
[33m[Nest] 7392  - [39m03/08/2026, 2:52:00 p. m. [33m   WARN[39m [38;5;3m[AllExceptionsFilter] [39m[33m[undefined] GET /api/notifications/stream -> 401 (Credenciales inválidas o sesión expirada)[39m
[33m[Nest] 7392  - [39m03/08/2026, 2:52:03 p. m. [33m   WARN[39m [38;5;3m[AllExceptionsFilter] [39m[33m[undefined] GET /api/notifications/stream -> 401 (Credenciales inválidas o sesión expirada)[39m
[33m[Nest] 7392  - [39m03/08/2026, 2:52:06 p. m. [33m   WARN[39m [38;5;3m[AllExceptionsFilter] [39m[33m[undefined] GET /api/notifications/stream -> 401 (Credenciales inválidas o sesión expirada)[39m
[33m[Nest] 7392  - [39m03/08/2026, 2:52:09 p. m. [33m   WARN[39m [38;5;3m[AllExceptionsFilter] [39m[33m[undefined] GET /api/notifications/stream -> 401 (Credenciales inválidas o sesión expirada)[39m
[33m[Nest] 7392  - [39m03/08/2026, 2:52:12 p. m. [33m   WARN[39m [38;5;3m[AllExceptionsFilter] [39m[33m[undefined] GET /api/notifications/stream -> 401 (Credenciales inválidas o sesión expirada)[39m
[33m[Nest] 7392  - [39m03/08/2026, 2:52:15 p. m. [33m   WARN[39m [38;5;3m[AllExceptionsFilter] [39m[33m[undefined] GET /api/notifications/stream -> 401 (Credenciales inválidas o sesión expirada)[39m
[33m[Nest] 7392  - [39m03/08/2026, 2:52:18 p. m. [33m   WARN[39m [38;5;3m[AllExceptionsFilter] [39m[33m[undefined] GET /api/notifications/stream -> 401 (Credenciales inválidas o sesión expirada)[39m
[33m[Nest] 7392  - [39m03/08/2026, 2:52:21 p. m. [33m   WARN[39m [38;5;3m[AllExceptionsFilter] [39m[33m[undefined] GET /api/notifications/stream -> 401 (Credenciales inválidas o sesión expirada)[39m
[33m[Nest] 7392  - [39m03/08/2026, 2:52:24 p. m. [33m   WARN[39m [38;5;3m[AllExceptionsFilter] [39m[33m[undefined] GET /api/notifications/stream -> 401 (Credenciales inválidas o sesión expirada)[39m
[33m[Nest] 7392  - [39m03/08/2026, 2:52:27 p. m. [33m   WARN[39m [38;5;3m[AllExceptionsFilter] [39m[33m[undefined] GET /api/notifications/stream -> 401 (Credenciales inválidas o sesión expirada)[39m
[33m[Nest] 7392  - [39m03/08/2026, 2:52:30 p. m. [33m   WARN[39m [38;5;3m[AllExceptionsFilter] [39m[33m[undefined] GET /api/notifications/stream -> 401 (Credenciales inválidas o sesión expirada)[39m
[33m[Nest] 7392  - [39m03/08/2026, 2:52:33 p. m. [33m   WARN[39m [38;5;3m[AllExceptionsFilter] [39m[33m[undefined] GET /api/notifications/stream -> 401 (Credenciales inválidas o sesión expirada)[39m
[33m[Nest] 7392  - [39m03/08/2026, 2:52:36 p. m. [33m   WARN[39m [38;5;3m[AllExceptionsFilter] [39m[33m[undefined] GET /api/notifications/stream -> 401 (Credenciales inválidas o sesión expirada)[39m
[33m[Nest] 7392  - [39m03/08/2026, 2:52:39 p. m. [33m   WARN[39m [38;5;3m[AllExceptionsFilter] [39m[33m[undefined] GET /api/notifications/stream -> 401 (Credenciales inválidas o sesión expirada)[39m
[33m[Nest] 7392  - [39m03/08/2026, 2:52:42 p. m. [33m   WARN[39m [38;5;3m[AllExceptionsFilter] [39m[33m[undefined] GET /api/notifications/stream -> 401 (Credenciales inválidas o sesión expirada)[39m
[33m[Nest] 7392  - [39m03/08/2026, 2:52:45 p. m. [33m   WARN[39m [38;5;3m[AllExceptionsFilter] [39m[33m[undefined] GET /api/notifications/stream -> 401 (Credenciales inválidas o sesión expirada)[39m
[33m[Nest] 7392  - [39m03/08/2026, 2:52:48 p. m. [33m   WARN[39m [38;5;3m[AllExceptionsFilter] [39m[33m[undefined] GET /api/notifications/stream -> 401 (Credenciales inválidas o sesión expirada)[39m
[33m[Nest] 7392  - [39m03/08/2026, 2:52:51 p. m. [33m   WARN[39m [38;5;3m[AllExceptionsFilter] [39m[33m[undefined] GET /api/notifications/stream -> 401 (Credenciales inválidas o sesión expirada)[39m
[33m[Nest] 7392  - [39m03/08/2026, 2:52:54 p. m. [33m   WARN[39m [38;5;3m[AllExceptionsFilter] [39m[33m[undefined] GET /api/notifications/stream -> 401 (Credenciales inválidas o sesión expirada)[39m
[33m[Nest] 7392  - [39m03/08/2026, 2:52:57 p. m. [33m   WARN[39m [38;5;3m[AllExceptionsFilter] [39m[33m[undefined] GET /api/notifications/stream -> 401 (Credenciales inválidas o sesión expirada)[39m
[33m[Nest] 7392  - [39m03/08/2026, 2:53:00 p. m. [33m   WARN[39m [38;5;3m[AllExceptionsFilter] [39m[33m[undefined] GET /api/notifications/stream -> 401 (Credenciales inválidas o sesión expirada)[39m
[33m[Nest] 7392  - [39m03/08/2026, 2:53:03 p. m. [33m   WARN[39m [38;5;3m[AllExceptionsFilter] [39m[33m[undefined] GET /api/notifications/stream -> 401 (Credenciales inválidas o sesión expirada)[39m
[33m[Nest] 7392  - [39m03/08/2026, 2:53:06 p. m. [33m   WARN[39m [38;5;3m[AllExceptionsFilter] [39m[33m[undefined] GET /api/notifications/stream -> 401 (Credenciales inválidas o sesión expirada)[39m
[33m[Nest] 7392  - [39m03/08/2026, 2:53:09 p. m. [33m   WARN[39m [38;5;3m[AllExceptionsFilter] [39m[33m[undefined] GET /api/notifications/stream -> 401 (Credenciales inválidas o sesión expirada)[39m
[33m[Nest] 7392  - [39m03/08/2026, 2:53:12 p. m. [33m   WARN[39m [38;5;3m[AllExceptionsFilter] [39m[33m[undefined] GET /api/notifications/stream -> 401 (Credenciales inválidas o sesión expirada)[39m
[33m[Nest] 7392  - [39m03/08/2026, 2:53:15 p. m. [33m   WARN[39m [38;5;3m[AllExceptionsFilter] [39m[33m[undefined] GET /api/notifications/stream -> 401 (Credenciales inválidas o sesión expirada)[39m
[33m[Nest] 7392  - [39m03/08/2026, 2:53:19 p. m. [33m   WARN[39m [38;5;3m[AllExceptionsFilter] [39m[33m[undefined] GET /api/notifications/stream -> 401 (Credenciales inválidas o sesión expirada)[39m
[33m[Nest] 7392  - [39m03/08/2026, 2:53:22 p. m. [33m   WARN[39m [38;5;3m[AllExceptionsFilter] [39m[33m[undefined] GET /api/notifications/stream -> 401 (Credenciales inválidas o sesión expirada)[39m
[33m[Nest] 7392  - [39m03/08/2026, 2:53:25 p. m. [33m   WARN[39m [38;5;3m[AllExceptionsFilter] [39m[33m[undefined] GET /api/notifications/stream -> 401 (Credenciales inválidas o sesión expirada)[39m
[33m[Nest] 7392  - [39m03/08/2026, 2:53:28 p. m. [33m   WARN[39m [38;5;3m[AllExceptionsFilter] [39m[33m[undefined] GET /api/notifications/stream -> 401 (Credenciales inválidas o sesión expirada)[39m
[33m[Nest] 7392  - [39m03/08/2026, 2:53:31 p. m. [33m   WARN[39m [38;5;3m[AllExceptionsFilter] [39m[33m[undefined] GET /api/notifications/stream -> 401 (Credenciales inválidas o sesión expirada)[39m
[33m[Nest] 7392  - [39m03/08/2026, 2:53:34 p. m. [33m   WARN[39m [38;5;3m[AllExceptionsFilter] [39m[33m[undefined] GET /api/notifications/stream -> 401 (Credenciales inválidas o sesión expirada)[39m
[33m[Nest] 7392  - [39m03/08/2026, 2:53:37 p. m. [33m   WARN[39m [38;5;3m[AllExceptionsFilter] [39m[33m[undefined] GET /api/notifications/stream -> 401 (Credenciales inválidas o sesión expirada)[39m
[33m[Nest] 7392  - [39m03/08/2026, 2:53:40 p. m. [33m   WARN[39m [38;5;3m[AllExceptionsFilter] [39m[33m[undefined] GET /api/notifications/stream -> 401 (Credenciales inválidas o sesión expirada)[39m
[33m[Nest] 7392  - [39m03/08/2026, 2:53:43 p. m. [33m   WARN[39m [38;5;3m[AllExceptionsFilter] [39m[33m[undefined] GET /api/notifications/stream -> 401 (Credenciales inválidas o sesión expirada)[39m
[33m[Nest] 7392  - [39m03/08/2026, 2:53:46 p. m. [33m   WARN[39m [38;5;3m[AllExceptionsFilter] [39m[33m[undefined] GET /api/notifications/stream -> 401 (Credenciales inválidas o sesión expirada)[39m
[33m[Nest] 7392  - [39m03/08/2026, 2:53:49 p. m. [33m   WARN[39m [38;5;3m[AllExceptionsFilter] [39m[33m[undefined] GET /api/notifications/stream -> 401 (Credenciales inválidas o sesión expirada)[39m
[33m[Nest] 7392  - [39m03/08/2026, 2:53:52 p. m. [33m   WARN[39m [38;5;3m[AllExceptionsFilter] [39m[33m[undefined] GET /api/notifications/stream -> 401 (Credenciales inválidas o sesión expirada)[39m
[33m[Nest] 7392  - [39m03/08/2026, 2:53:55 p. m. [33m   WARN[39m [38;5;3m[AllExceptionsFilter] [39m[33m[undefined] GET /api/notifications/stream -> 401 (Credenciales inválidas o sesión expirada)[39m
[33m[Nest] 7392  - [39m03/08/2026, 2:53:58 p. m. [33m   WARN[39m [38;5;3m[AllExceptionsFilter] [39m[33m[undefined] GET /api/notifications/stream -> 401 (Credenciales inválidas o sesión expirada)[39m
[33m[Nest] 7392  - [39m03/08/2026, 2:54:01 p. m. [33m   WARN[39m [38;5;3m[AllExceptionsFilter] [39m[33m[undefined] GET /api/notifications/stream -> 401 (Credenciales inválidas o sesión expirada)[39m
[33m[Nest] 7392  - [39m03/08/2026, 2:54:04 p. m. [33m   WARN[39m [38;5;3m[AllExceptionsFilter] [39m[33m[undefined] GET /api/notifications/stream -> 401 (Credenciales inválidas o sesión expirada)[39m
[33m[Nest] 7392  - [39m03/08/2026, 2:54:07 p. m. [33m   WARN[39m [38;5;3m[AllExceptionsFilter] [39m[33m[undefined] GET /api/notifications/stream -> 401 (Credenciales inválidas o sesión expirada)[39m
[33m[Nest] 7392  - [39m03/08/2026, 2:54:10 p. m. [33m   WARN[39m [38;5;3m[AllExceptionsFilter] [39m[33m[undefined] GET /api/notifications/stream -> 401 (Credenciales inválidas o sesión expirada)[39m
[33m[Nest] 7392  - [39m03/08/2026, 2:54:13 p. m. [33m   WARN[39m [38;5;3m[AllExceptionsFilter] [39m[33m[undefined] GET /api/notifications/stream -> 401 (Credenciales inválidas o sesión expirada)[39m
[33m[Nest] 7392  - [39m03/08/2026, 2:54:16 p. m. [33m   WARN[39m [38;5;3m[AllExceptionsFilter] [39m[33m[undefined] GET /api/notifications/stream -> 401 (Credenciales inválidas o sesión expirada)[39m
[33m[Nest] 7392  - [39m03/08/2026, 2:54:19 p. m. [33m   WARN[39m [38;5;3m[AllExceptionsFilter] [39m[33m[undefined] GET /api/notifications/stream -> 401 (Credenciales inválidas o sesión expirada)[39m
[33m[Nest] 7392  - [39m03/08/2026, 2:54:22 p. m. [33m   WARN[39m [38;5;3m[AllExceptionsFilter] [39m[33m[undefined] GET /api/notifications/stream -> 401 (Credenciales inválidas o sesión expirada)[39m
[33m[Nest] 7392  - [39m03/08/2026, 2:54:25 p. m. [33m   WARN[39m [38;5;3m[AllExceptionsFilter] [39m[33m[undefined] GET /api/notifications/stream -> 401 (Credenciales inválidas o sesión expirada)[39m
[33m[Nest] 7392  - [39m03/08/2026, 2:54:28 p. m. [33m   WARN[39m [38;5;3m[AllExceptionsFilter] [39m[33m[undefined] GET /api/notifications/stream -> 401 (Credenciales inválidas o sesión expirada)[39m
[33m[Nest] 7392  - [39m03/08/2026, 2:54:31 p. m. [33m   WARN[39m [38;5;3m[AllExceptionsFilter] [39m[33m[undefined] GET /api/notifications/stream -> 401 (Credenciales inválidas o sesión expirada)[39m
[33m[Nest] 7392  - [39m03/08/2026, 2:54:34 p. m. [33m   WARN[39m [38;5;3m[AllExceptionsFilter] [39m[33m[undefined] GET /api/notifications/stream -> 401 (Credenciales inválidas o sesión expirada)[39m
[33m[Nest] 7392  - [39m03/08/2026, 2:54:37 p. m. [33m   WARN[39m [38;5;3m[AllExceptionsFilter] [39m[33m[undefined] GET /api/notifications/stream -> 401 (Credenciales inválidas o sesión expirada)[39m
[33m[Nest] 7392  - [39m03/08/2026, 2:54:40 p. m. [33m   WARN[39m [38;5;3m[AllExceptionsFilter] [39m[33m[undefined] GET /api/notifications/stream -> 401 (Credenciales inválidas o sesión expirada)[39m
[33m[Nest] 7392  - [39m03/08/2026, 2:54:43 p. m. [33m   WARN[39m [38;5;3m[AllExceptionsFilter] [39m[33m[undefined] GET /api/notifications/stream -> 401 (Credenciales inválidas o sesión expirada)[39m
[33m[Nest] 7392  - [39m03/08/2026, 2:54:46 p. m. [33m   WARN[39m [38;5;3m[AllExceptionsFilter] [39m[33m[undefined] GET /api/notifications/stream -> 401 (Credenciales inválidas o sesión expirada)[39m
[33m[Nest] 7392  - [39m03/08/2026, 2:54:49 p. m. [33m   WARN[39m [38;5;3m[AllExceptionsFilter] [39m[33m[undefined] GET /api/notifications/stream -> 401 (Credenciales inválidas o sesión expirada)[39m
[33m[Nest] 7392  - [39m03/08/2026, 2:54:52 p. m. [33m   WARN[39m [38;5;3m[AllExceptionsFilter] [39m[33m[undefined] GET /api/notifications/stream -> 401 (Credenciales inválidas o sesión expirada)[39m
[33m[Nest] 7392  - [39m03/08/2026, 2:54:55 p. m. [33m   WARN[39m [38;5;3m[AllExceptionsFilter] [39m[33m[undefined] GET /api/notifications/stream -> 401 (Credenciales inválidas o sesión expirada)[39m
[33m[Nest] 7392  - [39m03/08/2026, 2:54:58 p. m. [33m   WARN[39m [38;5;3m[AllExceptionsFilter] [39m[33m[undefined] GET /api/notifications/stream -> 401 (Credenciales inválidas o sesión expirada)[39m
[33m[Nest] 7392  - [39m03/08/2026, 2:55:01 p. m. [33m   WARN[39m [38;5;3m[AllExceptionsFilter] [39m[33m[undefined] GET /api/notifications/stream -> 401 (Credenciales inválidas o sesión expirada)[39m
[33m[Nest] 7392  - [39m03/08/2026, 2:55:04 p. m. [33m   WARN[39m [38;5;3m[AllExceptionsFilter] [39m[33m[undefined] GET /api/notifications/stream -> 401 (Credenciales inválidas o sesión expirada)[39m
[33m[Nest] 7392  - [39m03/08/2026, 2:55:07 p. m. [33m   WARN[39m [38;5;3m[AllExceptionsFilter] [39m[33m[undefined] GET /api/notifications/stream -> 401 (Credenciales inválidas o sesión expirada)[39m
[33m[Nest] 7392  - [39m03/08/2026, 2:55:10 p. m. [33m   WARN[39m [38;5;3m[AllExceptionsFilter] [39m[33m[undefined] GET /api/notifications/stream -> 401 (Credenciales inválidas o sesión expirada)[39m
[33m[Nest] 7392  - [39m03/08/2026, 2:55:13 p. m. [33m   WARN[39m [38;5;3m[AllExceptionsFilter] [39m[33m[undefined] GET /api/notifications/stream -> 401 (Credenciales inválidas o sesión expirada)[39m
[33m[Nest] 7392  - [39m03/08/2026, 2:55:16 p. m. [33m   WARN[39m [38;5;3m[AllExceptionsFilter] [39m[33m[undefined] GET /api/notifications/stream -> 401 (Credenciales inválidas o sesión expirada)[39m
[33m[Nest] 7392  - [39m03/08/2026, 2:55:19 p. m. [33m   WARN[39m [38;5;3m[AllExceptionsFilter] [39m[33m[undefined] GET /api/notifications/stream -> 401 (Credenciales inválidas o sesión expirada)[39m
[33m[Nest] 7392  - [39m03/08/2026, 2:55:22 p. m. [33m   WARN[39m [38;5;3m[AllExceptionsFilter] [39m[33m[undefined] GET /api/notifications/stream -> 401 (Credenciales inválidas o sesión expirada)[39m
[33m[Nest] 7392  - [39m03/08/2026, 2:55:25 p. m. [33m   WARN[39m [38;5;3m[AllExceptionsFilter] [39m[33m[undefined] GET /api/notifications/stream -> 401 (Credenciales inválidas o sesión expirada)[39m
[33m[Nest] 7392  - [39m03/08/2026, 2:55:28 p. m. [33m   WARN[39m [38;5;3m[AllExceptionsFilter] [39m[33m[undefined] GET /api/notifications/stream -> 401 (Credenciales inválidas o sesión expirada)[39m
[33m[Nest] 7392  - [39m03/08/2026, 2:55:31 p. m. [33m   WARN[39m [38;5;3m[AllExceptionsFilter] [39m[33m[undefined] GET /api/notifications/stream -> 401 (Credenciales inválidas o sesión expirada)[39m
[33m[Nest] 7392  - [39m03/08/2026, 2:55:34 p. m. [33m   WARN[39m [38;5;3m[AllExceptionsFilter] [39m[33m[undefined] GET /api/notifications/stream -> 401 (Credenciales inválidas o sesión expirada)[39m
[33m[Nest] 7392  - [39m03/08/2026, 2:55:37 p. m. [33m   WARN[39m [38;5;3m[AllExceptionsFilter] [39m[33m[undefined] GET /api/notifications/stream -> 401 (Credenciales inválidas o sesión expirada)[39m
[33m[Nest] 7392  - [39m03/08/2026, 2:55:40 p. m. [33m   WARN[39m [38;5;3m[AllExceptionsFilter] [39m[33m[undefined] GET /api/notifications/stream -> 401 (Credenciales inválidas o sesión expirada)[39m
[33m[Nest] 7392  - [39m03/08/2026, 2:55:43 p. m. [33m   WARN[39m [38;5;3m[AllExceptionsFilter] [39m[33m[undefined] GET /api/notifications/stream -> 401 (Credenciales inválidas o sesión expirada)[39m
[33m[Nest] 7392  - [39m03/08/2026, 2:55:46 p. m. [33m   WARN[39m [38;5;3m[AllExceptionsFilter] [39m[33m[undefined] GET /api/notifications/stream -> 401 (Credenciales inválidas o sesión expirada)[39m
[33m[Nest] 7392  - [39m03/08/2026, 2:55:49 p. m. [33m   WARN[39m [38;5;3m[AllExceptionsFilter] [39m[33m[undefined] GET /api/notifications/stream -> 401 (Credenciales inválidas o sesión expirada)[39m
[33m[Nest] 7392  - [39m03/08/2026, 2:55:52 p. m. [33m   WARN[39m [38;5;3m[AllExceptionsFilter] [39m[33m[undefined] GET /api/notifications/stream -> 401 (Credenciales inválidas o sesión expirada)[39m
[33m[Nest] 7392  - [39m03/08/2026, 2:55:55 p. m. [33m   WARN[39m [38;5;3m[AllExceptionsFilter] [39m[33m[undefined] GET /api/notifications/stream -> 401 (Credenciales inválidas o sesión expirada)[39m
[33m[Nest] 7392  - [39m03/08/2026, 2:55:58 p. m. [33m   WARN[39m [38;5;3m[AllExceptionsFilter] [39m[33m[undefined] GET /api/notifications/stream -> 401 (Credenciales inválidas o sesión expirada)[39m
[33m[Nest] 7392  - [39m03/08/2026, 2:56:01 p. m. [33m   WARN[39m [38;5;3m[AllExceptionsFilter] [39m[33m[undefined] GET /api/notifications/stream -> 401 (Credenciales inválidas o sesión expirada)[39m
[33m[Nest] 7392  - [39m03/08/2026, 2:56:04 p. m. [33m   WARN[39m [38;5;3m[AllExceptionsFilter] [39m[33m[undefined] GET /api/notifications/stream -> 401 (Credenciales inválidas o sesión expirada)[39m
[33m[Nest] 7392  - [39m03/08/2026, 2:56:07 p. m. [33m   WARN[39m [38;5;3m[AllExceptionsFilter] [39m[33m[undefined] GET /api/notifications/stream -> 401 (Credenciales inválidas o sesión expirada)[39m
[33m[Nest] 7392  - [39m03/08/2026, 2:56:10 p. m. [33m   WARN[39m [38;5;3m[AllExceptionsFilter] [39m[33m[undefined] GET /api/notifications/stream -> 401 (Credenciales inválidas o sesión expirada)[39m
[33m[Nest] 7392  - [39m03/08/2026, 2:56:13 p. m. [33m   WARN[39m [38;5;3m[AllExceptionsFilter] [39m[33m[undefined] GET /api/notifications/stream -> 401 (Credenciales inválidas o sesión expirada)[39m
[33m[Nest] 7392  - [39m03/08/2026, 2:56:16 p. m. [33m   WARN[39m [38;5;3m[AllExceptionsFilter] [39m[33m[undefined] GET /api/notifications/stream -> 401 (Credenciales inválidas o sesión expirada)[39m
[33m[Nest] 7392  - [39m03/08/2026, 2:56:19 p. m. [33m   WARN[39m [38;5;3m[AllExceptionsFilter] [39m[33m[undefined] GET /api/notifications/stream -> 401 (Credenciales inválidas o sesión expirada)[39m
[33m[Nest] 7392  - [39m03/08/2026, 2:56:22 p. m. [33m   WARN[39m [38;5;3m[AllExceptionsFilter] [39m[33m[undefined] GET /api/notifications/stream -> 401 (Credenciales inválidas o sesión expirada)[39m
[33m[Nest] 7392  - [39m03/08/2026, 2:56:25 p. m. [33m   WARN[39m [38;5;3m[AllExceptionsFilter] [39m[33m[undefined] GET /api/notifications/stream -> 401 (Credenciales inválidas o sesión expirada)[39m
[33m[Nest] 7392  - [39m03/08/2026, 2:56:28 p. m. [33m   WARN[39m [38;5;3m[AllExceptionsFilter] [39m[33m[undefined] GET /api/notifications/stream -> 401 (Credenciales inválidas o sesión expirada)[39m
[33m[Nest] 7392  - [39m03/08/2026, 2:56:31 p. m. [33m   WARN[39m [38;5;3m[AllExceptionsFilter] [39m[33m[undefined] GET /api/notifications/stream -> 401 (Credenciales inválidas o sesión expirada)[39m
[33m[Nest] 7392  - [39m03/08/2026, 2:56:34 p. m. [33m   WARN[39m [38;5;3m[AllExceptionsFilter] [39m[33m[undefined] GET /api/notifications/stream -> 401 (Credenciales inválidas o sesión expirada)[39m
[33m[Nest] 7392  - [39m03/08/2026, 2:56:37 p. m. [33m   WARN[39m [38;5;3m[AllExceptionsFilter] [39m[33m[undefined] GET /api/notifications/stream -> 401 (Credenciales inválidas o sesión expirada)[39m
[33m[Nest] 7392  - [39m03/08/2026, 2:56:41 p. m. [33m   WARN[39m [38;5;3m[AllExceptionsFilter] [39m[33m[undefined] GET /api/notifications/stream -> 401 (Credenciales inválidas o sesión expirada)[39m
[33m[Nest] 7392  - [39m03/08/2026, 2:56:44 p. m. [33m   WARN[39m [38;5;3m[AllExceptionsFilter] [39m[33m[undefined] GET /api/notifications/stream -> 401 (Credenciales inválidas o sesión expirada)[39m
[33m[Nest] 7392  - [39m03/08/2026, 2:56:47 p. m. [33m   WARN[39m [38;5;3m[AllExceptionsFilter] [39m[33m[undefined] GET /api/notifications/stream -> 401 (Credenciales inválidas o sesión expirada)[39m
[33m[Nest] 7392  - [39m03/08/2026, 2:56:50 p. m. [33m   WARN[39m [38;5;3m[AllExceptionsFilter] [39m[33m[undefined] GET /api/notifications/stream -> 401 (Credenciales inválidas o sesión expirada)[39m
[33m[Nest] 7392  - [39m03/08/2026, 2:56:53 p. m. [33m   WARN[39m [38;5;3m[AllExceptionsFilter] [39m[33m[undefined] GET /api/notifications/stream -> 401 (Credenciales inválidas o sesión expirada)[39m
[33m[Nest] 7392  - [39m03/08/2026, 2:56:56 p. m. [33m   WARN[39m [38;5;3m[AllExceptionsFilter] [39m[33m[undefined] GET /api/notifications/stream -> 401 (Credenciales inválidas o sesión expirada)[39m
[33m[Nest] 7392  - [39m03/08/2026, 2:56:59 p. m. [33m   WARN[39m [38;5;3m[AllExceptionsFilter] [39m[33m[undefined] GET /api/notifications/stream -> 401 (Credenciales inválidas o sesión expirada)[39m
[33m[Nest] 7392  - [39m03/08/2026, 2:57:02 p. m. [33m   WARN[39m [38;5;3m[AllExceptionsFilter] [39m[33m[undefined] GET /api/notifications/stream -> 401 (Credenciales inválidas o sesión expirada)[39m
[33m[Nest] 7392  - [39m03/08/2026, 2:57:05 p. m. [33m   WARN[39m [38;5;3m[AllExceptionsFilter] [39m[33m[undefined] GET /api/notifications/stream -> 401 (Credenciales inválidas o sesión expirada)[39m
[33m[Nest] 7392  - [39m03/08/2026, 2:57:08 p. m. [33m   WARN[39m [38;5;3m[AllExceptionsFilter] [39m[33m[undefined] GET /api/notifications/stream -> 401 (Credenciales inválidas o sesión expirada)[39m
[33m[Nest] 7392  - [39m03/08/2026, 2:57:11 p. m. [33m   WARN[39m [38;5;3m[AllExceptionsFilter] [39m[33m[undefined] GET /api/notifications/stream -> 401 (Credenciales inválidas o sesión expirada)[39m
[33m[Nest] 7392  - [39m03/08/2026, 2:57:14 p. m. [33m   WARN[39m [38;5;3m[AllExceptionsFilter] [39m[33m[undefined] GET /api/notifications/stream -> 401 (Credenciales inválidas o sesión expirada)[39m
[33m[Nest] 7392  - [39m03/08/2026, 2:57:17 p. m. [33m   WARN[39m [38;5;3m[AllExceptionsFilter] [39m[33m[undefined] GET /api/notifications/stream -> 401 (Credenciales inválidas o sesión expirada)[39m
[33m[Nest] 7392  - [39m03/08/2026, 2:57:20 p. m. [33m   WARN[39m [38;5;3m[AllExceptionsFilter] [39m[33m[undefined] GET /api/notifications/stream -> 401 (Credenciales inválidas o sesión expirada)[39m
[33m[Nest] 7392  - [39m03/08/2026, 2:57:23 p. m. [33m   WARN[39m [38;5;3m[AllExceptionsFilter] [39m[33m[undefined] GET /api/notifications/stream -> 401 (Credenciales inválidas o sesión expirada)[39m
[33m[Nest] 7392  - [39m03/08/2026, 2:57:26 p. m. [33m   WARN[39m [38;5;3m[AllExceptionsFilter] [39m[33m[undefined] GET /api/notifications/stream -> 401 (Credenciales inválidas o sesión expirada)[39m
[33m[Nest] 7392  - [39m03/08/2026, 2:57:29 p. m. [33m   WARN[39m [38;5;3m[AllExceptionsFilter] [39m[33m[undefined] GET /api/notifications/stream -> 401 (Credenciales inválidas o sesión expirada)[39m
[33m[Nest] 7392  - [39m03/08/2026, 2:57:32 p. m. [33m   WARN[39m [38;5;3m[AllExceptionsFilter] [39m[33m[undefined] GET /api/notifications/stream -> 401 (Credenciales inválidas o sesión expirada)[39m
[33m[Nest] 7392  - [39m03/08/2026, 2:57:35 p. m. [33m   WARN[39m [38;5;3m[AllExceptionsFilter] [39m[33m[undefined] GET /api/notifications/stream -> 401 (Credenciales inválidas o sesión expirada)[39m
[33m[Nest] 7392  - [39m03/08/2026, 2:57:38 p. m. [33m   WARN[39m [38;5;3m[AllExceptionsFilter] [39m[33m[undefined] GET /api/notifications/stream -> 401 (Credenciales inválidas o sesión expirada)[39m
[33m[Nest] 7392  - [39m03/08/2026, 2:57:41 p. m. [33m   WARN[39m [38;5;3m[AllExceptionsFilter] [39m[33m[undefined] GET /api/notifications/stream -> 401 (Credenciales inválidas o sesión expirada)[39m
[33m[Nest] 7392  - [39m03/08/2026, 2:57:44 p. m. [33m   WARN[39m [38;5;3m[AllExceptionsFilter] [39m[33m[undefined] GET /api/notifications/stream -> 401 (Credenciales inválidas o sesión expirada)[39m
[33m[Nest] 7392  - [39m03/08/2026, 2:57:47 p. m. [33m   WARN[39m [38;5;3m[AllExceptionsFilter] [39m[33m[undefined] GET /api/notifications/stream -> 401 (Credenciales inválidas o sesión expirada)[39m
[33m[Nest] 7392  - [39m03/08/2026, 2:57:50 p. m. [33m   WARN[39m [38;5;3m[AllExceptionsFilter] [39m[33m[undefined] GET /api/notifications/stream -> 401 (Credenciales inválidas o sesión expirada)[39m
[33m[Nest] 7392  - [39m03/08/2026, 2:57:53 p. m. [33m   WARN[39m [38;5;3m[AllExceptionsFilter] [39m[33m[undefined] GET /api/notifications/stream -> 401 (Credenciales inválidas o sesión expirada)[39m
[33m[Nest] 7392  - [39m03/08/2026, 2:57:56 p. m. [33m   WARN[39m [38;5;3m[AllExceptionsFilter] [39m[33m[undefined] GET /api/notifications/stream -> 401 (Credenciales inválidas o sesión expirada)[39m
[33m[Nest] 7392  - [39m03/08/2026, 2:57:59 p. m. [33m   WARN[39m [38;5;3m[AllExceptionsFilter] [39m[33m[undefined] GET /api/notifications/stream -> 401 (Credenciales inválidas o sesión expirada)[39m
[33m[Nest] 7392  - [39m03/08/2026, 2:58:02 p. m. [33m   WARN[39m [38;5;3m[AllExceptionsFilter] [39m[33m[undefined] GET /api/notifications/stream -> 401 (Credenciales inválidas o sesión expirada)[39m
[33m[Nest] 7392  - [39m03/08/2026, 2:58:05 p. m. [33m   WARN[39m [38;5;3m[AllExceptionsFilter] [39m[33m[undefined] GET /api/notifications/stream -> 401 (Credenciales inválidas o sesión expirada)[39m
[33m[Nest] 7392  - [39m03/08/2026, 2:58:08 p. m. [33m   WARN[39m [38;5;3m[AllExceptionsFilter] [39m[33m[undefined] GET /api/notifications/stream -> 401 (Credenciales inválidas o sesión expirada)[39m
[33m[Nest] 7392  - [39m03/08/2026, 2:58:11 p. m. [33m   WARN[39m [38;5;3m[AllExceptionsFilter] [39m[33m[undefined] GET /api/notifications/stream -> 401 (Credenciales inválidas o sesión expirada)[39m
[33m[Nest] 7392  - [39m03/08/2026, 2:58:14 p. m. [33m   WARN[39m [38;5;3m[AllExceptionsFilter] [39m[33m[undefined] GET /api/notifications/stream -> 401 (Credenciales inválidas o sesión expirada)[39m
[33m[Nest] 7392  - [39m03/08/2026, 2:58:17 p. m. [33m   WARN[39m [38;5;3m[AllExceptionsFilter] [39m[33m[undefined] GET /api/notifications/stream -> 401 (Credenciales inválidas o sesión expirada)[39m
[33m[Nest] 7392  - [39m03/08/2026, 2:58:21 p. m. [33m   WARN[39m [38;5;3m[AllExceptionsFilter] [39m[33m[undefined] GET /api/notifications/stream -> 401 (Credenciales inválidas o sesión expirada)[39m
[33m[Nest] 7392  - [39m03/08/2026, 2:58:24 p. m. [33m   WARN[39m [38;5;3m[AllExceptionsFilter] [39m[33m[undefined] GET /api/notifications/stream -> 401 (Credenciales inválidas o sesión expirada)[39m
[33m[Nest] 7392  - [39m03/08/2026, 2:58:27 p. m. [33m   WARN[39m [38;5;3m[AllExceptionsFilter] [39m[33m[undefined] GET /api/notifications/stream -> 401 (Credenciales inválidas o sesión expirada)[39m
[33m[Nest] 7392  - [39m03/08/2026, 2:58:30 p. m. [33m   WARN[39m [38;5;3m[AllExceptionsFilter] [39m[33m[undefined] GET /api/notifications/stream -> 401 (Credenciales inválidas o sesión expirada)[39m
[33m[Nest] 7392  - [39m03/08/2026, 2:58:33 p. m. [33m   WARN[39m [38;5;3m[AllExceptionsFilter] [39m[33m[undefined] GET /api/notifications/stream -> 401 (Credenciales inválidas o sesión expirada)[39m
[33m[Nest] 7392  - [39m03/08/2026, 2:58:36 p. m. [33m   WARN[39m [38;5;3m[AllExceptionsFilter] [39m[33m[undefined] GET /api/notifications/stream -> 401 (Credenciales inválidas o sesión expirada)[39m
[33m[Nest] 7392  - [39m03/08/2026, 2:58:40 p. m. [33m   WARN[39m [38;5;3m[AllExceptionsFilter] [39m[33m[undefined] GET /api/notifications/stream -> 401 (Credenciales inválidas o sesión expirada)[39m
[33m[Nest] 7392  - [39m03/08/2026, 2:58:46 p. m. [33m   WARN[39m [38;5;3m[AllExceptionsFilter] [39m[33m[undefined] GET /api/notifications/stream -> 401 (Credenciales inválidas o sesión expirada)[39m
[33m[Nest] 7392  - [39m03/08/2026, 2:58:50 p. m. [33m   WARN[39m [38;5;3m[AllExceptionsFilter] [39m[33m[undefined] GET /api/notifications/stream -> 401 (Credenciales inválidas o sesión expirada)[39m
[33m[Nest] 7392  - [39m03/08/2026, 2:58:53 p. m. [33m   WARN[39m [38;5;3m[AllExceptionsFilter] [39m[33m[undefined] GET /api/notifications/stream -> 401 (Credenciales inválidas o sesión expirada)[39m
[33m[Nest] 7392  - [39m03/08/2026, 2:58:56 p. m. [33m   WARN[39m [38;5;3m[AllExceptionsFilter] [39m[33m[undefined] GET /api/notifications/stream -> 401 (Credenciales inválidas o sesión expirada)[39m
[33m[Nest] 7392  - [39m03/08/2026, 2:58:59 p. m. [33m   WARN[39m [38;5;3m[AllExceptionsFilter] [39m[33m[undefined] GET /api/notifications/stream -> 401 (Credenciales inválidas o sesión expirada)[39m
[33m[Nest] 7392  - [39m03/08/2026, 2:59:02 p. m. [33m   WARN[39m [38;5;3m[AllExceptionsFilter] [39m[33m[undefined] GET /api/notifications/stream -> 401 (Credenciales inválidas o sesión expirada)[39m
[33m[Nest] 7392  - [39m03/08/2026, 2:59:05 p. m. [33m   WARN[39m [38;5;3m[AllExceptionsFilter] [39m[33m[undefined] GET /api/notifications/stream -> 401 (Credenciales inválidas o sesión expirada)[39m
[33m[Nest] 7392  - [39m03/08/2026, 2:59:08 p. m. [33m   WARN[39m [38;5;3m[AllExceptionsFilter] [39m[33m[undefined] GET /api/notifications/stream -> 401 (Credenciales inválidas o sesión expirada)[39m
[33m[Nest] 7392  - [39m03/08/2026, 2:59:11 p. m. [33m   WARN[39m [38;5;3m[AllExceptionsFilter] [39m[33m[undefined] GET /api/notifications/stream -> 401 (Credenciales inválidas o sesión expirada)[39m
[33m[Nest] 7392  - [39m03/08/2026, 2:59:14 p. m. [33m   WARN[39m [38;5;3m[AllExceptionsFilter] [39m[33m[undefined] GET /api/notifications/stream -> 401 (Credenciales inválidas o sesión expirada)[39m
[33m[Nest] 7392  - [39m03/08/2026, 2:59:17 p. m. [33m   WARN[39m [38;5;3m[AllExceptionsFilter] [39m[33m[undefined] GET /api/notifications/stream -> 401 (Credenciales inválidas o sesión expirada)[39m
[33m[Nest] 7392  - [39m03/08/2026, 2:59:20 p. m. [33m   WARN[39m [38;5;3m[AllExceptionsFilter] [39m[33m[undefined] GET /api/notifications/stream -> 401 (Credenciales inválidas o sesión expirada)[39m
[33m[Nest] 7392  - [39m03/08/2026, 2:59:23 p. m. [33m   WARN[39m [38;5;3m[AllExceptionsFilter] [39m[33m[undefined] GET /api/notifications/stream -> 401 (Credenciales inválidas o sesión expirada)[39m
[33m[Nest] 7392  - [39m03/08/2026, 2:59:26 p. m. [33m   WARN[39m [38;5;3m[AllExceptionsFilter] [39m[33m[undefined] GET /api/notifications/stream -> 401 (Credenciales inválidas o sesión expirada)[39m
[33m[Nest] 7392  - [39m03/08/2026, 2:59:29 p. m. [33m   WARN[39m [38;5;3m[AllExceptionsFilter] [39m[33m[undefined] GET /api/notifications/stream -> 401 (Credenciales inválidas o sesión expirada)[39m
[33m[Nest] 7392  - [39m03/08/2026, 2:59:32 p. m. [33m   WARN[39m [38;5;3m[AllExceptionsFilter] [39m[33m[undefined] GET /api/notifications/stream -> 401 (Credenciales inválidas o sesión expirada)[39m
[33m[Nest] 7392  - [39m03/08/2026, 2:59:35 p. m. [33m   WARN[39m [38;5;3m[AllExceptionsFilter] [39m[33m[undefined] GET /api/notifications/stream -> 401 (Credenciales inválidas o sesión expirada)[39m
[33m[Nest] 7392  - [39m03/08/2026, 2:59:38 p. m. [33m   WARN[39m [38;5;3m[AllExceptionsFilter] [39m[33m[undefined] GET /api/notifications/stream -> 401 (Credenciales inválidas o sesión expirada)[39m
[33m[Nest] 7392  - [39m03/08/2026, 2:59:41 p. m. [33m   WARN[39m [38;5;3m[AllExceptionsFilter] [39m[33m[undefined] GET /api/notifications/stream -> 401 (Credenciales inválidas o sesión expirada)[39m
[33m[Nest] 7392  - [39m03/08/2026, 2:59:45 p. m. [33m   WARN[39m [38;5;3m[AllExceptionsFilter] [39m[33m[undefined] GET /api/notifications/stream -> 401 (Credenciales inválidas o sesión expirada)[39m
[33m[Nest] 7392  - [39m03/08/2026, 2:59:48 p. m. [33m   WARN[39m [38;5;3m[AllExceptionsFilter] [39m[33m[undefined] GET /api/notifications/stream -> 401 (Credenciales inválidas o sesión expirada)[39m
[33m[Nest] 7392  - [39m03/08/2026, 2:59:51 p. m. [33m   WARN[39m [38;5;3m[AllExceptionsFilter] [39m[33m[undefined] GET /api/notifications/stream -> 401 (Credenciales inválidas o sesión expirada)[39m
[33m[Nest] 7392  - [39m03/08/2026, 2:59:54 p. m. [33m   WARN[39m [38;5;3m[AllExceptionsFilter] [39m[33m[undefined] GET /api/notifications/stream -> 401 (Credenciales inválidas o sesión expirada)[39m
[33m[Nest] 7392  - [39m03/08/2026, 2:59:57 p. m. [33m   WARN[39m [38;5;3m[AllExceptionsFilter] [39m[33m[undefined] GET /api/notifications/stream -> 401 (Credenciales inválidas o sesión expirada)[39m
[33m[Nest] 7392  - [39m03/08/2026, 3:00:00 p. m. [33m   WARN[39m [38;5;3m[AllExceptionsFilter] [39m[33m[undefined] GET /api/notifications/stream -> 401 (Credenciales inválidas o sesión expirada)[39m
[33m[Nest] 7392  - [39m03/08/2026, 3:00:03 p. m. [33m   WARN[39m [38;5;3m[AllExceptionsFilter] [39m[33m[undefined] GET /api/notifications/stream -> 401 (Credenciales inválidas o sesión expirada)[39m
[33m[Nest] 7392  - [39m03/08/2026, 3:00:06 p. m. [33m   WARN[39m [38;5;3m[AllExceptionsFilter] [39m[33m[undefined] GET /api/notifications/stream -> 401 (Credenciales inválidas o sesión expirada)[39m
[33m[Nest] 7392  - [39m03/08/2026, 3:00:09 p. m. [33m   WARN[39m [38;5;3m[AllExceptionsFilter] [39m[33m[undefined] GET /api/notifications/stream -> 401 (Credenciales inválidas o sesión expirada)[39m
[33m[Nest] 7392  - [39m03/08/2026, 3:00:12 p. m. [33m   WARN[39m [38;5;3m[AllExceptionsFilter] [39m[33m[undefined] GET /api/notifications/stream -> 401 (Credenciales inválidas o sesión expirada)[39m
[33m[Nest] 7392  - [39m03/08/2026, 3:00:15 p. m. [33m   WARN[39m [38;5;3m[AllExceptionsFilter] [39m[33m[undefined] GET /api/notifications/stream -> 401 (Credenciales inválidas o sesión expirada)[39m
[33m[Nest] 7392  - [39m03/08/2026, 3:00:18 p. m. [33m   WARN[39m [38;5;3m[AllExceptionsFilter] [39m[33m[undefined] GET /api/notifications/stream -> 401 (Credenciales inválidas o sesión expirada)[39m
[33m[Nest] 7392  - [39m03/08/2026, 3:00:21 p. m. [33m   WARN[39m [38;5;3m[AllExceptionsFilter] [39m[33m[undefined] GET /api/notifications/stream -> 401 (Credenciales inválidas o sesión expirada)[39m
[33m[Nest] 7392  - [39m03/08/2026, 3:00:24 p. m. [33m   WARN[39m [38;5;3m[AllExceptionsFilter] [39m[33m[undefined] GET /api/notifications/stream -> 401 (Credenciales inválidas o sesión expirada)[39m
[33m[Nest] 7392  - [39m03/08/2026, 3:00:27 p. m. [33m   WARN[39m [38;5;3m[AllExceptionsFilter] [39m[33m[undefined] GET /api/notifications/stream -> 401 (Credenciales inválidas o sesión expirada)[39m
[33m[Nest] 7392  - [39m03/08/2026, 3:00:30 p. m. [33m   WARN[39m [38;5;3m[AllExceptionsFilter] [39m[33m[undefined] GET /api/notifications/stream -> 401 (Credenciales inválidas o sesión expirada)[39m
[33m[Nest] 7392  - [39m03/08/2026, 3:00:33 p. m. [33m   WARN[39m [38;5;3m[AllExceptionsFilter] [39m[33m[undefined] GET /api/notifications/stream -> 401 (Credenciales inválidas o sesión expirada)[39m
[33m[Nest] 7392  - [39m03/08/2026, 3:00:36 p. m. [33m   WARN[39m [38;5;3m[AllExceptionsFilter] [39m[33m[undefined] GET /api/notifications/stream -> 401 (Credenciales inválidas o sesión expirada)[39m
[33m[Nest] 7392  - [39m03/08/2026, 3:00:39 p. m. [33m   WARN[39m [38;5;3m[AllExceptionsFilter] [39m[33m[undefined] GET /api/notifications/stream -> 401 (Credenciales inválidas o sesión expirada)[39m
[33m[Nest] 7392  - [39m03/08/2026, 3:00:42 p. m. [33m   WARN[39m [38;5;3m[AllExceptionsFilter] [39m[33m[undefined] GET /api/notifications/stream -> 401 (Credenciales inválidas o sesión expirada)[39m
[33m[Nest] 7392  - [39m03/08/2026, 3:00:45 p. m. [33m   WARN[39m [38;5;3m[AllExceptionsFilter] [39m[33m[undefined] GET /api/notifications/stream -> 401 (Credenciales inválidas o sesión expirada)[39m
[33m[Nest] 7392  - [39m03/08/2026, 3:00:48 p. m. [33m   WARN[39m [38;5;3m[AllExceptionsFilter] [39m[33m[undefined] GET /api/notifications/stream -> 401 (Credenciales inválidas o sesión expirada)[39m
[33m[Nest] 7392  - [39m03/08/2026, 3:00:51 p. m. [33m   WARN[39m [38;5;3m[AllExceptionsFilter] [39m[33m[undefined] GET /api/notifications/stream -> 401 (Credenciales inválidas o sesión expirada)[39m
[33m[Nest] 7392  - [39m03/08/2026, 3:00:54 p. m. [33m   WARN[39m [38;5;3m[AllExceptionsFilter] [39m[33m[undefined] GET /api/notifications/stream -> 401 (Credenciales inválidas o sesión expirada)[39m
[33m[Nest] 7392  - [39m03/08/2026, 3:00:57 p. m. [33m   WARN[39m [38;5;3m[AllExceptionsFilter] [39m[33m[undefined] GET /api/notifications/stream -> 401 (Credenciales inválidas o sesión expirada)[39m
[33m[Nest] 7392  - [39m03/08/2026, 3:01:00 p. m. [33m   WARN[39m [38;5;3m[AllExceptionsFilter] [39m[33m[undefined] GET /api/notifications/stream -> 401 (Credenciales inválidas o sesión expirada)[39m
[33m[Nest] 7392  - [39m03/08/2026, 3:01:03 p. m. [33m   WARN[39m [38;5;3m[AllExceptionsFilter] [39m[33m[undefined] GET /api/notifications/stream -> 401 (Credenciales inválidas o sesión expirada)[39m
[33m[Nest] 7392  - [39m03/08/2026, 3:01:06 p. m. [33m   WARN[39m [38;5;3m[AllExceptionsFilter] [39m[33m[undefined] GET /api/notifications/stream -> 401 (Credenciales inválidas o sesión expirada)[39m
[33m[Nest] 7392  - [39m03/08/2026, 3:01:09 p. m. [33m   WARN[39m [38;5;3m[AllExceptionsFilter] [39m[33m[undefined] GET /api/notifications/stream -> 401 (Credenciales inválidas o sesión expirada)[39m
[33m[Nest] 7392  - [39m03/08/2026, 3:01:12 p. m. [33m   WARN[39m [38;5;3m[AllExceptionsFilter] [39m[33m[undefined] GET /api/notifications/stream -> 401 (Credenciales inválidas o sesión expirada)[39m
[33m[Nest] 7392  - [39m03/08/2026, 3:01:15 p. m. [33m   WARN[39m [38;5;3m[AllExceptionsFilter] [39m[33m[undefined] GET /api/notifications/stream -> 401 (Credenciales inválidas o sesión expirada)[39m
[33m[Nest] 7392  - [39m03/08/2026, 3:01:18 p. m. [33m   WARN[39m [38;5;3m[AllExceptionsFilter] [39m[33m[undefined] GET /api/notifications/stream -> 401 (Credenciales inválidas o sesión expirada)[39m
[33m[Nest] 7392  - [39m03/08/2026, 3:01:21 p. m. [33m   WARN[39m [38;5;3m[AllExceptionsFilter] [39m[33m[undefined] GET /api/notifications/stream -> 401 (Credenciales inválidas o sesión expirada)[39m
[33m[Nest] 7392  - [39m03/08/2026, 3:01:24 p. m. [33m   WARN[39m [38;5;3m[AllExceptionsFilter] [39m[33m[undefined] GET /api/notifications/stream -> 401 (Credenciales inválidas o sesión expirada)[39m
[33m[Nest] 7392  - [39m03/08/2026, 3:01:27 p. m. [33m   WARN[39m [38;5;3m[AllExceptionsFilter] [39m[33m[undefined] GET /api/notifications/stream -> 401 (Credenciales inválidas o sesión expirada)[39m
[33m[Nest] 7392  - [39m03/08/2026, 3:01:30 p. m. [33m   WARN[39m [38;5;3m[AllExceptionsFilter] [39m[33m[undefined] GET /api/notifications/stream -> 401 (Credenciales inválidas o sesión expirada)[39m
[33m[Nest] 7392  - [39m03/08/2026, 3:01:33 p. m. [33m   WARN[39m [38;5;3m[AllExceptionsFilter] [39m[33m[undefined] GET /api/notifications/stream -> 401 (Credenciales inválidas o sesión expirada)[39m
[33m[Nest] 7392  - [39m03/08/2026, 3:01:36 p. m. [33m   WARN[39m [38;5;3m[AllExceptionsFilter] [39m[33m[undefined] GET /api/notifications/stream -> 401 (Credenciales inválidas o sesión expirada)[39m
[33m[Nest] 7392  - [39m03/08/2026, 3:01:39 p. m. [33m   WARN[39m [38;5;3m[AllExceptionsFilter] [39m[33m[undefined] GET /api/notifications/stream -> 401 (Credenciales inválidas o sesión expirada)[39m
[33m[Nest] 7392  - [39m03/08/2026, 3:01:43 p. m. [33m   WARN[39m [38;5;3m[AllExceptionsFilter] [39m[33m[undefined] GET /api/notifications/stream -> 401 (Credenciales inválidas o sesión expirada)[39m
[33m[Nest] 7392  - [39m03/08/2026, 3:01:46 p. m. [33m   WARN[39m [38;5;3m[AllExceptionsFilter] [39m[33m[undefined] GET /api/notifications/stream -> 401 (Credenciales inválidas o sesión expirada)[39m
[33m[Nest] 7392  - [39m03/08/2026, 3:01:49 p. m. [33m   WARN[39m [38;5;3m[AllExceptionsFilter] [39m[33m[undefined] GET /api/notifications/stream -> 401 (Credenciales inválidas o sesión expirada)[39m
[33m[Nest] 7392  - [39m03/08/2026, 3:01:52 p. m. [33m   WARN[39m [38;5;3m[AllExceptionsFilter] [39m[33m[undefined] GET /api/notifications/stream -> 401 (Credenciales inválidas o sesión expirada)[39m
[33m[Nest] 7392  - [39m03/08/2026, 3:01:55 p. m. [33m   WARN[39m [38;5;3m[AllExceptionsFilter] [39m[33m[undefined] GET /api/notifications/stream -> 401 (Credenciales inválidas o sesión expirada)[39m
[33m[Nest] 7392  - [39m03/08/2026, 3:01:58 p. m. [33m   WARN[39m [38;5;3m[AllExceptionsFilter] [39m[33m[undefined] GET /api/notifications/stream -> 401 (Credenciales inválidas o sesión expirada)[39m
[33m[Nest] 7392  - [39m03/08/2026, 3:02:01 p. m. [33m   WARN[39m [38;5;3m[AllExceptionsFilter] [39m[33m[undefined] GET /api/notifications/stream -> 401 (Credenciales inválidas o sesión expirada)[39m
[33m[Nest] 7392  - [39m03/08/2026, 3:02:04 p. m. [33m   WARN[39m [38;5;3m[AllExceptionsFilter] [39m[33m[undefined] GET /api/notifications/stream -> 401 (Credenciales inválidas o sesión expirada)[39m
[33m[Nest] 7392  - [39m03/08/2026, 3:02:07 p. m. [33m   WARN[39m [38;5;3m[AllExceptionsFilter] [39m[33m[undefined] GET /api/notifications/stream -> 401 (Credenciales inválidas o sesión expirada)[39m
[33m[Nest] 7392  - [39m03/08/2026, 3:02:10 p. m. [33m   WARN[39m [38;5;3m[AllExceptionsFilter] [39m[33m[undefined] GET /api/notifications/stream -> 401 (Credenciales inválidas o sesión expirada)[39m
[33m[Nest] 7392  - [39m03/08/2026, 3:02:13 p. m. [33m   WARN[39m [38;5;3m[AllExceptionsFilter] [39m[33m[undefined] GET /api/notifications/stream -> 401 (Credenciales inválidas o sesión expirada)[39m
[33m[Nest] 7392  - [39m03/08/2026, 3:02:16 p. m. [33m   WARN[39m [38;5;3m[AllExceptionsFilter] [39m[33m[undefined] GET /api/notifications/stream -> 401 (Credenciales inválidas o sesión expirada)[39m
[33m[Nest] 7392  - [39m03/08/2026, 3:02:19 p. m. [33m   WARN[39m [38;5;3m[AllExceptionsFilter] [39m[33m[undefined] GET /api/notifications/stream -> 401 (Credenciales inválidas o sesión expirada)[39m
[33m[Nest] 7392  - [39m03/08/2026, 3:02:22 p. m. [33m   WARN[39m [38;5;3m[AllExceptionsFilter] [39m[33m[undefined] GET /api/notifications/stream -> 401 (Credenciales inválidas o sesión expirada)[39m
[33m[Nest] 7392  - [39m03/08/2026, 3:02:25 p. m. [33m   WARN[39m [38;5;3m[AllExceptionsFilter] [39m[33m[undefined] GET /api/notifications/stream -> 401 (Credenciales inválidas o sesión expirada)[39m
[33m[Nest] 7392  - [39m03/08/2026, 3:02:28 p. m. [33m   WARN[39m [38;5;3m[AllExceptionsFilter] [39m[33m[undefined] GET /api/notifications/stream -> 401 (Credenciales inválidas o sesión expirada)[39m
[33m[Nest] 7392  - [39m03/08/2026, 3:02:31 p. m. [33m   WARN[39m [38;5;3m[AllExceptionsFilter] [39m[33m[undefined] GET /api/notifications/stream -> 401 (Credenciales inválidas o sesión expirada)[39m
[33m[Nest] 7392  - [39m03/08/2026, 3:02:34 p. m. [33m   WARN[39m [38;5;3m[AllExceptionsFilter] [39m[33m[undefined] GET /api/notifications/stream -> 401 (Credenciales inválidas o sesión expirada)[39m
[33m[Nest] 7392  - [39m03/08/2026, 3:02:37 p. m. [33m   WARN[39m [38;5;3m[AllExceptionsFilter] [39m[33m[undefined] GET /api/notifications/stream -> 401 (Credenciales inválidas o sesión expirada)[39m
[33m[Nest] 7392  - [39m03/08/2026, 3:02:40 p. m. [33m   WARN[39m [38;5;3m[AllExceptionsFilter] [39m[33m[undefined] GET /api/notifications/stream -> 401 (Credenciales inválidas o sesión expirada)[39m
[33m[Nest] 7392  - [39m03/08/2026, 3:02:43 p. m. [33m   WARN[39m [38;5;3m[AllExceptionsFilter] [39m[33m[undefined] GET /api/notifications/stream -> 401 (Credenciales inválidas o sesión expirada)[39m
[33m[Nest] 7392  - [39m03/08/2026, 3:02:46 p. m. [33m   WARN[39m [38;5;3m[AllExceptionsFilter] [39m[33m[undefined] GET /api/notifications/stream -> 401 (Credenciales inválidas o sesión expirada)[39m
[33m[Nest] 7392  - [39m03/08/2026, 3:02:49 p. m. [33m   WARN[39m [38;5;3m[AllExceptionsFilter] [39m[33m[undefined] GET /api/notifications/stream -> 401 (Credenciales inválidas o sesión expirada)[39m
[33m[Nest] 7392  - [39m03/08/2026, 3:02:52 p. m. [33m   WARN[39m [38;5;3m[AllExceptionsFilter] [39m[33m[undefined] GET /api/notifications/stream -> 401 (Credenciales inválidas o sesión expirada)[39m
[33m[Nest] 7392  - [39m03/08/2026, 3:02:55 p. m. [33m   WARN[39m [38;5;3m[AllExceptionsFilter] [39m[33m[undefined] GET /api/notifications/stream -> 401 (Credenciales inválidas o sesión expirada)[39m
[33m[Nest] 7392  - [39m03/08/2026, 3:02:58 p. m. [33m   WARN[39m [38;5;3m[AllExceptionsFilter] [39m[33m[undefined] GET /api/notifications/stream -> 401 (Credenciales inválidas o sesión expirada)[39m
[33m[Nest] 7392  - [39m03/08/2026, 3:03:01 p. m. [33m   WARN[39m [38;5;3m[AllExceptionsFilter] [39m[33m[undefined] GET /api/notifications/stream -> 401 (Credenciales inválidas o sesión expirada)[39m
[33m[Nest] 7392  - [39m03/08/2026, 3:03:04 p. m. [33m   WARN[39m [38;5;3m[AllExceptionsFilter] [39m[33m[undefined] GET /api/notifications/stream -> 401 (Credenciales inválidas o sesión expirada)[39m
[33m[Nest] 7392  - [39m03/08/2026, 3:03:07 p. m. [33m   WARN[39m [38;5;3m[AllExceptionsFilter] [39m[33m[undefined] GET /api/notifications/stream -> 401 (Credenciales inválidas o sesión expirada)[39m
[33m[Nest] 7392  - [39m03/08/2026, 3:03:10 p. m. [33m   WARN[39m [38;5;3m[AllExceptionsFilter] [39m[33m[undefined] GET /api/notifications/stream -> 401 (Credenciales inválidas o sesión expirada)[39m
[33m[Nest] 7392  - [39m03/08/2026, 3:03:13 p. m. [33m   WARN[39m [38;5;3m[AllExceptionsFilter] [39m[33m[undefined] GET /api/notifications/stream -> 401 (Credenciales inválidas o sesión expirada)[39m
[33m[Nest] 7392  - [39m03/08/2026, 3:03:16 p. m. [33m   WARN[39m [38;5;3m[AllExceptionsFilter] [39m[33m[undefined] GET /api/notifications/stream -> 401 (Credenciales inválidas o sesión expirada)[39m
[33m[Nest] 7392  - [39m03/08/2026, 3:03:19 p. m. [33m   WARN[39m [38;5;3m[AllExceptionsFilter] [39m[33m[undefined] GET /api/notifications/stream -> 401 (Credenciales inválidas o sesión expirada)[39m
[33m[Nest] 7392  - [39m03/08/2026, 3:03:22 p. m. [33m   WARN[39m [38;5;3m[AllExceptionsFilter] [39m[33m[undefined] GET /api/notifications/stream -> 401 (Credenciales inválidas o sesión expirada)[39m
[33m[Nest] 7392  - [39m03/08/2026, 3:03:25 p. m. [33m   WARN[39m [38;5;3m[AllExceptionsFilter] [39m[33m[undefined] GET /api/notifications/stream -> 401 (Credenciales inválidas o sesión expirada)[39m
[33m[Nest] 7392  - [39m03/08/2026, 3:03:28 p. m. [33m   WARN[39m [38;5;3m[AllExceptionsFilter] [39m[33m[undefined] GET /api/notifications/stream -> 401 (Credenciales inválidas o sesión expirada)[39m
[33m[Nest] 7392  - [39m03/08/2026, 3:03:32 p. m. [33m   WARN[39m [38;5;3m[AllExceptionsFilter] [39m[33m[undefined] GET /api/notifications/stream -> 401 (Credenciales inválidas o sesión expirada)[39m
[33m[Nest] 7392  - [39m03/08/2026, 3:03:35 p. m. [33m   WARN[39m [38;5;3m[AllExceptionsFilter] [39m[33m[undefined] GET /api/notifications/stream -> 401 (Credenciales inválidas o sesión expirada)[39m
[33m[Nest] 7392  - [39m03/08/2026, 3:03:38 p. m. [33m   WARN[39m [38;5;3m[AllExceptionsFilter] [39m[33m[undefined] GET /api/notifications/stream -> 401 (Credenciales inválidas o sesión expirada)[39m
[33m[Nest] 7392  - [39m03/08/2026, 3:03:41 p. m. [33m   WARN[39m [38;5;3m[AllExceptionsFilter] [39m[33m[undefined] GET /api/notifications/stream -> 401 (Credenciales inválidas o sesión expirada)[39m
[33m[Nest] 7392  - [39m03/08/2026, 3:03:44 p. m. [33m   WARN[39m [38;5;3m[AllExceptionsFilter] [39m[33m[undefined] GET /api/notifications/stream -> 401 (Credenciales inválidas o sesión expirada)[39m
[33m[Nest] 7392  - [39m03/08/2026, 3:03:47 p. m. [33m   WARN[39m [38;5;3m[AllExceptionsFilter] [39m[33m[undefined] GET /api/notifications/stream -> 401 (Credenciales inválidas o sesión expirada)[39m
[33m[Nest] 7392  - [39m03/08/2026, 3:03:50 p. m. [33m   WARN[39m [38;5;3m[AllExceptionsFilter] [39m[33m[undefined] GET /api/notifications/stream -> 401 (Credenciales inválidas o sesión expirada)[39m
[33m[Nest] 7392  - [39m03/08/2026, 3:03:54 p. m. [33m   WARN[39m [38;5;3m[AllExceptionsFilter] [39m[33m[undefined] GET /api/notifications/stream -> 401 (Credenciales inválidas o sesión expirada)[39m
[33m[Nest] 7392  - [39m03/08/2026, 3:03:58 p. m. [33m   WARN[39m [38;5;3m[AllExceptionsFilter] [39m[33m[undefined] GET /api/notifications/stream -> 401 (Credenciales inválidas o sesión expirada)[39m
[33m[Nest] 7392  - [39m03/08/2026, 3:04:02 p. m. [33m   WARN[39m [38;5;3m[AllExceptionsFilter] [39m[33m[undefined] GET /api/notifications/stream -> 401 (Credenciales inválidas o sesión expirada)[39m
[33m[Nest] 7392  - [39m03/08/2026, 3:04:06 p. m. [33m   WARN[39m [38;5;3m[AllExceptionsFilter] [39m[33m[undefined] GET /api/notifications/stream -> 401 (Credenciales inválidas o sesión expirada)[39m
[33m[Nest] 7392  - [39m03/08/2026, 3:04:10 p. m. [33m   WARN[39m [38;5;3m[AllExceptionsFilter] [39m[33m[undefined] GET /api/notifications/stream -> 401 (Credenciales inválidas o sesión expirada)[39m
[33m[Nest] 7392  - [39m03/08/2026, 3:04:14 p. m. [33m   WARN[39m [38;5;3m[AllExceptionsFilter] [39m[33m[undefined] GET /api/notifications/stream -> 401 (Credenciales inválidas o sesión expirada)[39m
[33m[Nest] 7392  - [39m03/08/2026, 3:04:18 p. m. [33m   WARN[39m [38;5;3m[AllExceptionsFilter] [39m[33m[undefined] GET /api/notifications/stream -> 401 (Credenciales inválidas o sesión expirada)[39m
[33m[Nest] 7392  - [39m03/08/2026, 3:04:22 p. m. [33m   WARN[39m [38;5;3m[AllExceptionsFilter] [39m[33m[undefined] GET /api/notifications/stream -> 401 (Credenciales inválidas o sesión expirada)[39m
[33m[Nest] 7392  - [39m03/08/2026, 3:04:26 p. m. [33m   WARN[39m [38;5;3m[AllExceptionsFilter] [39m[33m[undefined] GET /api/notifications/stream -> 401 (Credenciales inválidas o sesión expirada)[39m
[33m[Nest] 7392  - [39m03/08/2026, 3:04:30 p. m. [33m   WARN[39m [38;5;3m[AllExceptionsFilter] [39m[33m[undefined] GET /api/notifications/stream -> 401 (Credenciales inválidas o sesión expirada)[39m
[33m[Nest] 7392  - [39m03/08/2026, 3:04:34 p. m. [33m   WARN[39m [38;5;3m[AllExceptionsFilter] [39m[33m[undefined] GET /api/notifications/stream -> 401 (Credenciales inválidas o sesión expirada)[39m
[33m[Nest] 7392  - [39m03/08/2026, 3:04:38 p. m. [33m   WARN[39m [38;5;3m[AllExceptionsFilter] [39m[33m[undefined] GET /api/notifications/stream -> 401 (Credenciales inválidas o sesión expirada)[39m
[33m[Nest] 7392  - [39m03/08/2026, 3:04:42 p. m. [33m   WARN[39m [38;5;3m[AllExceptionsFilter] [39m[33m[undefined] GET /api/notifications/stream -> 401 (Credenciales inválidas o sesión expirada)[39m
[33m[Nest] 7392  - [39m03/08/2026, 3:04:46 p. m. [33m   WARN[39m [38;5;3m[AllExceptionsFilter] [39m[33m[undefined] GET /api/notifications/stream -> 401 (Credenciales inválidas o sesión expirada)[39m
[33m[Nest] 7392  - [39m03/08/2026, 3:04:50 p. m. [33m   WARN[39m [38;5;3m[AllExceptionsFilter] [39m[33m[undefined] GET /api/notifications/stream -> 401 (Credenciales inválidas o sesión expirada)[39m
[33m[Nest] 7392  - [39m03/08/2026, 3:04:54 p. m. [33m   WARN[39m [38;5;3m[AllExceptionsFilter] [39m[33m[undefined] GET /api/notifications/stream -> 401 (Credenciales inválidas o sesión expirada)[39m
[33m[Nest] 7392  - [39m03/08/2026, 3:04:58 p. m. [33m   WARN[39m [38;5;3m[AllExceptionsFilter] [39m[33m[undefined] GET /api/notifications/stream -> 401 (Credenciales inválidas o sesión expirada)[39m
[33m[Nest] 7392  - [39m03/08/2026, 3:05:02 p. m. [33m   WARN[39m [38;5;3m[AllExceptionsFilter] [39m[33m[undefined] GET /api/notifications/stream -> 401 (Credenciales inválidas o sesión expirada)[39m
[33m[Nest] 7392  - [39m03/08/2026, 3:05:06 p. m. [33m   WARN[39m [38;5;3m[AllExceptionsFilter] [39m[33m[undefined] GET /api/notifications/stream -> 401 (Credenciales inválidas o sesión expirada)[39m
[33m[Nest] 7392  - [39m03/08/2026, 3:05:10 p. m. [33m   WARN[39m [38;5;3m[AllExceptionsFilter] [39m[33m[undefined] GET /api/notifications/stream -> 401 (Credenciales inválidas o sesión expirada)[39m
[33m[Nest] 7392  - [39m03/08/2026, 3:05:14 p. m. [33m   WARN[39m [38;5;3m[AllExceptionsFilter] [39m[33m[undefined] GET /api/notifications/stream -> 401 (Credenciales inválidas o sesión expirada)[39m
[33m[Nest] 7392  - [39m03/08/2026, 3:05:18 p. m. [33m   WARN[39m [38;5;3m[AllExceptionsFilter] [39m[33m[undefined] GET /api/notifications/stream -> 401 (Credenciales inválidas o sesión expirada)[39m
[33m[Nest] 7392  - [39m03/08/2026, 3:05:22 p. m. [33m   WARN[39m [38;5;3m[AllExceptionsFilter] [39m[33m[undefined] GET /api/notifications/stream -> 401 (Credenciales inválidas o sesión expirada)[39m
[33m[Nest] 7392  - [39m03/08/2026, 3:05:26 p. m. [33m   WARN[39m [38;5;3m[AllExceptionsFilter] [39m[33m[undefined] GET /api/notifications/stream -> 401 (Credenciales inválidas o sesión expirada)[39m
[33m[Nest] 7392  - [39m03/08/2026, 3:05:30 p. m. [33m   WARN[39m [38;5;3m[AllExceptionsFilter] [39m[33m[undefined] GET /api/notifications/stream -> 401 (Credenciales inválidas o sesión expirada)[39m
[33m[Nest] 7392  - [39m03/08/2026, 3:05:34 p. m. [33m   WARN[39m [38;5;3m[AllExceptionsFilter] [39m[33m[undefined] GET /api/notifications/stream -> 401 (Credenciales inválidas o sesión expirada)[39m
[33m[Nest] 7392  - [39m03/08/2026, 3:05:38 p. m. [33m   WARN[39m [38;5;3m[AllExceptionsFilter] [39m[33m[undefined] GET /api/notifications/stream -> 401 (Credenciales inválidas o sesión expirada)[39m
[33m[Nest] 7392  - [39m03/08/2026, 3:05:42 p. m. [33m   WARN[39m [38;5;3m[AllExceptionsFilter] [39m[33m[undefined] GET /api/notifications/stream -> 401 (Credenciales inválidas o sesión expirada)[39m
[33m[Nest] 7392  - [39m03/08/2026, 3:05:46 p. m. [33m   WARN[39m [38;5;3m[AllExceptionsFilter] [39m[33m[undefined] GET /api/notifications/stream -> 401 (Credenciales inválidas o sesión expirada)[39m
[33m[Nest] 7392  - [39m03/08/2026, 3:05:50 p. m. [33m   WARN[39m [38;5;3m[AllExceptionsFilter] [39m[33m[undefined] GET /api/notifications/stream -> 401 (Credenciales inválidas o sesión expirada)[39m
[33m[Nest] 7392  - [39m03/08/2026, 3:05:54 p. m. [33m   WARN[39m [38;5;3m[AllExceptionsFilter] [39m[33m[undefined] GET /api/notifications/stream -> 401 (Credenciales inválidas o sesión expirada)[39m
[33m[Nest] 7392  - [39m03/08/2026, 3:05:58 p. m. [33m   WARN[39m [38;5;3m[AllExceptionsFilter] [39m[33m[undefined] GET /api/notifications/stream -> 401 (Credenciales inválidas o sesión expirada)[39m
[33m[Nest] 7392  - [39m03/08/2026, 3:06:02 p. m. [33m   WARN[39m [38;5;3m[AllExceptionsFilter] [39m[33m[undefined] GET /api/notifications/stream -> 401 (Credenciales inválidas o sesión expirada)[39m
[33m[Nest] 7392  - [39m03/08/2026, 3:06:06 p. m. [33m   WARN[39m [38;5;3m[AllExceptionsFilter] [39m[33m[undefined] GET /api/notifications/stream -> 401 (Credenciales inválidas o sesión expirada)[39m
[33m[Nest] 7392  - [39m03/08/2026, 3:06:10 p. m. [33m   WARN[39m [38;5;3m[AllExceptionsFilter] [39m[33m[undefined] GET /api/notifications/stream -> 401 (Credenciales inválidas o sesión expirada)[39m
[33m[Nest] 7392  - [39m03/08/2026, 3:06:14 p. m. [33m   WARN[39m [38;5;3m[AllExceptionsFilter] [39m[33m[undefined] GET /api/notifications/stream -> 401 (Credenciales inválidas o sesión expirada)[39m
[33m[Nest] 7392  - [39m03/08/2026, 3:06:18 p. m. [33m   WARN[39m [38;5;3m[AllExceptionsFilter] [39m[33m[undefined] GET /api/notifications/stream -> 401 (Credenciales inválidas o sesión expirada)[39m
[33m[Nest] 7392  - [39m03/08/2026, 3:06:22 p. m. [33m   WARN[39m [38;5;3m[AllExceptionsFilter] [39m[33m[undefined] GET /api/notifications/stream -> 401 (Credenciales inválidas o sesión expirada)[39m
[33m[Nest] 7392  - [39m03/08/2026, 3:06:26 p. m. [33m   WARN[39m [38;5;3m[AllExceptionsFilter] [39m[33m[undefined] GET /api/notifications/stream -> 401 (Credenciales inválidas o sesión expirada)[39m
[33m[Nest] 7392  - [39m03/08/2026, 3:06:30 p. m. [33m   WARN[39m [38;5;3m[AllExceptionsFilter] [39m[33m[undefined] GET /api/notifications/stream -> 401 (Credenciales inválidas o sesión expirada)[39m
[33m[Nest] 7392  - [39m03/08/2026, 3:06:34 p. m. [33m   WARN[39m [38;5;3m[AllExceptionsFilter] [39m[33m[undefined] GET /api/notifications/stream -> 401 (Credenciales inválidas o sesión expirada)[39m
[33m[Nest] 7392  - [39m03/08/2026, 3:06:38 p. m. [33m   WARN[39m [38;5;3m[AllExceptionsFilter] [39m[33m[undefined] GET /api/notifications/stream -> 401 (Credenciales inválidas o sesión expirada)[39m
[33m[Nest] 7392  - [39m03/08/2026, 3:06:42 p. m. [33m   WARN[39m [38;5;3m[AllExceptionsFilter] [39m[33m[undefined] GET /api/notifications/stream -> 401 (Credenciales inválidas o sesión expirada)[39m
[33m[Nest] 7392  - [39m03/08/2026, 3:06:46 p. m. [33m   WARN[39m [38;5;3m[AllExceptionsFilter] [39m[33m[undefined] GET /api/notifications/stream -> 401 (Credenciales inválidas o sesión expirada)[39m
[33m[Nest] 7392  - [39m03/08/2026, 3:06:50 p. m. [33m   WARN[39m [38;5;3m[AllExceptionsFilter] [39m[33m[undefined] GET /api/notifications/stream -> 401 (Credenciales inválidas o sesión expirada)[39m
[33m[Nest] 7392  - [39m03/08/2026, 3:06:54 p. m. [33m   WARN[39m [38;5;3m[AllExceptionsFilter] [39m[33m[undefined] GET /api/notifications/stream -> 401 (Credenciales inválidas o sesión expirada)[39m
[33m[Nest] 7392  - [39m03/08/2026, 3:06:58 p. m. [33m   WARN[39m [38;5;3m[AllExceptionsFilter] [39m[33m[undefined] GET /api/notifications/stream -> 401 (Credenciales inválidas o sesión expirada)[39m
[33m[Nest] 7392  - [39m03/08/2026, 3:07:02 p. m. [33m   WARN[39m [38;5;3m[AllExceptionsFilter] [39m[33m[undefined] GET /api/notifications/stream -> 401 (Credenciales inválidas o sesión expirada)[39m
[33m[Nest] 7392  - [39m03/08/2026, 3:07:06 p. m. [33m   WARN[39m [38;5;3m[AllExceptionsFilter] [39m[33m[undefined] GET /api/notifications/stream -> 401 (Credenciales inválidas o sesión expirada)[39m
[33m[Nest] 7392  - [39m03/08/2026, 3:07:10 p. m. [33m   WARN[39m [38;5;3m[AllExceptionsFilter] [39m[33m[undefined] GET /api/notifications/stream -> 401 (Credenciales inválidas o sesión expirada)[39m
[33m[Nest] 7392  - [39m03/08/2026, 3:07:14 p. m. [33m   WARN[39m [38;5;3m[AllExceptionsFilter] [39m[33m[undefined] GET /api/notifications/stream -> 401 (Credenciales inválidas o sesión expirada)[39m
[33m[Nest] 7392  - [39m03/08/2026, 3:07:18 p. m. [33m   WARN[39m [38;5;3m[AllExceptionsFilter] [39m[33m[undefined] GET /api/notifications/stream -> 401 (Credenciales inválidas o sesión expirada)[39m
[33m[Nest] 7392  - [39m03/08/2026, 3:07:22 p. m. [33m   WARN[39m [38;5;3m[AllExceptionsFilter] [39m[33m[undefined] GET /api/notifications/stream -> 401 (Credenciales inválidas o sesión expirada)[39m
[33m[Nest] 7392  - [39m03/08/2026, 3:07:26 p. m. [33m   WARN[39m [38;5;3m[AllExceptionsFilter] [39m[33m[undefined] GET /api/notifications/stream -> 401 (Credenciales inválidas o sesión expirada)[39m
[33m[Nest] 7392  - [39m03/08/2026, 3:07:30 p. m. [33m   WARN[39m [38;5;3m[AllExceptionsFilter] [39m[33m[undefined] GET /api/notifications/stream -> 401 (Credenciales inválidas o sesión expirada)[39m
[33m[Nest] 7392  - [39m03/08/2026, 3:07:34 p. m. [33m   WARN[39m [38;5;3m[AllExceptionsFilter] [39m[33m[undefined] GET /api/notifications/stream -> 401 (Credenciales inválidas o sesión expirada)[39m
[33m[Nest] 7392  - [39m03/08/2026, 3:07:38 p. m. [33m   WARN[39m [38;5;3m[AllExceptionsFilter] [39m[33m[undefined] GET /api/notifications/stream -> 401 (Credenciales inválidas o sesión expirada)[39m
[33m[Nest] 7392  - [39m03/08/2026, 3:07:42 p. m. [33m   WARN[39m [38;5;3m[AllExceptionsFilter] [39m[33m[undefined] GET /api/notifications/stream -> 401 (Credenciales inválidas o sesión expirada)[39m
[33m[Nest] 7392  - [39m03/08/2026, 3:07:46 p. m. [33m   WARN[39m [38;5;3m[AllExceptionsFilter] [39m[33m[undefined] GET /api/notifications/stream -> 401 (Credenciales inválidas o sesión expirada)[39m
[33m[Nest] 7392  - [39m03/08/2026, 3:07:50 p. m. [33m   WARN[39m [38;5;3m[AllExceptionsFilter] [39m[33m[undefined] GET /api/notifications/stream -> 401 (Credenciales inválidas o sesión expirada)[39m
[33m[Nest] 7392  - [39m03/08/2026, 3:07:54 p. m. [33m   WARN[39m [38;5;3m[AllExceptionsFilter] [39m[33m[undefined] GET /api/notifications/stream -> 401 (Credenciales inválidas o sesión expirada)[39m
[33m[Nest] 7392  - [39m03/08/2026, 3:07:58 p. m. [33m   WARN[39m [38;5;3m[AllExceptionsFilter] [39m[33m[undefined] GET /api/notifications/stream -> 401 (Credenciales inválidas o sesión expirada)[39m
[33m[Nest] 7392  - [39m03/08/2026, 3:08:02 p. m. [33m   WARN[39m [38;5;3m[AllExceptionsFilter] [39m[33m[undefined] GET /api/notifications/stream -> 401 (Credenciales inválidas o sesión expirada)[39m
[33m[Nest] 7392  - [39m03/08/2026, 3:08:06 p. m. [33m   WARN[39m [38;5;3m[AllExceptionsFilter] [39m[33m[undefined] GET /api/notifications/stream -> 401 (Credenciales inválidas o sesión expirada)[39m
[33m[Nest] 7392  - [39m03/08/2026, 3:08:10 p. m. [33m   WARN[39m [38;5;3m[AllExceptionsFilter] [39m[33m[undefined] GET /api/notifications/stream -> 401 (Credenciales inválidas o sesión expirada)[39m
[33m[Nest] 7392  - [39m03/08/2026, 3:08:14 p. m. [33m   WARN[39m [38;5;3m[AllExceptionsFilter] [39m[33m[undefined] GET /api/notifications/stream -> 401 (Credenciales inválidas o sesión expirada)[39m
[33m[Nest] 7392  - [39m03/08/2026, 3:08:18 p. m. [33m   WARN[39m [38;5;3m[AllExceptionsFilter] [39m[33m[undefined] GET /api/notifications/stream -> 401 (Credenciales inválidas o sesión expirada)[39m
[33m[Nest] 7392  - [39m03/08/2026, 3:08:22 p. m. [33m   WARN[39m [38;5;3m[AllExceptionsFilter] [39m[33m[undefined] GET /api/notifications/stream -> 401 (Credenciales inválidas o sesión expirada)[39m
[33m[Nest] 7392  - [39m03/08/2026, 3:08:26 p. m. [33m   WARN[39m [38;5;3m[AllExceptionsFilter] [39m[33m[undefined] GET /api/notifications/stream -> 401 (Credenciales inválidas o sesión expirada)[39m
[33m[Nest] 7392  - [39m03/08/2026, 3:08:30 p. m. [33m   WARN[39m [38;5;3m[AllExceptionsFilter] [39m[33m[undefined] GET /api/notifications/stream -> 401 (Credenciales inválidas o sesión expirada)[39m
[33m[Nest] 7392  - [39m03/08/2026, 3:08:34 p. m. [33m   WARN[39m [38;5;3m[AllExceptionsFilter] [39m[33m[undefined] GET /api/notifications/stream -> 401 (Credenciales inválidas o sesión expirada)[39m
[33m[Nest] 7392  - [39m03/08/2026, 3:08:38 p. m. [33m   WARN[39m [38;5;3m[AllExceptionsFilter] [39m[33m[undefined] GET /api/notifications/stream -> 401 (Credenciales inválidas o sesión expirada)[39m
[33m[Nest] 7392  - [39m03/08/2026, 3:08:42 p. m. [33m   WARN[39m [38;5;3m[AllExceptionsFilter] [39m[33m[undefined] GET /api/notifications/stream -> 401 (Credenciales inválidas o sesión expirada)[39m
[33m[Nest] 7392  - [39m03/08/2026, 3:08:46 p. m. [33m   WARN[39m [38;5;3m[AllExceptionsFilter] [39m[33m[undefined] GET /api/notifications/stream -> 401 (Credenciales inválidas o sesión expirada)[39m
[33m[Nest] 7392  - [39m03/08/2026, 3:08:50 p. m. [33m   WARN[39m [38;5;3m[AllExceptionsFilter] [39m[33m[undefined] GET /api/notifications/stream -> 401 (Credenciales inválidas o sesión expirada)[39m
[33m[Nest] 7392  - [39m03/08/2026, 3:08:54 p. m. [33m   WARN[39m [38;5;3m[AllExceptionsFilter] [39m[33m[undefined] GET /api/notifications/stream -> 401 (Credenciales inválidas o sesión expirada)[39m
[33m[Nest] 7392  - [39m03/08/2026, 3:08:58 p. m. [33m   WARN[39m [38;5;3m[AllExceptionsFilter] [39m[33m[undefined] GET /api/notifications/stream -> 401 (Credenciales inválidas o sesión expirada)[39m
[33m[Nest] 7392  - [39m03/08/2026, 3:09:02 p. m. [33m   WARN[39m [38;5;3m[AllExceptionsFilter] [39m[33m[undefined] GET /api/notifications/stream -> 401 (Credenciales inválidas o sesión expirada)[39m
[33m[Nest] 7392  - [39m03/08/2026, 3:09:06 p. m. [33m   WARN[39m [38;5;3m[AllExceptionsFilter] [39m[33m[undefined] GET /api/notifications/stream -> 401 (Credenciales inválidas o sesión expirada)[39m
[33m[Nest] 7392  - [39m03/08/2026, 3:09:10 p. m. [33m   WARN[39m [38;5;3m[AllExceptionsFilter] [39m[33m[undefined] GET /api/notifications/stream -> 401 (Credenciales inválidas o sesión expirada)[39m
[33m[Nest] 7392  - [39m03/08/2026, 3:09:14 p. m. [33m   WARN[39m [38;5;3m[AllExceptionsFilter] [39m[33m[undefined] GET /api/notifications/stream -> 401 (Credenciales inválidas o sesión expirada)[39m
[33m[Nest] 7392  - [39m03/08/2026, 3:09:18 p. m. [33m   WARN[39m [38;5;3m[AllExceptionsFilter] [39m[33m[undefined] GET /api/notifications/stream -> 401 (Credenciales inválidas o sesión expirada)[39m
[33m[Nest] 7392  - [39m03/08/2026, 3:09:22 p. m. [33m   WARN[39m [38;5;3m[AllExceptionsFilter] [39m[33m[undefined] GET /api/notifications/stream -> 401 (Credenciales inválidas o sesión expirada)[39m
[33m[Nest] 7392  - [39m03/08/2026, 3:09:26 p. m. [33m   WARN[39m [38;5;3m[AllExceptionsFilter] [39m[33m[undefined] GET /api/notifications/stream -> 401 (Credenciales inválidas o sesión expirada)[39m
[33m[Nest] 7392  - [39m03/08/2026, 3:09:30 p. m. [33m   WARN[39m [38;5;3m[AllExceptionsFilter] [39m[33m[undefined] GET /api/notifications/stream -> 401 (Credenciales inválidas o sesión expirada)[39m
[33m[Nest] 7392  - [39m03/08/2026, 3:09:34 p. m. [33m   WARN[39m [38;5;3m[AllExceptionsFilter] [39m[33m[undefined] GET /api/notifications/stream -> 401 (Credenciales inválidas o sesión expirada)[39m
[33m[Nest] 7392  - [39m03/08/2026, 3:09:38 p. m. [33m   WARN[39m [38;5;3m[AllExceptionsFilter] [39m[33m[undefined] GET /api/notifications/stream -> 401 (Credenciales inválidas o sesión expirada)[39m
[33m[Nest] 7392  - [39m03/08/2026, 3:09:42 p. m. [33m   WARN[39m [38;5;3m[AllExceptionsFilter] [39m[33m[undefined] GET /api/notifications/stream -> 401 (Credenciales inválidas o sesión expirada)[39m
[33m[Nest] 7392  - [39m03/08/2026, 3:09:46 p. m. [33m   WARN[39m [38;5;3m[AllExceptionsFilter] [39m[33m[undefined] GET /api/notifications/stream -> 401 (Credenciales inválidas o sesión expirada)[39m
[33m[Nest] 7392  - [39m03/08/2026, 3:09:50 p. m. [33m   WARN[39m [38;5;3m[AllExceptionsFilter] [39m[33m[undefined] GET /api/notifications/stream -> 401 (Credenciales inválidas o sesión expirada)[39m
[33m[Nest] 7392  - [39m03/08/2026, 3:09:54 p. m. [33m   WARN[39m [38;5;3m[AllExceptionsFilter] [39m[33m[undefined] GET /api/notifications/stream -> 401 (Credenciales inválidas o sesión expirada)[39m
[33m[Nest] 7392  - [39m03/08/2026, 3:09:58 p. m. [33m   WARN[39m [38;5;3m[AllExceptionsFilter] [39m[33m[undefined] GET /api/notifications/stream -> 401 (Credenciales inválidas o sesión expirada)[39m
[33m[Nest] 7392  - [39m03/08/2026, 3:10:02 p. m. [33m   WARN[39m [38;5;3m[AllExceptionsFilter] [39m[33m[undefined] GET /api/notifications/stream -> 401 (Credenciales inválidas o sesión expirada)[39m
[33m[Nest] 7392  - [39m03/08/2026, 3:10:06 p. m. [33m   WARN[39m [38;5;3m[AllExceptionsFilter] [39m[33m[undefined] GET /api/notifications/stream -> 401 (Credenciales inválidas o sesión expirada)[39m
[33m[Nest] 7392  - [39m03/08/2026, 3:10:10 p. m. [33m   WARN[39m [38;5;3m[AllExceptionsFilter] [39m[33m[undefined] GET /api/notifications/stream -> 401 (Credenciales inválidas o sesión expirada)[39m
[33m[Nest] 7392  - [39m03/08/2026, 3:10:14 p. m. [33m   WARN[39m [38;5;3m[AllExceptionsFilter] [39m[33m[undefined] GET /api/notifications/stream -> 401 (Credenciales inválidas o sesión expirada)[39m
[33m[Nest] 7392  - [39m03/08/2026, 3:10:18 p. m. [33m   WARN[39m [38;5;3m[AllExceptionsFilter] [39m[33m[undefined] GET /api/notifications/stream -> 401 (Credenciales inválidas o sesión expirada)[39m
[33m[Nest] 7392  - [39m03/08/2026, 3:10:22 p. m. [33m   WARN[39m [38;5;3m[AllExceptionsFilter] [39m[33m[undefined] GET /api/notifications/stream -> 401 (Credenciales inválidas o sesión expirada)[39m
[33m[Nest] 7392  - [39m03/08/2026, 3:10:26 p. m. [33m   WARN[39m [38;5;3m[AllExceptionsFilter] [39m[33m[undefined] GET /api/notifications/stream -> 401 (Credenciales inválidas o sesión expirada)[39m
[33m[Nest] 7392  - [39m03/08/2026, 3:10:30 p. m. [33m   WARN[39m [38;5;3m[AllExceptionsFilter] [39m[33m[undefined] GET /api/notifications/stream -> 401 (Credenciales inválidas o sesión expirada)[39m
[33m[Nest] 7392  - [39m03/08/2026, 3:10:34 p. m. [33m   WARN[39m [38;5;3m[AllExceptionsFilter] [39m[33m[undefined] GET /api/notifications/stream -> 401 (Credenciales inválidas o sesión expirada)[39m
[33m[Nest] 7392  - [39m03/08/2026, 3:10:38 p. m. [33m   WARN[39m [38;5;3m[AllExceptionsFilter] [39m[33m[undefined] GET /api/notifications/stream -> 401 (Credenciales inválidas o sesión expirada)[39m
[33m[Nest] 7392  - [39m03/08/2026, 3:10:42 p. m. [33m   WARN[39m [38;5;3m[AllExceptionsFilter] [39m[33m[undefined] GET /api/notifications/stream -> 401 (Credenciales inválidas o sesión expirada)[39m
[33m[Nest] 7392  - [39m03/08/2026, 3:10:46 p. m. [33m   WARN[39m [38;5;3m[AllExceptionsFilter] [39m[33m[undefined] GET /api/notifications/stream -> 401 (Credenciales inválidas o sesión expirada)[39m
[33m[Nest] 7392  - [39m03/08/2026, 3:10:50 p. m. [33m   WARN[39m [38;5;3m[AllExceptionsFilter] [39m[33m[undefined] GET /api/notifications/stream -> 401 (Credenciales inválidas o sesión expirada)[39m
[33m[Nest] 7392  - [39m03/08/2026, 3:10:54 p. m. [33m   WARN[39m [38;5;3m[AllExceptionsFilter] [39m[33m[undefined] GET /api/notifications/stream -> 401 (Credenciales inválidas o sesión expirada)[39m
[33m[Nest] 7392  - [39m03/08/2026, 3:10:58 p. m. [33m   WARN[39m [38;5;3m[AllExceptionsFilter] [39m[33m[undefined] GET /api/notifications/stream -> 401 (Credenciales inválidas o sesión expirada)[39m
[33m[Nest] 7392  - [39m03/08/2026, 3:11:02 p. m. [33m   WARN[39m [38;5;3m[AllExceptionsFilter] [39m[33m[undefined] GET /api/notifications/stream -> 401 (Credenciales inválidas o sesión expirada)[39m
[33m[Nest] 7392  - [39m03/08/2026, 3:11:06 p. m. [33m   WARN[39m [38;5;3m[AllExceptionsFilter] [39m[33m[undefined] GET /api/notifications/stream -> 401 (Credenciales inválidas o sesión expirada)[39m
[33m[Nest] 7392  - [39m03/08/2026, 3:11:10 p. m. [33m   WARN[39m [38;5;3m[AllExceptionsFilter] [39m[33m[undefined] GET /api/notifications/stream -> 401 (Credenciales inválidas o sesión expirada)[39m
[33m[Nest] 7392  - [39m03/08/2026, 3:11:14 p. m. [33m   WARN[39m [38;5;3m[AllExceptionsFilter] [39m[33m[undefined] GET /api/notifications/stream -> 401 (Credenciales inválidas o sesión expirada)[39m
[33m[Nest] 7392  - [39m03/08/2026, 3:11:18 p. m. [33m   WARN[39m [38;5;3m[AllExceptionsFilter] [39m[33m[undefined] GET /api/notifications/stream -> 401 (Credenciales inválidas o sesión expirada)[39m
[33m[Nest] 7392  - [39m03/08/2026, 3:11:22 p. m. [33m   WARN[39m [38;5;3m[AllExceptionsFilter] [39m[33m[undefined] GET /api/notifications/stream -> 401 (Credenciales inválidas o sesión expirada)[39m
[33m[Nest] 7392  - [39m03/08/2026, 3:11:26 p. m. [33m   WARN[39m [38;5;3m[AllExceptionsFilter] [39m[33m[undefined] GET /api/notifications/stream -> 401 (Credenciales inválidas o sesión expirada)[39m
[33m[Nest] 7392  - [39m03/08/2026, 3:11:30 p. m. [33m   WARN[39m [38;5;3m[AllExceptionsFilter] [39m[33m[undefined] GET /api/notifications/stream -> 401 (Credenciales inválidas o sesión expirada)[39m
[33m[Nest] 7392  - [39m03/08/2026, 3:11:34 p. m. [33m   WARN[39m [38;5;3m[AllExceptionsFilter] [39m[33m[undefined] GET /api/notifications/stream -> 401 (Credenciales inválidas o sesión expirada)[39m
[33m[Nest] 7392  - [39m03/08/2026, 3:11:38 p. m. [33m   WARN[39m [38;5;3m[AllExceptionsFilter] [39m[33m[undefined] GET /api/notifications/stream -> 401 (Credenciales inválidas o sesión expirada)[39m
[33m[Nest] 7392  - [39m03/08/2026, 3:11:42 p. m. [33m   WARN[39m [38;5;3m[AllExceptionsFilter] [39m[33m[undefined] GET /api/notifications/stream -> 401 (Credenciales inválidas o sesión expirada)[39m
[33m[Nest] 7392  - [39m03/08/2026, 3:11:46 p. m. [33m   WARN[39m [38;5;3m[AllExceptionsFilter] [39m[33m[undefined] GET /api/notifications/stream -> 401 (Credenciales inválidas o sesión expirada)[39m
[33m[Nest] 7392  - [39m03/08/2026, 3:11:50 p. m. [33m   WARN[39m [38;5;3m[AllExceptionsFilter] [39m[33m[undefined] GET /api/notifications/stream -> 401 (Credenciales inválidas o sesión expirada)[39m
[33m[Nest] 7392  - [39m03/08/2026, 3:11:54 p. m. [33m   WARN[39m [38;5;3m[AllExceptionsFilter] [39m[33m[undefined] GET /api/notifications/stream -> 401 (Credenciales inválidas o sesión expirada)[39m
[33m[Nest] 7392  - [39m03/08/2026, 3:11:58 p. m. [33m   WARN[39m [38;5;3m[AllExceptionsFilter] [39m[33m[undefined] GET /api/notifications/stream -> 401 (Credenciales inválidas o sesión expirada)[39m
[33m[Nest] 7392  - [39m03/08/2026, 3:12:02 p. m. [33m   WARN[39m [38;5;3m[AllExceptionsFilter] [39m[33m[undefined] GET /api/notifications/stream -> 401 (Credenciales inválidas o sesión expirada)[39m
[33m[Nest] 7392  - [39m03/08/2026, 3:12:06 p. m. [33m   WARN[39m [38;5;3m[AllExceptionsFilter] [39m[33m[undefined] GET /api/notifications/stream -> 401 (Credenciales inválidas o sesión expirada)[39m
[33m[Nest] 7392  - [39m03/08/2026, 3:12:10 p. m. [33m   WARN[39m [38;5;3m[AllExceptionsFilter] [39m[33m[undefined] GET /api/notifications/stream -> 401 (Credenciales inválidas o sesión expirada)[39m
[33m[Nest] 7392  - [39m03/08/2026, 3:12:14 p. m. [33m   WARN[39m [38;5;3m[AllExceptionsFilter] [39m[33m[undefined] GET /api/notifications/stream -> 401 (Credenciales inválidas o sesión expirada)[39m
[33m[Nest] 7392  - [39m03/08/2026, 3:12:18 p. m. [33m   WARN[39m [38;5;3m[AllExceptionsFilter] [39m[33m[undefined] GET /api/notifications/stream -> 401 (Credenciales inválidas o sesión expirada)[39m
[33m[Nest] 7392  - [39m03/08/2026, 3:12:22 p. m. [33m   WARN[39m [38;5;3m[AllExceptionsFilter] [39m[33m[undefined] GET /api/notifications/stream -> 401 (Credenciales inválidas o sesión expirada)[39m
[33m[Nest] 7392  - [39m03/08/2026, 3:12:26 p. m. [33m   WARN[39m [38;5;3m[AllExceptionsFilter] [39m[33m[undefined] GET /api/notifications/stream -> 401 (Credenciales inválidas o sesión expirada)[39m
[33m[Nest] 7392  - [39m03/08/2026, 3:12:30 p. m. [33m   WARN[39m [38;5;3m[AllExceptionsFilter] [39m[33m[undefined] GET /api/notifications/stream -> 401 (Credenciales inválidas o sesión expirada)[39m
[33m[Nest] 7392  - [39m03/08/2026, 3:12:34 p. m. [33m   WARN[39m [38;5;3m[AllExceptionsFilter] [39m[33m[undefined] GET /api/notifications/stream -> 401 (Credenciales inválidas o sesión expirada)[39m
[33m[Nest] 7392  - [39m03/08/2026, 3:12:38 p. m. [33m   WARN[39m [38;5;3m[AllExceptionsFilter] [39m[33m[undefined] GET /api/notifications/stream -> 401 (Credenciales inválidas o sesión expirada)[39m
[33m[Nest] 7392  - [39m03/08/2026, 3:12:42 p. m. [33m   WARN[39m [38;5;3m[AllExceptionsFilter] [39m[33m[undefined] GET /api/notifications/stream -> 401 (Credenciales inválidas o sesión expirada)[39m
[33m[Nest] 7392  - [39m03/08/2026, 3:12:46 p. m. [33m   WARN[39m [38;5;3m[AllExceptionsFilter] [39m[33m[undefined] GET /api/notifications/stream -> 401 (Credenciales inválidas o sesión expirada)[39m
[33m[Nest] 7392  - [39m03/08/2026, 3:12:50 p. m. [33m   WARN[39m [38;5;3m[AllExceptionsFilter] [39m[33m[undefined] GET /api/notifications/stream -> 401 (Credenciales inválidas o sesión expirada)[39m
[33m[Nest] 7392  - [39m03/08/2026, 3:12:54 p. m. [33m   WARN[39m [38;5;3m[AllExceptionsFilter] [39m[33m[undefined] GET /api/notifications/stream -> 401 (Credenciales inválidas o sesión expirada)[39m
[33m[Nest] 7392  - [39m03/08/2026, 3:12:58 p. m. [33m   WARN[39m [38;5;3m[AllExceptionsFilter] [39m[33m[undefined] GET /api/notifications/stream -> 401 (Credenciales inválidas o sesión expirada)[39m
[33m[Nest] 7392  - [39m03/08/2026, 3:13:02 p. m. [33m   WARN[39m [38;5;3m[AllExceptionsFilter] [39m[33m[undefined] GET /api/notifications/stream -> 401 (Credenciales inválidas o sesión expirada)[39m
[33m[Nest] 7392  - [39m03/08/2026, 3:13:06 p. m. [33m   WARN[39m [38;5;3m[AllExceptionsFilter] [39m[33m[undefined] GET /api/notifications/stream -> 401 (Credenciales inválidas o sesión expirada)[39m
[33m[Nest] 7392  - [39m03/08/2026, 3:13:10 p. m. [33m   WARN[39m [38;5;3m[AllExceptionsFilter] [39m[33m[undefined] GET /api/notifications/stream -> 401 (Credenciales inválidas o sesión expirada)[39m
[33m[Nest] 7392  - [39m03/08/2026, 3:13:14 p. m. [33m   WARN[39m [38;5;3m[AllExceptionsFilter] [39m[33m[undefined] GET /api/notifications/stream -> 401 (Credenciales inválidas o sesión expirada)[39m
[33m[Nest] 7392  - [39m03/08/2026, 3:13:18 p. m. [33m   WARN[39m [38;5;3m[AllExceptionsFilter] [39m[33m[undefined] GET /api/notifications/stream -> 401 (Credenciales inválidas o sesión expirada)[39m
[33m[Nest] 7392  - [39m03/08/2026, 3:13:22 p. m. [33m   WARN[39m [38;5;3m[AllExceptionsFilter] [39m[33m[undefined] GET /api/notifications/stream -> 401 (Credenciales inválidas o sesión expirada)[39m
[33m[Nest] 7392  - [39m03/08/2026, 3:13:26 p. m. [33m   WARN[39m [38;5;3m[AllExceptionsFilter] [39m[33m[undefined] GET /api/notifications/stream -> 401 (Credenciales inválidas o sesión expirada)[39m
[33m[Nest] 7392  - [39m03/08/2026, 3:13:30 p. m. [33m   WARN[39m [38;5;3m[AllExceptionsFilter] [39m[33m[undefined] GET /api/notifications/stream -> 401 (Credenciales inválidas o sesión expirada)[39m
[33m[Nest] 7392  - [39m03/08/2026, 3:13:34 p. m. [33m   WARN[39m [38;5;3m[AllExceptionsFilter] [39m[33m[undefined] GET /api/notifications/stream -> 401 (Credenciales inválidas o sesión expirada)[39m
[33m[Nest] 7392  - [39m03/08/2026, 3:13:38 p. m. [33m   WARN[39m [38;5;3m[AllExceptionsFilter] [39m[33m[undefined] GET /api/notifications/stream -> 401 (Credenciales inválidas o sesión expirada)[39m
[33m[Nest] 7392  - [39m03/08/2026, 3:13:42 p. m. [33m   WARN[39m [38;5;3m[AllExceptionsFilter] [39m[33m[undefined] GET /api/notifications/stream -> 401 (Credenciales inválidas o sesión expirada)[39m
[33m[Nest] 7392  - [39m03/08/2026, 3:13:46 p. m. [33m   WARN[39m [38;5;3m[AllExceptionsFilter] [39m[33m[undefined] GET /api/notifications/stream -> 401 (Credenciales inválidas o sesión expirada)[39m
[33m[Nest] 7392  - [39m03/08/2026, 3:13:50 p. m. [33m   WARN[39m [38;5;3m[AllExceptionsFilter] [39m[33m[undefined] GET /api/notifications/stream -> 401 (Credenciales inválidas o sesión expirada)[39m
[33m[Nest] 7392  - [39m03/08/2026, 3:13:54 p. m. [33m   WARN[39m [38;5;3m[AllExceptionsFilter] [39m[33m[undefined] GET /api/notifications/stream -> 401 (Credenciales inválidas o sesión expirada)[39m
[33m[Nest] 7392  - [39m03/08/2026, 3:13:58 p. m. [33m   WARN[39m [38;5;3m[AllExceptionsFilter] [39m[33m[undefined] GET /api/notifications/stream -> 401 (Credenciales inválidas o sesión expirada)[39m
[33m[Nest] 7392  - [39m03/08/2026, 3:14:02 p. m. [33m   WARN[39m [38;5;3m[AllExceptionsFilter] [39m[33m[undefined] GET /api/notifications/stream -> 401 (Credenciales inválidas o sesión expirada)[39m
[33m[Nest] 7392  - [39m03/08/2026, 3:14:06 p. m. [33m   WARN[39m [38;5;3m[AllExceptionsFilter] [39m[33m[undefined] GET /api/notifications/stream -> 401 (Credenciales inválidas o sesión expirada)[39m
[33m[Nest] 7392  - [39m03/08/2026, 3:14:10 p. m. [33m   WARN[39m [38;5;3m[AllExceptionsFilter] [39m[33m[undefined] GET /api/notifications/stream -> 401 (Credenciales inválidas o sesión expirada)[39m
[33m[Nest] 7392  - [39m03/08/2026, 3:14:14 p. m. [33m   WARN[39m [38;5;3m[AllExceptionsFilter] [39m[33m[undefined] GET /api/notifications/stream -> 401 (Credenciales inválidas o sesión expirada)[39m
[33m[Nest] 7392  - [39m03/08/2026, 3:14:18 p. m. [33m   WARN[39m [38;5;3m[AllExceptionsFilter] [39m[33m[undefined] GET /api/notifications/stream -> 401 (Credenciales inválidas o sesión expirada)[39m
[33m[Nest] 7392  - [39m03/08/2026, 3:14:22 p. m. [33m   WARN[39m [38;5;3m[AllExceptionsFilter] [39m[33m[undefined] GET /api/notifications/stream -> 401 (Credenciales inválidas o sesión expirada)[39m
[33m[Nest] 7392  - [39m03/08/2026, 3:14:26 p. m. [33m   WARN[39m [38;5;3m[AllExceptionsFilter] [39m[33m[undefined] GET /api/notifications/stream -> 401 (Credenciales inválidas o sesión expirada)[39m
[33m[Nest] 7392  - [39m03/08/2026, 3:14:30 p. m. [33m   WARN[39m [38;5;3m[AllExceptionsFilter] [39m[33m[undefined] GET /api/notifications/stream -> 401 (Credenciales inválidas o sesión expirada)[39m
[33m[Nest] 7392  - [39m03/08/2026, 3:14:34 p. m. [33m   WARN[39m [38;5;3m[AllExceptionsFilter] [39m[33m[undefined] GET /api/notifications/stream -> 401 (Credenciales inválidas o sesión expirada)[39m
[33m[Nest] 7392  - [39m03/08/2026, 3:14:38 p. m. [33m   WARN[39m [38;5;3m[AllExceptionsFilter] [39m[33m[undefined] GET /api/notifications/stream -> 401 (Credenciales inválidas o sesión expirada)[39m
[33m[Nest] 7392  - [39m03/08/2026, 3:14:42 p. m. [33m   WARN[39m [38;5;3m[AllExceptionsFilter] [39m[33m[undefined] GET /api/notifications/stream -> 401 (Credenciales inválidas o sesión expirada)[39m
[33m[Nest] 7392  - [39m03/08/2026, 3:14:46 p. m. [33m   WARN[39m [38;5;3m[AllExceptionsFilter] [39m[33m[undefined] GET /api/notifications/stream -> 401 (Credenciales inválidas o sesión expirada)[39m
[33m[Nest] 7392  - [39m03/08/2026, 3:14:50 p. m. [33m   WARN[39m [38;5;3m[AllExceptionsFilter] [39m[33m[undefined] GET /api/notifications/stream -> 401 (Credenciales inválidas o sesión expirada)[39m
[33m[Nest] 7392  - [39m03/08/2026, 3:14:54 p. m. [33m   WARN[39m [38;5;3m[AllExceptionsFilter] [39m[33m[undefined] GET /api/notifications/stream -> 401 (Credenciales inválidas o sesión expirada)[39m
[33m[Nest] 7392  - [39m03/08/2026, 3:14:58 p. m. [33m   WARN[39m [38;5;3m[AllExceptionsFilter] [39m[33m[undefined] GET /api/notifications/stream -> 401 (Credenciales inválidas o sesión expirada)[39m
[33m[Nest] 7392  - [39m03/08/2026, 3:15:02 p. m. [33m   WARN[39m [38;5;3m[AllExceptionsFilter] [39m[33m[undefined] GET /api/notifications/stream -> 401 (Credenciales inválidas o sesión expirada)[39m
[33m[Nest] 7392  - [39m03/08/2026, 3:15:06 p. m. [33m   WARN[39m [38;5;3m[AllExceptionsFilter] [39m[33m[undefined] GET /api/notifications/stream -> 401 (Credenciales inválidas o sesión expirada)[39m
[33m[Nest] 7392  - [39m03/08/2026, 3:15:10 p. m. [33m   WARN[39m [38;5;3m[AllExceptionsFilter] [39m[33m[undefined] GET /api/notifications/stream -> 401 (Credenciales inválidas o sesión expirada)[39m
[33m[Nest] 7392  - [39m03/08/2026, 3:15:14 p. m. [33m   WARN[39m [38;5;3m[AllExceptionsFilter] [39m[33m[undefined] GET /api/notifications/stream -> 401 (Credenciales inválidas o sesión expirada)[39m
[33m[Nest] 7392  - [39m03/08/2026, 3:15:18 p. m. [33m   WARN[39m [38;5;3m[AllExceptionsFilter] [39m[33m[undefined] GET /api/notifications/stream -> 401 (Credenciales inválidas o sesión expirada)[39m
[33m[Nest] 7392  - [39m03/08/2026, 3:15:22 p. m. [33m   WARN[39m [38;5;3m[AllExceptionsFilter] [39m[33m[undefined] GET /api/notifications/stream -> 401 (Credenciales inválidas o sesión expirada)[39m
[33m[Nest] 7392  - [39m03/08/2026, 3:15:26 p. m. [33m   WARN[39m [38;5;3m[AllExceptionsFilter] [39m[33m[undefined] GET /api/notifications/stream -> 401 (Credenciales inválidas o sesión expirada)[39m
[33m[Nest] 7392  - [39m03/08/2026, 3:15:30 p. m. [33m   WARN[39m [38;5;3m[AllExceptionsFilter] [39m[33m[undefined] GET /api/notifications/stream -> 401 (Credenciales inválidas o sesión expirada)[39m
[33m[Nest] 7392  - [39m03/08/2026, 3:15:34 p. m. [33m   WARN[39m [38;5;3m[AllExceptionsFilter] [39m[33m[undefined] GET /api/notifications/stream -> 401 (Credenciales inválidas o sesión expirada)[39m
[33m[Nest] 7392  - [39m03/08/2026, 3:15:38 p. m. [33m   WARN[39m [38;5;3m[AllExceptionsFilter] [39m[33m[undefined] GET /api/notifications/stream -> 401 (Credenciales inválidas o sesión expirada)[39m
[33m[Nest] 7392  - [39m03/08/2026, 3:15:42 p. m. [33m   WARN[39m [38;5;3m[AllExceptionsFilter] [39m[33m[undefined] GET /api/notifications/stream -> 401 (Credenciales inválidas o sesión expirada)[39m
[33m[Nest] 7392  - [39m03/08/2026, 3:15:46 p. m. [33m   WARN[39m [38;5;3m[AllExceptionsFilter] [39m[33m[undefined] GET /api/notifications/stream -> 401 (Credenciales inválidas o sesión expirada)[39m
[33m[Nest] 7392  - [39m03/08/2026, 3:15:50 p. m. [33m   WARN[39m [38;5;3m[AllExceptionsFilter] [39m[33m[undefined] GET /api/notifications/stream -> 401 (Credenciales inválidas o sesión expirada)[39m
[33m[Nest] 7392  - [39m03/08/2026, 3:15:54 p. m. [33m   WARN[39m [38;5;3m[AllExceptionsFilter] [39m[33m[undefined] GET /api/notifications/stream -> 401 (Credenciales inválidas o sesión expirada)[39m
[33m[Nest] 7392  - [39m03/08/2026, 3:15:58 p. m. [33m   WARN[39m [38;5;3m[AllExceptionsFilter] [39m[33m[undefined] GET /api/notifications/stream -> 401 (Credenciales inválidas o sesión expirada)[39m
[33m[Nest] 7392  - [39m03/08/2026, 3:16:02 p. m. [33m   WARN[39m [38;5;3m[AllExceptionsFilter] [39m[33m[undefined] GET /api/notifications/stream -> 401 (Credenciales inválidas o sesión expirada)[39m
[33m[Nest] 7392  - [39m03/08/2026, 3:16:06 p. m. [33m   WARN[39m [38;5;3m[AllExceptionsFilter] [39m[33m[undefined] GET /api/notifications/stream -> 401 (Credenciales inválidas o sesión expirada)[39m
[33m[Nest] 7392  - [39m03/08/2026, 3:16:10 p. m. [33m   WARN[39m [38;5;3m[AllExceptionsFilter] [39m[33m[undefined] GET /api/notifications/stream -> 401 (Credenciales inválidas o sesión expirada)[39m
[33m[Nest] 7392  - [39m03/08/2026, 3:16:14 p. m. [33m   WARN[39m [38;5;3m[AllExceptionsFilter] [39m[33m[undefined] GET /api/notifications/stream -> 401 (Credenciales inválidas o sesión expirada)[39m
[33m[Nest] 7392  - [39m03/08/2026, 3:16:18 p. m. [33m   WARN[39m [38;5;3m[AllExceptionsFilter] [39m[33m[undefined] GET /api/notifications/stream -> 401 (Credenciales inválidas o sesión expirada)[39m
[33m[Nest] 7392  - [39m03/08/2026, 3:16:22 p. m. [33m   WARN[39m [38;5;3m[AllExceptionsFilter] [39m[33m[undefined] GET /api/notifications/stream -> 401 (Credenciales inválidas o sesión expirada)[39m
[33m[Nest] 7392  - [39m03/08/2026, 3:16:26 p. m. [33m   WARN[39m [38;5;3m[AllExceptionsFilter] [39m[33m[undefined] GET /api/notifications/stream -> 401 (Credenciales inválidas o sesión expirada)[39m
[33m[Nest] 7392  - [39m03/08/2026, 3:16:30 p. m. [33m   WARN[39m [38;5;3m[AllExceptionsFilter] [39m[33m[undefined] GET /api/notifications/stream -> 401 (Credenciales inválidas o sesión expirada)[39m
[33m[Nest] 7392  - [39m03/08/2026, 3:16:34 p. m. [33m   WARN[39m [38;5;3m[AllExceptionsFilter] [39m[33m[undefined] GET /api/notifications/stream -> 401 (Credenciales inválidas o sesión expirada)[39m
[33m[Nest] 7392  - [39m03/08/2026, 3:16:38 p. m. [33m   WARN[39m [38;5;3m[AllExceptionsFilter] [39m[33m[undefined] GET /api/notifications/stream -> 401 (Credenciales inválidas o sesión expirada)[39m
[33m[Nest] 7392  - [39m03/08/2026, 3:16:42 p. m. [33m   WARN[39m [38;5;3m[AllExceptionsFilter] [39m[33m[undefined] GET /api/notifications/stream -> 401 (Credenciales inválidas o sesión expirada)[39m
[33m[Nest] 7392  - [39m03/08/2026, 3:16:46 p. m. [33m   WARN[39m [38;5;3m[AllExceptionsFilter] [39m[33m[undefined] GET /api/notifications/stream -> 401 (Credenciales inválidas o sesión expirada)[39m
[33m[Nest] 7392  - [39m03/08/2026, 3:16:50 p. m. [33m   WARN[39m [38;5;3m[AllExceptionsFilter] [39m[33m[undefined] GET /api/notifications/stream -> 401 (Credenciales inválidas o sesión expirada)[39m
[33m[Nest] 7392  - [39m03/08/2026, 3:16:54 p. m. [33m   WARN[39m [38;5;3m[AllExceptionsFilter] [39m[33m[undefined] GET /api/notifications/stream -> 401 (Credenciales inválidas o sesión expirada)[39m
[33m[Nest] 7392  - [39m03/08/2026, 3:16:58 p. m. [33m   WARN[39m [38;5;3m[AllExceptionsFilter] [39m[33m[undefined] GET /api/notifications/stream -> 401 (Credenciales inválidas o sesión expirada)[39m
[33m[Nest] 7392  - [39m03/08/2026, 3:17:02 p. m. [33m   WARN[39m [38;5;3m[AllExceptionsFilter] [39m[33m[undefined] GET /api/notifications/stream -> 401 (Credenciales inválidas o sesión expirada)[39m
[33m[Nest] 7392  - [39m03/08/2026, 3:17:06 p. m. [33m   WARN[39m [38;5;3m[AllExceptionsFilter] [39m[33m[undefined] GET /api/notifications/stream -> 401 (Credenciales inválidas o sesión expirada)[39m
[33m[Nest] 7392  - [39m03/08/2026, 3:17:10 p. m. [33m   WARN[39m [38;5;3m[AllExceptionsFilter] [39m[33m[undefined] GET /api/notifications/stream -> 401 (Credenciales inválidas o sesión expirada)[39m
[33m[Nest] 7392  - [39m03/08/2026, 3:17:14 p. m. [33m   WARN[39m [38;5;3m[AllExceptionsFilter] [39m[33m[undefined] GET /api/notifications/stream -> 401 (Credenciales inválidas o sesión expirada)[39m
[33m[Nest] 7392  - [39m03/08/2026, 3:17:18 p. m. [33m   WARN[39m [38;5;3m[AllExceptionsFilter] [39m[33m[undefined] GET /api/notifications/stream -> 401 (Credenciales inválidas o sesión expirada)[39m
[33m[Nest] 7392  - [39m03/08/2026, 3:17:22 p. m. [33m   WARN[39m [38;5;3m[AllExceptionsFilter] [39m[33m[undefined] GET /api/notifications/stream -> 401 (Credenciales inválidas o sesión expirada)[39m
[33m[Nest] 7392  - [39m03/08/2026, 3:17:26 p. m. [33m   WARN[39m [38;5;3m[AllExceptionsFilter] [39m[33m[undefined] GET /api/notifications/stream -> 401 (Credenciales inválidas o sesión expirada)[39m
[33m[Nest] 7392  - [39m03/08/2026, 3:17:30 p. m. [33m   WARN[39m [38;5;3m[AllExceptionsFilter] [39m[33m[undefined] GET /api/notifications/stream -> 401 (Credenciales inválidas o sesión expirada)[39m
[33m[Nest] 7392  - [39m03/08/2026, 3:17:34 p. m. [33m   WARN[39m [38;5;3m[AllExceptionsFilter] [39m[33m[undefined] GET /api/notifications/stream -> 401 (Credenciales inválidas o sesión expirada)[39m
[33m[Nest] 7392  - [39m03/08/2026, 3:17:38 p. m. [33m   WARN[39m [38;5;3m[AllExceptionsFilter] [39m[33m[undefined] GET /api/notifications/stream -> 401 (Credenciales inválidas o sesión expirada)[39m
[33m[Nest] 7392  - [39m03/08/2026, 3:17:42 p. m. [33m   WARN[39m [38;5;3m[AllExceptionsFilter] [39m[33m[undefined] GET /api/notifications/stream -> 401 (Credenciales inválidas o sesión expirada)[39m
[33m[Nest] 7392  - [39m03/08/2026, 3:17:46 p. m. [33m   WARN[39m [38;5;3m[AllExceptionsFilter] [39m[33m[undefined] GET /api/notifications/stream -> 401 (Credenciales inválidas o sesión expirada)[39m
[33m[Nest] 7392  - [39m03/08/2026, 3:17:50 p. m. [33m   WARN[39m [38;5;3m[AllExceptionsFilter] [39m[33m[undefined] GET /api/notifications/stream -> 401 (Credenciales inválidas o sesión expirada)[39m
[33m[Nest] 7392  - [39m03/08/2026, 3:17:54 p. m. [33m   WARN[39m [38;5;3m[AllExceptionsFilter] [39m[33m[undefined] GET /api/notifications/stream -> 401 (Credenciales inválidas o sesión expirada)[39m
[33m[Nest] 7392  - [39m03/08/2026, 3:17:58 p. m. [33m   WARN[39m [38;5;3m[AllExceptionsFilter] [39m[33m[undefined] GET /api/notifications/stream -> 401 (Credenciales inválidas o sesión expirada)[39m
[33m[Nest] 7392  - [39m03/08/2026, 3:18:02 p. m. [33m   WARN[39m [38;5;3m[AllExceptionsFilter] [39m[33m[undefined] GET /api/notifications/stream -> 401 (Credenciales inválidas o sesión expirada)[39m
[33m[Nest] 7392  - [39m03/08/2026, 3:18:06 p. m. [33m   WARN[39m [38;5;3m[AllExceptionsFilter] [39m[33m[undefined] GET /api/notifications/stream -> 401 (Credenciales inválidas o sesión expirada)[39m
[33m[Nest] 7392  - [39m03/08/2026, 3:18:10 p. m. [33m   WARN[39m [38;5;3m[AllExceptionsFilter] [39m[33m[undefined] GET /api/notifications/stream -> 401 (Credenciales inválidas o sesión expirada)[39m
[33m[Nest] 7392  - [39m03/08/2026, 3:18:14 p. m. [33m   WARN[39m [38;5;3m[AllExceptionsFilter] [39m[33m[undefined] GET /api/notifications/stream -> 401 (Credenciales inválidas o sesión expirada)[39m
[33m[Nest] 7392  - [39m03/08/2026, 3:18:18 p. m. [33m   WARN[39m [38;5;3m[AllExceptionsFilter] [39m[33m[undefined] GET /api/notifications/stream -> 401 (Credenciales inválidas o sesión expirada)[39m
[33m[Nest] 7392  - [39m03/08/2026, 3:18:22 p. m. [33m   WARN[39m [38;5;3m[AllExceptionsFilter] [39m[33m[undefined] GET /api/notifications/stream -> 401 (Credenciales inválidas o sesión expirada)[39m
[33m[Nest] 7392  - [39m03/08/2026, 3:18:26 p. m. [33m   WARN[39m [38;5;3m[AllExceptionsFilter] [39m[33m[undefined] GET /api/notifications/stream -> 401 (Credenciales inválidas o sesión expirada)[39m
[33m[Nest] 7392  - [39m03/08/2026, 3:18:30 p. m. [33m   WARN[39m [38;5;3m[AllExceptionsFilter] [39m[33m[undefined] GET /api/notifications/stream -> 401 (Credenciales inválidas o sesión expirada)[39m
[33m[Nest] 7392  - [39m03/08/2026, 3:18:34 p. m. [33m   WARN[39m [38;5;3m[AllExceptionsFilter] [39m[33m[undefined] GET /api/notifications/stream -> 401 (Credenciales inválidas o sesión expirada)[39m
[33m[Nest] 7392  - [39m03/08/2026, 3:18:38 p. m. [33m   WARN[39m [38;5;3m[AllExceptionsFilter] [39m[33m[undefined] GET /api/notifications/stream -> 401 (Credenciales inválidas o sesión expirada)[39m
[33m[Nest] 7392  - [39m03/08/2026, 3:18:42 p. m. [33m   WARN[39m [38;5;3m[AllExceptionsFilter] [39m[33m[undefined] GET /api/notifications/stream -> 401 (Credenciales inválidas o sesión expirada)[39m
[33m[Nest] 7392  - [39m03/08/2026, 3:18:46 p. m. [33m   WARN[39m [38;5;3m[AllExceptionsFilter] [39m[33m[undefined] GET /api/notifications/stream -> 401 (Credenciales inválidas o sesión expirada)[39m
[33m[Nest] 7392  - [39m03/08/2026, 3:18:50 p. m. [33m   WARN[39m [38;5;3m[AllExceptionsFilter] [39m[33m[undefined] GET /api/notifications/stream -> 401 (Credenciales inválidas o sesión expirada)[39m
[33m[Nest] 7392  - [39m03/08/2026, 3:18:54 p. m. [33m   WARN[39m [38;5;3m[AllExceptionsFilter] [39m[33m[undefined] GET /api/notifications/stream -> 401 (Credenciales inválidas o sesión expirada)[39m
[33m[Nest] 7392  - [39m03/08/2026, 3:18:58 p. m. [33m   WARN[39m [38;5;3m[AllExceptionsFilter] [39m[33m[undefined] GET /api/notifications/stream -> 401 (Credenciales inválidas o sesión expirada)[39m
[33m[Nest] 7392  - [39m03/08/2026, 3:19:02 p. m. [33m   WARN[39m [38;5;3m[AllExceptionsFilter] [39m[33m[undefined] GET /api/notifications/stream -> 401 (Credenciales inválidas o sesión expirada)[39m
[33m[Nest] 7392  - [39m03/08/2026, 3:19:06 p. m. [33m   WARN[39m [38;5;3m[AllExceptionsFilter] [39m[33m[undefined] GET /api/notifications/stream -> 401 (Credenciales inválidas o sesión expirada)[39m
[33m[Nest] 7392  - [39m03/08/2026, 3:19:10 p. m. [33m   WARN[39m [38;5;3m[AllExceptionsFilter] [39m[33m[undefined] GET /api/notifications/stream -> 401 (Credenciales inválidas o sesión expirada)[39m
[33m[Nest] 7392  - [39m03/08/2026, 3:19:14 p. m. [33m   WARN[39m [38;5;3m[AllExceptionsFilter] [39m[33m[undefined] GET /api/notifications/stream -> 401 (Credenciales inválidas o sesión expirada)[39m
[33m[Nest] 7392  - [39m03/08/2026, 3:19:18 p. m. [33m   WARN[39m [38;5;3m[AllExceptionsFilter] [39m[33m[undefined] GET /api/notifications/stream -> 401 (Credenciales inválidas o sesión expirada)[39m
[33m[Nest] 7392  - [39m03/08/2026, 3:19:22 p. m. [33m   WARN[39m [38;5;3m[AllExceptionsFilter] [39m[33m[undefined] GET /api/notifications/stream -> 401 (Credenciales inválidas o sesión expirada)[39m
[33m[Nest] 7392  - [39m03/08/2026, 3:19:26 p. m. [33m   WARN[39m [38;5;3m[AllExceptionsFilter] [39m[33m[undefined] GET /api/notifications/stream -> 401 (Credenciales inválidas o sesión expirada)[39m
[33m[Nest] 7392  - [39m03/08/2026, 3:19:30 p. m. [33m   WARN[39m [38;5;3m[AllExceptionsFilter] [39m[33m[undefined] GET /api/notifications/stream -> 401 (Credenciales inválidas o sesión expirada)[39m
[33m[Nest] 7392  - [39m03/08/2026, 3:19:34 p. m. [33m   WARN[39m [38;5;3m[AllExceptionsFilter] [39m[33m[undefined] GET /api/notifications/stream -> 401 (Credenciales inválidas o sesión expirada)[39m
[33m[Nest] 7392  - [39m03/08/2026, 3:19:38 p. m. [33m   WARN[39m [38;5;3m[AllExceptionsFilter] [39m[33m[undefined] GET /api/notifications/stream -> 401 (Credenciales inválidas o sesión expirada)[39m
[33m[Nest] 7392  - [39m03/08/2026, 3:19:42 p. m. [33m   WARN[39m [38;5;3m[AllExceptionsFilter] [39m[33m[undefined] GET /api/notifications/stream -> 401 (Credenciales inválidas o sesión expirada)[39m
[33m[Nest] 7392  - [39m03/08/2026, 3:19:46 p. m. [33m   WARN[39m [38;5;3m[AllExceptionsFilter] [39m[33m[undefined] GET /api/notifications/stream -> 401 (Credenciales inválidas o sesión expirada)[39m
[33m[Nest] 7392  - [39m03/08/2026, 3:19:50 p. m. [33m   WARN[39m [38;5;3m[AllExceptionsFilter] [39m[33m[undefined] GET /api/notifications/stream -> 401 (Credenciales inválidas o sesión expirada)[39m
[33m[Nest] 7392  - [39m03/08/2026, 3:19:54 p. m. [33m   WARN[39m [38;5;3m[AllExceptionsFilter] [39m[33m[undefined] GET /api/notifications/stream -> 401 (Credenciales inválidas o sesión expirada)[39m
[33m[Nest] 7392  - [39m03/08/2026, 3:19:58 p. m. [33m   WARN[39m [38;5;3m[AllExceptionsFilter] [39m[33m[undefined] GET /api/notifications/stream -> 401 (Credenciales inválidas o sesión expirada)[39m
[33m[Nest] 7392  - [39m03/08/2026, 3:20:02 p. m. [33m   WARN[39m [38;5;3m[AllExceptionsFilter] [39m[33m[undefined] GET /api/notifications/stream -> 401 (Credenciales inválidas o sesión expirada)[39m
[33m[Nest] 7392  - [39m03/08/2026, 3:20:06 p. m. [33m   WARN[39m [38;5;3m[AllExceptionsFilter] [39m[33m[undefined] GET /api/notifications/stream -> 401 (Credenciales inválidas o sesión expirada)[39m
[33m[Nest] 7392  - [39m03/08/2026, 3:20:10 p. m. [33m   WARN[39m [38;5;3m[AllExceptionsFilter] [39m[33m[undefined] GET /api/notifications/stream -> 401 (Credenciales inválidas o sesión expirada)[39m
[33m[Nest] 7392  - [39m03/08/2026, 3:20:14 p. m. [33m   WARN[39m [38;5;3m[AllExceptionsFilter] [39m[33m[undefined] GET /api/notifications/stream -> 401 (Credenciales inválidas o sesión expirada)[39m
[33m[Nest] 7392  - [39m03/08/2026, 3:20:18 p. m. [33m   WARN[39m [38;5;3m[AllExceptionsFilter] [39m[33m[undefined] GET /api/notifications/stream -> 401 (Credenciales inválidas o sesión expirada)[39m
[33m[Nest] 7392  - [39m03/08/2026, 3:20:22 p. m. [33m   WARN[39m [38;5;3m[AllExceptionsFilter] [39m[33m[undefined] GET /api/notifications/stream -> 401 (Credenciales inválidas o sesión expirada)[39m
[33m[Nest] 7392  - [39m03/08/2026, 3:20:26 p. m. [33m   WARN[39m [38;5;3m[AllExceptionsFilter] [39m[33m[undefined] GET /api/notifications/stream -> 401 (Credenciales inválidas o sesión expirada)[39m
[33m[Nest] 7392  - [39m03/08/2026, 3:20:30 p. m. [33m   WARN[39m [38;5;3m[AllExceptionsFilter] [39m[33m[undefined] GET /api/notifications/stream -> 401 (Credenciales inválidas o sesión expirada)[39m
[33m[Nest] 7392  - [39m03/08/2026, 3:20:34 p. m. [33m   WARN[39m [38;5;3m[AllExceptionsFilter] [39m[33m[undefined] GET /api/notifications/stream -> 401 (Credenciales inválidas o sesión expirada)[39m
[33m[Nest] 7392  - [39m03/08/2026, 3:20:38 p. m. [33m   WARN[39m [38;5;3m[AllExceptionsFilter] [39m[33m[undefined] GET /api/notifications/stream -> 401 (Credenciales inválidas o sesión expirada)[39m
[33m[Nest] 7392  - [39m03/08/2026, 3:20:42 p. m. [33m   WARN[39m [38;5;3m[AllExceptionsFilter] [39m[33m[undefined] GET /api/notifications/stream -> 401 (Credenciales inválidas o sesión expirada)[39m
[33m[Nest] 7392  - [39m03/08/2026, 3:20:46 p. m. [33m   WARN[39m [38;5;3m[AllExceptionsFilter] [39m[33m[undefined] GET /api/notifications/stream -> 401 (Credenciales inválidas o sesión expirada)[39m
[33m[Nest] 7392  - [39m03/08/2026, 3:20:50 p. m. [33m   WARN[39m [38;5;3m[AllExceptionsFilter] [39m[33m[undefined] GET /api/notifications/stream -> 401 (Credenciales inválidas o sesión expirada)[39m
[33m[Nest] 7392  - [39m03/08/2026, 3:20:54 p. m. [33m   WARN[39m [38;5;3m[AllExceptionsFilter] [39m[33m[undefined] GET /api/notifications/stream -> 401 (Credenciales inválidas o sesión expirada)[39m
[33m[Nest] 7392  - [39m03/08/2026, 3:20:58 p. m. [33m   WARN[39m [38;5;3m[AllExceptionsFilter] [39m[33m[undefined] GET /api/notifications/stream -> 401 (Credenciales inválidas o sesión expirada)[39m
[33m[Nest] 7392  - [39m03/08/2026, 3:21:02 p. m. [33m   WARN[39m [38;5;3m[AllExceptionsFilter] [39m[33m[undefined] GET /api/notifications/stream -> 401 (Credenciales inválidas o sesión expirada)[39m
[33m[Nest] 7392  - [39m03/08/2026, 3:21:06 p. m. [33m   WARN[39m [38;5;3m[AllExceptionsFilter] [39m[33m[undefined] GET /api/notifications/stream -> 401 (Credenciales inválidas o sesión expirada)[39m
[33m[Nest] 7392  - [39m03/08/2026, 3:21:10 p. m. [33m   WARN[39m [38;5;3m[AllExceptionsFilter] [39m[33m[undefined] GET /api/notifications/stream -> 401 (Credenciales inválidas o sesión expirada)[39m
[33m[Nest] 7392  - [39m03/08/2026, 3:21:14 p. m. [33m   WARN[39m [38;5;3m[AllExceptionsFilter] [39m[33m[undefined] GET /api/notifications/stream -> 401 (Credenciales inválidas o sesión expirada)[39m
[33m[Nest] 7392  - [39m03/08/2026, 3:21:18 p. m. [33m   WARN[39m [38;5;3m[AllExceptionsFilter] [39m[33m[undefined] GET /api/notifications/stream -> 401 (Credenciales inválidas o sesión expirada)[39m
[33m[Nest] 7392  - [39m03/08/2026, 3:21:22 p. m. [33m   WARN[39m [38;5;3m[AllExceptionsFilter] [39m[33m[undefined] GET /api/notifications/stream -> 401 (Credenciales inválidas o sesión expirada)[39m
[33m[Nest] 7392  - [39m03/08/2026, 3:21:26 p. m. [33m   WARN[39m [38;5;3m[AllExceptionsFilter] [39m[33m[undefined] GET /api/notifications/stream -> 401 (Credenciales inválidas o sesión expirada)[39m
[33m[Nest] 7392  - [39m03/08/2026, 3:21:30 p. m. [33m   WARN[39m [38;5;3m[AllExceptionsFilter] [39m[33m[undefined] GET /api/notifications/stream -> 401 (Credenciales inválidas o sesión expirada)[39m
[33m[Nest] 7392  - [39m03/08/2026, 3:21:34 p. m. [33m   WARN[39m [38;5;3m[AllExceptionsFilter] [39m[33m[undefined] GET /api/notifications/stream -> 401 (Credenciales inválidas o sesión expirada)[39m
[33m[Nest] 7392  - [39m03/08/2026, 3:21:38 p. m. [33m   WARN[39m [38;5;3m[AllExceptionsFilter] [39m[33m[undefined] GET /api/notifications/stream -> 401 (Credenciales inválidas o sesión expirada)[39m
[33m[Nest] 7392  - [39m03/08/2026, 3:21:42 p. m. [33m   WARN[39m [38;5;3m[AllExceptionsFilter] [39m[33m[undefined] GET /api/notifications/stream -> 401 (Credenciales inválidas o sesión expirada)[39m
[33m[Nest] 7392  - [39m03/08/2026, 3:21:46 p. m. [33m   WARN[39m [38;5;3m[AllExceptionsFilter] [39m[33m[undefined] GET /api/notifications/stream -> 401 (Credenciales inválidas o sesión expirada)[39m
[33m[Nest] 7392  - [39m03/08/2026, 3:21:50 p. m. [33m   WARN[39m [38;5;3m[AllExceptionsFilter] [39m[33m[undefined] GET /api/notifications/stream -> 401 (Credenciales inválidas o sesión expirada)[39m
[33m[Nest] 7392  - [39m03/08/2026, 3:21:54 p. m. [33m   WARN[39m [38;5;3m[AllExceptionsFilter] [39m[33m[undefined] GET /api/notifications/stream -> 401 (Credenciales inválidas o sesión expirada)[39m
[33m[Nest] 7392  - [39m03/08/2026, 3:21:58 p. m. [33m   WARN[39m [38;5;3m[AllExceptionsFilter] [39m[33m[undefined] GET /api/notifications/stream -> 401 (Credenciales inválidas o sesión expirada)[39m
[33m[Nest] 7392  - [39m03/08/2026, 3:22:02 p. m. [33m   WARN[39m [38;5;3m[AllExceptionsFilter] [39m[33m[undefined] GET /api/notifications/stream -> 401 (Credenciales inválidas o sesión expirada)[39m
[33m[Nest] 7392  - [39m03/08/2026, 3:22:06 p. m. [33m   WARN[39m [38;5;3m[AllExceptionsFilter] [39m[33m[undefined] GET /api/notifications/stream -> 401 (Credenciales inválidas o sesión expirada)[39m
[33m[Nest] 7392  - [39m03/08/2026, 3:22:10 p. m. [33m   WARN[39m [38;5;3m[AllExceptionsFilter] [39m[33m[undefined] GET /api/notifications/stream -> 401 (Credenciales inválidas o sesión expirada)[39m
[33m[Nest] 7392  - [39m03/08/2026, 3:22:14 p. m. [33m   WARN[39m [38;5;3m[AllExceptionsFilter] [39m[33m[undefined] GET /api/notifications/stream -> 401 (Credenciales inválidas o sesión expirada)[39m
[33m[Nest] 7392  - [39m03/08/2026, 3:22:18 p. m. [33m   WARN[39m [38;5;3m[AllExceptionsFilter] [39m[33m[undefined] GET /api/notifications/stream -> 401 (Credenciales inválidas o sesión expirada)[39m
[33m[Nest] 7392  - [39m03/08/2026, 3:22:22 p. m. [33m   WARN[39m [38;5;3m[AllExceptionsFilter] [39m[33m[undefined] GET /api/notifications/stream -> 401 (Credenciales inválidas o sesión expirada)[39m
[33m[Nest] 7392  - [39m03/08/2026, 3:22:26 p. m. [33m   WARN[39m [38;5;3m[AllExceptionsFilter] [39m[33m[undefined] GET /api/notifications/stream -> 401 (Credenciales inválidas o sesión expirada)[39m
[33m[Nest] 7392  - [39m03/08/2026, 3:22:30 p. m. [33m   WARN[39m [38;5;3m[AllExceptionsFilter] [39m[33m[undefined] GET /api/notifications/stream -> 401 (Credenciales inválidas o sesión expirada)[39m
[33m[Nest] 7392  - [39m03/08/2026, 3:22:34 p. m. [33m   WARN[39m [38;5;3m[AllExceptionsFilter] [39m[33m[undefined] GET /api/notifications/stream -> 401 (Credenciales inválidas o sesión expirada)[39m
[33m[Nest] 7392  - [39m03/08/2026, 3:22:38 p. m. [33m   WARN[39m [38;5;3m[AllExceptionsFilter] [39m[33m[undefined] GET /api/notifications/stream -> 401 (Credenciales inválidas o sesión expirada)[39m
[33m[Nest] 7392  - [39m03/08/2026, 3:22:42 p. m. [33m   WARN[39m [38;5;3m[AllExceptionsFilter] [39m[33m[undefined] GET /api/notifications/stream -> 401 (Credenciales inválidas o sesión expirada)[39m
[33m[Nest] 7392  - [39m03/08/2026, 3:22:46 p. m. [33m   WARN[39m [38;5;3m[AllExceptionsFilter] [39m[33m[undefined] GET /api/notifications/stream -> 401 (Credenciales inválidas o sesión expirada)[39m
[33m[Nest] 7392  - [39m03/08/2026, 3:22:50 p. m. [33m   WARN[39m [38;5;3m[AllExceptionsFilter] [39m[33m[undefined] GET /api/notifications/stream -> 401 (Credenciales inválidas o sesión expirada)[39m
[33m[Nest] 7392  - [39m03/08/2026, 3:22:54 p. m. [33m   WARN[39m [38;5;3m[AllExceptionsFilter] [39m[33m[undefined] GET /api/notifications/stream -> 401 (Credenciales inválidas o sesión expirada)[39m
[33m[Nest] 7392  - [39m03/08/2026, 3:22:58 p. m. [33m   WARN[39m [38;5;3m[AllExceptionsFilter] [39m[33m[undefined] GET /api/notifications/stream -> 401 (Credenciales inválidas o sesión expirada)[39m
[33m[Nest] 7392  - [39m03/08/2026, 3:23:02 p. m. [33m   WARN[39m [38;5;3m[AllExceptionsFilter] [39m[33m[undefined] GET /api/notifications/stream -> 401 (Credenciales inválidas o sesión expirada)[39m
[33m[Nest] 7392  - [39m03/08/2026, 3:23:06 p. m. [33m   WARN[39m [38;5;3m[AllExceptionsFilter] [39m[33m[undefined] GET /api/notifications/stream -> 401 (Credenciales inválidas o sesión expirada)[39m
[33m[Nest] 7392  - [39m03/08/2026, 3:23:10 p. m. [33m   WARN[39m [38;5;3m[AllExceptionsFilter] [39m[33m[undefined] GET /api/notifications/stream -> 401 (Credenciales inválidas o sesión expirada)[39m
[33m[Nest] 7392  - [39m03/08/2026, 3:23:14 p. m. [33m   WARN[39m [38;5;3m[AllExceptionsFilter] [39m[33m[undefined] GET /api/notifications/stream -> 401 (Credenciales inválidas o sesión expirada)[39m
[33m[Nest] 7392  - [39m03/08/2026, 3:23:18 p. m. [33m   WARN[39m [38;5;3m[AllExceptionsFilter] [39m[33m[undefined] GET /api/notifications/stream -> 401 (Credenciales inválidas o sesión expirada)[39m
[33m[Nest] 7392  - [39m03/08/2026, 3:23:22 p. m. [33m   WARN[39m [38;5;3m[AllExceptionsFilter] [39m[33m[undefined] GET /api/notifications/stream -> 401 (Credenciales inválidas o sesión expirada)[39m
[33m[Nest] 7392  - [39m03/08/2026, 3:23:26 p. m. [33m   WARN[39m [38;5;3m[AllExceptionsFilter] [39m[33m[undefined] GET /api/notifications/stream -> 401 (Credenciales inválidas o sesión expirada)[39m
[33m[Nest] 7392  - [39m03/08/2026, 3:23:30 p. m. [33m   WARN[39m [38;5;3m[AllExceptionsFilter] [39m[33m[undefined] GET /api/notifications/stream -> 401 (Credenciales inválidas o sesión expirada)[39m
[33m[Nest] 7392  - [39m03/08/2026, 3:23:34 p. m. [33m   WARN[39m [38;5;3m[AllExceptionsFilter] [39m[33m[undefined] GET /api/notifications/stream -> 401 (Credenciales inválidas o sesión expirada)[39m
[33m[Nest] 7392  - [39m03/08/2026, 3:23:38 p. m. [33m   WARN[39m [38;5;3m[AllExceptionsFilter] [39m[33m[undefined] GET /api/notifications/stream -> 401 (Credenciales inválidas o sesión expirada)[39m
[33m[Nest] 7392  - [39m03/08/2026, 3:23:42 p. m. [33m   WARN[39m [38;5;3m[AllExceptionsFilter] [39m[33m[undefined] GET /api/notifications/stream -> 401 (Credenciales inválidas o sesión expirada)[39m
[33m[Nest] 7392  - [39m03/08/2026, 3:23:46 p. m. [33m   WARN[39m [38;5;3m[AllExceptionsFilter] [39m[33m[undefined] GET /api/notifications/stream -> 401 (Credenciales inválidas o sesión expirada)[39m
[33m[Nest] 7392  - [39m03/08/2026, 3:23:50 p. m. [33m   WARN[39m [38;5;3m[AllExceptionsFilter] [39m[33m[undefined] GET /api/notifications/stream -> 401 (Credenciales inválidas o sesión expirada)[39m
[33m[Nest] 7392  - [39m03/08/2026, 3:23:54 p. m. [33m   WARN[39m [38;5;3m[AllExceptionsFilter] [39m[33m[undefined] GET /api/notifications/stream -> 401 (Credenciales inválidas o sesión expirada)[39m
[33m[Nest] 7392  - [39m03/08/2026, 3:23:58 p. m. [33m   WARN[39m [38;5;3m[AllExceptionsFilter] [39m[33m[undefined] GET /api/notifications/stream -> 401 (Credenciales inválidas o sesión expirada)[39m
[33m[Nest] 7392  - [39m03/08/2026, 3:24:02 p. m. [33m   WARN[39m [38;5;3m[AllExceptionsFilter] [39m[33m[undefined] GET /api/notifications/stream -> 401 (Credenciales inválidas o sesión expirada)[39m
[33m[Nest] 7392  - [39m03/08/2026, 3:24:06 p. m. [33m   WARN[39m [38;5;3m[AllExceptionsFilter] [39m[33m[undefined] GET /api/notifications/stream -> 401 (Credenciales inválidas o sesión expirada)[39m
[33m[Nest] 7392  - [39m03/08/2026, 3:24:10 p. m. [33m   WARN[39m [38;5;3m[AllExceptionsFilter] [39m[33m[undefined] GET /api/notifications/stream -> 401 (Credenciales inválidas o sesión expirada)[39m
[33m[Nest] 7392  - [39m03/08/2026, 3:24:14 p. m. [33m   WARN[39m [38;5;3m[AllExceptionsFilter] [39m[33m[undefined] GET /api/notifications/stream -> 401 (Credenciales inválidas o sesión expirada)[39m
[33m[Nest] 7392  - [39m03/08/2026, 3:24:18 p. m. [33m   WARN[39m [38;5;3m[AllExceptionsFilter] [39m[33m[undefined] GET /api/notifications/stream -> 401 (Credenciales inválidas o sesión expirada)[39m
[33m[Nest] 7392  - [39m03/08/2026, 3:24:22 p. m. [33m   WARN[39m [38;5;3m[AllExceptionsFilter] [39m[33m[undefined] GET /api/notifications/stream -> 401 (Credenciales inválidas o sesión expirada)[39m
[33m[Nest] 7392  - [39m03/08/2026, 3:24:26 p. m. [33m   WARN[39m [38;5;3m[AllExceptionsFilter] [39m[33m[undefined] GET /api/notifications/stream -> 401 (Credenciales inválidas o sesión expirada)[39m
[33m[Nest] 7392  - [39m03/08/2026, 3:24:30 p. m. [33m   WARN[39m [38;5;3m[AllExceptionsFilter] [39m[33m[undefined] GET /api/notifications/stream -> 401 (Credenciales inválidas o sesión expirada)[39m
[33m[Nest] 7392  - [39m03/08/2026, 3:24:34 p. m. [33m   WARN[39m [38;5;3m[AllExceptionsFilter] [39m[33m[undefined] GET /api/notifications/stream -> 401 (Credenciales inválidas o sesión expirada)[39m
[33m[Nest] 7392  - [39m03/08/2026, 3:24:38 p. m. [33m   WARN[39m [38;5;3m[AllExceptionsFilter] [39m[33m[undefined] GET /api/notifications/stream -> 401 (Credenciales inválidas o sesión expirada)[39m
[33m[Nest] 7392  - [39m03/08/2026, 3:24:42 p. m. [33m   WARN[39m [38;5;3m[AllExceptionsFilter] [39m[33m[undefined] GET /api/notifications/stream -> 401 (Credenciales inválidas o sesión expirada)[39m
[33m[Nest] 7392  - [39m03/08/2026, 3:24:46 p. m. [33m   WARN[39m [38;5;3m[AllExceptionsFilter] [39m[33m[undefined] GET /api/notifications/stream -> 401 (Credenciales inválidas o sesión expirada)[39m
[33m[Nest] 7392  - [39m03/08/2026, 3:24:50 p. m. [33m   WARN[39m [38;5;3m[AllExceptionsFilter] [39m[33m[undefined] GET /api/notifications/stream -> 401 (Credenciales inválidas o sesión expirada)[39m
[33m[Nest] 7392  - [39m03/08/2026, 3:24:54 p. m. [33m   WARN[39m [38;5;3m[AllExceptionsFilter] [39m[33m[undefined] GET /api/notifications/stream -> 401 (Credenciales inválidas o sesión expirada)[39m
[33m[Nest] 7392  - [39m03/08/2026, 3:24:58 p. m. [33m   WARN[39m [38;5;3m[AllExceptionsFilter] [39m[33m[undefined] GET /api/notifications/stream -> 401 (Credenciales inválidas o sesión expirada)[39m
[33m[Nest] 7392  - [39m03/08/2026, 3:25:02 p. m. [33m   WARN[39m [38;5;3m[AllExceptionsFilter] [39m[33m[undefined] GET /api/notifications/stream -> 401 (Credenciales inválidas o sesión expirada)[39m
[33m[Nest] 7392  - [39m03/08/2026, 3:25:06 p. m. [33m   WARN[39m [38;5;3m[AllExceptionsFilter] [39m[33m[undefined] GET /api/notifications/stream -> 401 (Credenciales inválidas o sesión expirada)[39m
[33m[Nest] 7392  - [39m03/08/2026, 3:25:10 p. m. [33m   WARN[39m [38;5;3m[AllExceptionsFilter] [39m[33m[undefined] GET /api/notifications/stream -> 401 (Credenciales inválidas o sesión expirada)[39m
[33m[Nest] 7392  - [39m03/08/2026, 3:25:14 p. m. [33m   WARN[39m [38;5;3m[AllExceptionsFilter] [39m[33m[undefined] GET /api/notifications/stream -> 401 (Credenciales inválidas o sesión expirada)[39m
[33m[Nest] 7392  - [39m03/08/2026, 3:25:18 p. m. [33m   WARN[39m [38;5;3m[AllExceptionsFilter] [39m[33m[undefined] GET /api/notifications/stream -> 401 (Credenciales inválidas o sesión expirada)[39m
[33m[Nest] 7392  - [39m03/08/2026, 3:25:22 p. m. [33m   WARN[39m [38;5;3m[AllExceptionsFilter] [39m[33m[undefined] GET /api/notifications/stream -> 401 (Credenciales inválidas o sesión expirada)[39m
[33m[Nest] 7392  - [39m03/08/2026, 3:25:26 p. m. [33m   WARN[39m [38;5;3m[AllExceptionsFilter] [39m[33m[undefined] GET /api/notifications/stream -> 401 (Credenciales inválidas o sesión expirada)[39m
[33m[Nest] 7392  - [39m03/08/2026, 3:25:30 p. m. [33m   WARN[39m [38;5;3m[AllExceptionsFilter] [39m[33m[undefined] GET /api/notifications/stream -> 401 (Credenciales inválidas o sesión expirada)[39m
[33m[Nest] 7392  - [39m03/08/2026, 3:25:34 p. m. [33m   WARN[39m [38;5;3m[AllExceptionsFilter] [39m[33m[undefined] GET /api/notifications/stream -> 401 (Credenciales inválidas o sesión expirada)[39m
[33m[Nest] 7392  - [39m03/08/2026, 3:25:38 p. m. [33m   WARN[39m [38;5;3m[AllExceptionsFilter] [39m[33m[undefined] GET /api/notifications/stream -> 401 (Credenciales inválidas o sesión expirada)[39m
[33m[Nest] 7392  - [39m03/08/2026, 3:25:42 p. m. [33m   WARN[39m [38;5;3m[AllExceptionsFilter] [39m[33m[undefined] GET /api/notifications/stream -> 401 (Credenciales inválidas o sesión expirada)[39m
[33m[Nest] 7392  - [39m03/08/2026, 3:25:46 p. m. [33m   WARN[39m [38;5;3m[AllExceptionsFilter] [39m[33m[undefined] GET /api/notifications/stream -> 401 (Credenciales inválidas o sesión expirada)[39m
[33m[Nest] 7392  - [39m03/08/2026, 3:25:50 p. m. [33m   WARN[39m [38;5;3m[AllExceptionsFilter] [39m[33m[undefined] GET /api/notifications/stream -> 401 (Credenciales inválidas o sesión expirada)[39m
[33m[Nest] 7392  - [39m03/08/2026, 3:25:54 p. m. [33m   WARN[39m [38;5;3m[AllExceptionsFilter] [39m[33m[undefined] GET /api/notifications/stream -> 401 (Credenciales inválidas o sesión expirada)[39m
[33m[Nest] 7392  - [39m03/08/2026, 3:25:58 p. m. [33m   WARN[39m [38;5;3m[AllExceptionsFilter] [39m[33m[undefined] GET /api/notifications/stream -> 401 (Credenciales inválidas o sesión expirada)[39m
[33m[Nest] 7392  - [39m03/08/2026, 3:26:02 p. m. [33m   WARN[39m [38;5;3m[AllExceptionsFilter] [39m[33m[undefined] GET /api/notifications/stream -> 401 (Credenciales inválidas o sesión expirada)[39m
[33m[Nest] 7392  - [39m03/08/2026, 3:26:06 p. m. [33m   WARN[39m [38;5;3m[AllExceptionsFilter] [39m[33m[undefined] GET /api/notifications/stream -> 401 (Credenciales inválidas o sesión expirada)[39m
[33m[Nest] 7392  - [39m03/08/2026, 3:26:10 p. m. [33m   WARN[39m [38;5;3m[AllExceptionsFilter] [39m[33m[undefined] GET /api/notifications/stream -> 401 (Credenciales inválidas o sesión expirada)[39m
[33m[Nest] 7392  - [39m03/08/2026, 3:26:14 p. m. [33m   WARN[39m [38;5;3m[AllExceptionsFilter] [39m[33m[undefined] GET /api/notifications/stream -> 401 (Credenciales inválidas o sesión expirada)[39m
[33m[Nest] 7392  - [39m03/08/2026, 3:26:18 p. m. [33m   WARN[39m [38;5;3m[AllExceptionsFilter] [39m[33m[undefined] GET /api/notifications/stream -> 401 (Credenciales inválidas o sesión expirada)[39m
[33m[Nest] 7392  - [39m03/08/2026, 3:26:22 p. m. [33m   WARN[39m [38;5;3m[AllExceptionsFilter] [39m[33m[undefined] GET /api/notifications/stream -> 401 (Credenciales inválidas o sesión expirada)[39m
[33m[Nest] 7392  - [39m03/08/2026, 3:26:26 p. m. [33m   WARN[39m [38;5;3m[AllExceptionsFilter] [39m[33m[undefined] GET /api/notifications/stream -> 401 (Credenciales inválidas o sesión expirada)[39m
[33m[Nest] 7392  - [39m03/08/2026, 3:26:30 p. m. [33m   WARN[39m [38;5;3m[AllExceptionsFilter] [39m[33m[undefined] GET /api/notifications/stream -> 401 (Credenciales inválidas o sesión expirada)[39m
[33m[Nest] 7392  - [39m03/08/2026, 3:26:34 p. m. [33m   WARN[39m [38;5;3m[AllExceptionsFilter] [39m[33m[undefined] GET /api/notifications/stream -> 401 (Credenciales inválidas o sesión expirada)[39m
[33m[Nest] 7392  - [39m03/08/2026, 3:26:38 p. m. [33m   WARN[39m [38;5;3m[AllExceptionsFilter] [39m[33m[undefined] GET /api/notifications/stream -> 401 (Credenciales inválidas o sesión expirada)[39m
[33m[Nest] 7392  - [39m03/08/2026, 3:26:42 p. m. [33m   WARN[39m [38;5;3m[AllExceptionsFilter] [39m[33m[undefined] GET /api/notifications/stream -> 401 (Credenciales inválidas o sesión expirada)[39m
[33m[Nest] 7392  - [39m03/08/2026, 3:26:46 p. m. [33m   WARN[39m [38;5;3m[AllExceptionsFilter] [39m[33m[undefined] GET /api/notifications/stream -> 401 (Credenciales inválidas o sesión expirada)[39m
[33m[Nest] 7392  - [39m03/08/2026, 3:26:50 p. m. [33m   WARN[39m [38;5;3m[AllExceptionsFilter] [39m[33m[undefined] GET /api/notifications/stream -> 401 (Credenciales inválidas o sesión expirada)[39m
[33m[Nest] 7392  - [39m03/08/2026, 3:26:54 p. m. [33m   WARN[39m [38;5;3m[AllExceptionsFilter] [39m[33m[undefined] GET /api/notifications/stream -> 401 (Credenciales inválidas o sesión expirada)[39m
[33m[Nest] 7392  - [39m03/08/2026, 3:26:58 p. m. [33m   WARN[39m [38;5;3m[AllExceptionsFilter] [39m[33m[undefined] GET /api/notifications/stream -> 401 (Credenciales inválidas o sesión expirada)[39m
[33m[Nest] 7392  - [39m03/08/2026, 3:27:02 p. m. [33m   WARN[39m [38;5;3m[AllExceptionsFilter] [39m[33m[undefined] GET /api/notifications/stream -> 401 (Credenciales inválidas o sesión expirada)[39m
[33m[Nest] 7392  - [39m03/08/2026, 3:27:06 p. m. [33m   WARN[39m [38;5;3m[AllExceptionsFilter] [39m[33m[undefined] GET /api/notifications/stream -> 401 (Credenciales inválidas o sesión expirada)[39m
[33m[Nest] 7392  - [39m03/08/2026, 3:27:10 p. m. [33m   WARN[39m [38;5;3m[AllExceptionsFilter] [39m[33m[undefined] GET /api/notifications/stream -> 401 (Credenciales inválidas o sesión expirada)[39m
[33m[Nest] 7392  - [39m03/08/2026, 3:27:14 p. m. [33m   WARN[39m [38;5;3m[AllExceptionsFilter] [39m[33m[undefined] GET /api/notifications/stream -> 401 (Credenciales inválidas o sesión expirada)[39m
[33m[Nest] 7392  - [39m03/08/2026, 3:27:18 p. m. [33m   WARN[39m [38;5;3m[AllExceptionsFilter] [39m[33m[undefined] GET /api/notifications/stream -> 401 (Credenciales inválidas o sesión expirada)[39m
[33m[Nest] 7392  - [39m03/08/2026, 3:27:22 p. m. [33m   WARN[39m [38;5;3m[AllExceptionsFilter] [39m[33m[undefined] GET /api/notifications/stream -> 401 (Credenciales inválidas o sesión expirada)[39m
[33m[Nest] 7392  - [39m03/08/2026, 3:27:26 p. m. [33m   WARN[39m [38;5;3m[AllExceptionsFilter] [39m[33m[undefined] GET /api/notifications/stream -> 401 (Credenciales inválidas o sesión expirada)[39m
[33m[Nest] 7392  - [39m03/08/2026, 3:27:30 p. m. [33m   WARN[39m [38;5;3m[AllExceptionsFilter] [39m[33m[undefined] GET /api/notifications/stream -> 401 (Credenciales inválidas o sesión expirada)[39m
[33m[Nest] 7392  - [39m03/08/2026, 3:27:34 p. m. [33m   WARN[39m [38;5;3m[AllExceptionsFilter] [39m[33m[undefined] GET /api/notifications/stream -> 401 (Credenciales inválidas o sesión expirada)[39m
[33m[Nest] 7392  - [39m03/08/2026, 3:27:38 p. m. [33m   WARN[39m [38;5;3m[AllExceptionsFilter] [39m[33m[undefined] GET /api/notifications/stream -> 401 (Credenciales inválidas o sesión expirada)[39m
[33m[Nest] 7392  - [39m03/08/2026, 3:27:42 p. m. [33m   WARN[39m [38;5;3m[AllExceptionsFilter] [39m[33m[undefined] GET /api/notifications/stream -> 401 (Credenciales inválidas o sesión expirada)[39m
[33m[Nest] 7392  - [39m03/08/2026, 3:27:46 p. m. [33m   WARN[39m [38;5;3m[AllExceptionsFilter] [39m[33m[undefined] GET /api/notifications/stream -> 401 (Credenciales inválidas o sesión expirada)[39m
[33m[Nest] 7392  - [39m03/08/2026, 3:27:50 p. m. [33m   WARN[39m [38;5;3m[AllExceptionsFilter] [39m[33m[undefined] GET /api/notifications/stream -> 401 (Credenciales inválidas o sesión expirada)[39m
[33m[Nest] 7392  - [39m03/08/2026, 3:27:54 p. m. [33m   WARN[39m [38;5;3m[AllExceptionsFilter] [39m[33m[undefined] GET /api/notifications/stream -> 401 (Credenciales inválidas o sesión expirada)[39m
[33m[Nest] 7392  - [39m03/08/2026, 3:27:58 p. m. [33m   WARN[39m [38;5;3m[AllExceptionsFilter] [39m[33m[undefined] GET /api/notifications/stream -> 401 (Credenciales inválidas o sesión expirada)[39m
[33m[Nest] 7392  - [39m03/08/2026, 3:28:02 p. m. [33m   WARN[39m [38;5;3m[AllExceptionsFilter] [39m[33m[undefined] GET /api/notifications/stream -> 401 (Credenciales inválidas o sesión expirada)[39m
[33m[Nest] 7392  - [39m03/08/2026, 3:28:06 p. m. [33m   WARN[39m [38;5;3m[AllExceptionsFilter] [39m[33m[undefined] GET /api/notifications/stream -> 401 (Credenciales inválidas o sesión expirada)[39m
[33m[Nest] 7392  - [39m03/08/2026, 3:28:10 p. m. [33m   WARN[39m [38;5;3m[AllExceptionsFilter] [39m[33m[undefined] GET /api/notifications/stream -> 401 (Credenciales inválidas o sesión expirada)[39m
[33m[Nest] 7392  - [39m03/08/2026, 3:28:14 p. m. [33m   WARN[39m [38;5;3m[AllExceptionsFilter] [39m[33m[undefined] GET /api/notifications/stream -> 401 (Credenciales inválidas o sesión expirada)[39m
[33m[Nest] 7392  - [39m03/08/2026, 3:28:18 p. m. [33m   WARN[39m [38;5;3m[AllExceptionsFilter] [39m[33m[undefined] GET /api/notifications/stream -> 401 (Credenciales inválidas o sesión expirada)[39m
[33m[Nest] 7392  - [39m03/08/2026, 3:28:22 p. m. [33m   WARN[39m [38;5;3m[AllExceptionsFilter] [39m[33m[undefined] GET /api/notifications/stream -> 401 (Credenciales inválidas o sesión expirada)[39m
[33m[Nest] 7392  - [39m03/08/2026, 3:28:26 p. m. [33m   WARN[39m [38;5;3m[AllExceptionsFilter] [39m[33m[undefined] GET /api/notifications/stream -> 401 (Credenciales inválidas o sesión expirada)[39m
[33m[Nest] 7392  - [39m03/08/2026, 3:28:30 p. m. [33m   WARN[39m [38;5;3m[AllExceptionsFilter] [39m[33m[undefined] GET /api/notifications/stream -> 401 (Credenciales inválidas o sesión expirada)[39m
[33m[Nest] 7392  - [39m03/08/2026, 3:28:34 p. m. [33m   WARN[39m [38;5;3m[AllExceptionsFilter] [39m[33m[undefined] GET /api/notifications/stream -> 401 (Credenciales inválidas o sesión expirada)[39m
[33m[Nest] 7392  - [39m03/08/2026, 3:28:38 p. m. [33m   WARN[39m [38;5;3m[AllExceptionsFilter] [39m[33m[undefined] GET /api/notifications/stream -> 401 (Credenciales inválidas o sesión expirada)[39m
[33m[Nest] 7392  - [39m03/08/2026, 3:28:42 p. m. [33m   WARN[39m [38;5;3m[AllExceptionsFilter] [39m[33m[undefined] GET /api/notifications/stream -> 401 (Credenciales inválidas o sesión expirada)[39m
[33m[Nest] 7392  - [39m03/08/2026, 3:28:46 p. m. [33m   WARN[39m [38;5;3m[AllExceptionsFilter] [39m[33m[undefined] GET /api/notifications/stream -> 401 (Credenciales inválidas o sesión expirada)[39m
[33m[Nest] 7392  - [39m03/08/2026, 3:28:50 p. m. [33m   WARN[39m [38;5;3m[AllExceptionsFilter] [39m[33m[undefined] GET /api/notifications/stream -> 401 (Credenciales inválidas o sesión expirada)[39m
[33m[Nest] 7392  - [39m03/08/2026, 3:28:54 p. m. [33m   WARN[39m [38;5;3m[AllExceptionsFilter] [39m[33m[undefined] GET /api/notifications/stream -> 401 (Credenciales inválidas o sesión expirada)[39m
[33m[Nest] 7392  - [39m03/08/2026, 3:28:58 p. m. [33m   WARN[39m [38;5;3m[AllExceptionsFilter] [39m[33m[undefined] GET /api/notifications/stream -> 401 (Credenciales inválidas o sesión expirada)[39m
[33m[Nest] 7392  - [39m03/08/2026, 3:29:02 p. m. [33m   WARN[39m [38;5;3m[AllExceptionsFilter] [39m[33m[undefined] GET /api/notifications/stream -> 401 (Credenciales inválidas o sesión expirada)[39m
[33m[Nest] 7392  - [39m03/08/2026, 3:29:06 p. m. [33m   WARN[39m [38;5;3m[AllExceptionsFilter] [39m[33m[undefined] GET /api/notifications/stream -> 401 (Credenciales inválidas o sesión expirada)[39m
[33m[Nest] 7392  - [39m03/08/2026, 3:29:10 p. m. [33m   WARN[39m [38;5;3m[AllExceptionsFilter] [39m[33m[undefined] GET /api/notifications/stream -> 401 (Credenciales inválidas o sesión expirada)[39m
[33m[Nest] 7392  - [39m03/08/2026, 3:29:14 p. m. [33m   WARN[39m [38;5;3m[AllExceptionsFilter] [39m[33m[undefined] GET /api/notifications/stream -> 401 (Credenciales inválidas o sesión expirada)[39m
[33m[Nest] 7392  - [39m03/08/2026, 3:29:18 p. m. [33m   WARN[39m [38;5;3m[AllExceptionsFilter] [39m[33m[undefined] GET /api/notifications/stream -> 401 (Credenciales inválidas o sesión expirada)[39m
[33m[Nest] 7392  - [39m03/08/2026, 3:29:22 p. m. [33m   WARN[39m [38;5;3m[AllExceptionsFilter] [39m[33m[undefined] GET /api/notifications/stream -> 401 (Credenciales inválidas o sesión expirada)[39m
[33m[Nest] 7392  - [39m03/08/2026, 3:29:26 p. m. [33m   WARN[39m [38;5;3m[AllExceptionsFilter] [39m[33m[undefined] GET /api/notifications/stream -> 401 (Credenciales inválidas o sesión expirada)[39m
[33m[Nest] 7392  - [39m03/08/2026, 3:29:30 p. m. [33m   WARN[39m [38;5;3m[AllExceptionsFilter] [39m[33m[undefined] GET /api/notifications/stream -> 401 (Credenciales inválidas o sesión expirada)[39m
[33m[Nest] 7392  - [39m03/08/2026, 3:29:34 p. m. [33m   WARN[39m [38;5;3m[AllExceptionsFilter] [39m[33m[undefined] GET /api/notifications/stream -> 401 (Credenciales inválidas o sesión expirada)[39m
[33m[Nest] 7392  - [39m03/08/2026, 3:29:38 p. m. [33m   WARN[39m [38;5;3m[AllExceptionsFilter] [39m[33m[undefined] GET /api/notifications/stream -> 401 (Credenciales inválidas o sesión expirada)[39m
[33m[Nest] 7392  - [39m03/08/2026, 3:29:42 p. m. [33m   WARN[39m [38;5;3m[AllExceptionsFilter] [39m[33m[undefined] GET /api/notifications/stream -> 401 (Credenciales inválidas o sesión expirada)[39m
[33m[Nest] 7392  - [39m03/08/2026, 3:29:46 p. m. [33m   WARN[39m [38;5;3m[AllExceptionsFilter] [39m[33m[undefined] GET /api/notifications/stream -> 401 (Credenciales inválidas o sesión expirada)[39m
[33m[Nest] 7392  - [39m03/08/2026, 3:29:50 p. m. [33m   WARN[39m [38;5;3m[AllExceptionsFilter] [39m[33m[undefined] GET /api/notifications/stream -> 401 (Credenciales inválidas o sesión expirada)[39m
[33m[Nest] 7392  - [39m03/08/2026, 3:29:54 p. m. [33m   WARN[39m [38;5;3m[AllExceptionsFilter] [39m[33m[undefined] GET /api/notifications/stream -> 401 (Credenciales inválidas o sesión expirada)[39m
[33m[Nest] 7392  - [39m03/08/2026, 3:29:58 p. m. [33m   WARN[39m [38;5;3m[AllExceptionsFilter] [39m[33m[undefined] GET /api/notifications/stream -> 401 (Credenciales inválidas o sesión expirada)[39m
[33m[Nest] 7392  - [39m03/08/2026, 3:30:02 p. m. [33m   WARN[39m [38;5;3m[AllExceptionsFilter] [39m[33m[undefined] GET /api/notifications/stream -> 401 (Credenciales inválidas o sesión expirada)[39m
[33m[Nest] 7392  - [39m03/08/2026, 3:30:06 p. m. [33m   WARN[39m [38;5;3m[AllExceptionsFilter] [39m[33m[undefined] GET /api/notifications/stream -> 401 (Credenciales inválidas o sesión expirada)[39m
[33m[Nest] 7392  - [39m03/08/2026, 3:30:10 p. m. [33m   WARN[39m [38;5;3m[AllExceptionsFilter] [39m[33m[undefined] GET /api/notifications/stream -> 401 (Credenciales inválidas o sesión expirada)[39m
[33m[Nest] 7392  - [39m03/08/2026, 3:30:14 p. m. [33m   WARN[39m [38;5;3m[AllExceptionsFilter] [39m[33m[undefined] GET /api/notifications/stream -> 401 (Credenciales inválidas o sesión expirada)[39m
[33m[Nest] 7392  - [39m03/08/2026, 3:30:18 p. m. [33m   WARN[39m [38;5;3m[AllExceptionsFilter] [39m[33m[undefined] GET /api/notifications/stream -> 401 (Credenciales inválidas o sesión expirada)[39m
[33m[Nest] 7392  - [39m03/08/2026, 3:30:22 p. m. [33m   WARN[39m [38;5;3m[AllExceptionsFilter] [39m[33m[undefined] GET /api/notifications/stream -> 401 (Credenciales inválidas o sesión expirada)[39m
[33m[Nest] 7392  - [39m03/08/2026, 3:30:26 p. m. [33m   WARN[39m [38;5;3m[AllExceptionsFilter] [39m[33m[undefined] GET /api/notifications/stream -> 401 (Credenciales inválidas o sesión expirada)[39m
[33m[Nest] 7392  - [39m03/08/2026, 3:30:30 p. m. [33m   WARN[39m [38;5;3m[AllExceptionsFilter] [39m[33m[undefined] GET /api/notifications/stream -> 401 (Credenciales inválidas o sesión expirada)[39m
[33m[Nest] 7392  - [39m03/08/2026, 3:30:34 p. m. [33m   WARN[39m [38;5;3m[AllExceptionsFilter] [39m[33m[undefined] GET /api/notifications/stream -> 401 (Credenciales inválidas o sesión expirada)[39m
[33m[Nest] 7392  - [39m03/08/2026, 3:30:38 p. m. [33m   WARN[39m [38;5;3m[AllExceptionsFilter] [39m[33m[undefined] GET /api/notifications/stream -> 401 (Credenciales inválidas o sesión expirada)[39m
[33m[Nest] 7392  - [39m03/08/2026, 3:30:42 p. m. [33m   WARN[39m [38;5;3m[AllExceptionsFilter] [39m[33m[undefined] GET /api/notifications/stream -> 401 (Credenciales inválidas o sesión expirada)[39m
[33m[Nest] 7392  - [39m03/08/2026, 3:30:46 p. m. [33m   WARN[39m [38;5;3m[AllExceptionsFilter] [39m[33m[undefined] GET /api/notifications/stream -> 401 (Credenciales inválidas o sesión expirada)[39m
[33m[Nest] 7392  - [39m03/08/2026, 3:30:50 p. m. [33m   WARN[39m [38;5;3m[AllExceptionsFilter] [39m[33m[undefined] GET /api/notifications/stream -> 401 (Credenciales inválidas o sesión expirada)[39m
[33m[Nest] 7392  - [39m03/08/2026, 3:30:54 p. m. [33m   WARN[39m [38;5;3m[AllExceptionsFilter] [39m[33m[undefined] GET /api/notifications/stream -> 401 (Credenciales inválidas o sesión expirada)[39m
[33m[Nest] 7392  - [39m03/08/2026, 3:30:58 p. m. [33m   WARN[39m [38;5;3m[AllExceptionsFilter] [39m[33m[undefined] GET /api/notifications/stream -> 401 (Credenciales inválidas o sesión expirada)[39m
[33m[Nest] 7392  - [39m03/08/2026, 3:31:02 p. m. [33m   WARN[39m [38;5;3m[AllExceptionsFilter] [39m[33m[undefined] GET /api/notifications/stream -> 401 (Credenciales inválidas o sesión expirada)[39m
[33m[Nest] 7392  - [39m03/08/2026, 3:31:06 p. m. [33m   WARN[39m [38;5;3m[AllExceptionsFilter] [39m[33m[undefined] GET /api/notifications/stream -> 401 (Credenciales inválidas o sesión expirada)[39m
[33m[Nest] 7392  - [39m03/08/2026, 3:31:10 p. m. [33m   WARN[39m [38;5;3m[AllExceptionsFilter] [39m[33m[undefined] GET /api/notifications/stream -> 401 (Credenciales inválidas o sesión expirada)[39m
[33m[Nest] 7392  - [39m03/08/2026, 3:31:14 p. m. [33m   WARN[39m [38;5;3m[AllExceptionsFilter] [39m[33m[undefined] GET /api/notifications/stream -> 401 (Credenciales inválidas o sesión expirada)[39m
[33m[Nest] 7392  - [39m03/08/2026, 3:31:18 p. m. [33m   WARN[39m [38;5;3m[AllExceptionsFilter] [39m[33m[undefined] GET /api/notifications/stream -> 401 (Credenciales inválidas o sesión expirada)[39m
[33m[Nest] 7392  - [39m03/08/2026, 3:31:22 p. m. [33m   WARN[39m [38;5;3m[AllExceptionsFilter] [39m[33m[undefined] GET /api/notifications/stream -> 401 (Credenciales inválidas o sesión expirada)[39m
[33m[Nest] 7392  - [39m03/08/2026, 3:31:26 p. m. [33m   WARN[39m [38;5;3m[AllExceptionsFilter] [39m[33m[undefined] GET /api/notifications/stream -> 401 (Credenciales inválidas o sesión expirada)[39m
[33m[Nest] 7392  - [39m03/08/2026, 3:31:30 p. m. [33m   WARN[39m [38;5;3m[AllExceptionsFilter] [39m[33m[undefined] GET /api/notifications/stream -> 401 (Credenciales inválidas o sesión expirada)[39m
[33m[Nest] 7392  - [39m03/08/2026, 3:31:34 p. m. [33m   WARN[39m [38;5;3m[AllExceptionsFilter] [39m[33m[undefined] GET /api/notifications/stream -> 401 (Credenciales inválidas o sesión expirada)[39m
[33m[Nest] 7392  - [39m03/08/2026, 3:31:38 p. m. [33m   WARN[39m [38;5;3m[AllExceptionsFilter] [39m[33m[undefined] GET /api/notifications/stream -> 401 (Credenciales inválidas o sesión expirada)[39m
[33m[Nest] 7392  - [39m03/08/2026, 3:31:42 p. m. [33m   WARN[39m [38;5;3m[AllExceptionsFilter] [39m[33m[undefined] GET /api/notifications/stream -> 401 (Credenciales inválidas o sesión expirada)[39m
[33m[Nest] 7392  - [39m03/08/2026, 3:31:46 p. m. [33m   WARN[39m [38;5;3m[AllExceptionsFilter] [39m[33m[undefined] GET /api/notifications/stream -> 401 (Credenciales inválidas o sesión expirada)[39m
[33m[Nest] 7392  - [39m03/08/2026, 3:31:50 p. m. [33m   WARN[39m [38;5;3m[AllExceptionsFilter] [39m[33m[undefined] GET /api/notifications/stream -> 401 (Credenciales inválidas o sesión expirada)[39m
[33m[Nest] 7392  - [39m03/08/2026, 3:31:54 p. m. [33m   WARN[39m [38;5;3m[AllExceptionsFilter] [39m[33m[undefined] GET /api/notifications/stream -> 401 (Credenciales inválidas o sesión expirada)[39m
[33m[Nest] 7392  - [39m03/08/2026, 3:31:58 p. m. [33m   WARN[39m [38;5;3m[AllExceptionsFilter] [39m[33m[undefined] GET /api/notifications/stream -> 401 (Credenciales inválidas o sesión expirada)[39m
[33m[Nest] 7392  - [39m03/08/2026, 3:32:02 p. m. [33m   WARN[39m [38;5;3m[AllExceptionsFilter] [39m[33m[undefined] GET /api/notifications/stream -> 401 (Credenciales inválidas o sesión expirada)[39m
[33m[Nest] 7392  - [39m03/08/2026, 3:32:06 p. m. [33m   WARN[39m [38;5;3m[AllExceptionsFilter] [39m[33m[undefined] GET /api/notifications/stream -> 401 (Credenciales inválidas o sesión expirada)[39m
[33m[Nest] 7392  - [39m03/08/2026, 3:32:10 p. m. [33m   WARN[39m [38;5;3m[AllExceptionsFilter] [39m[33m[undefined] GET /api/notifications/stream -> 401 (Credenciales inválidas o sesión expirada)[39m
[33m[Nest] 7392  - [39m03/08/2026, 3:32:14 p. m. [33m   WARN[39m [38;5;3m[AllExceptionsFilter] [39m[33m[undefined] GET /api/notifications/stream -> 401 (Credenciales inválidas o sesión expirada)[39m
[33m[Nest] 7392  - [39m03/08/2026, 3:32:18 p. m. [33m   WARN[39m [38;5;3m[AllExceptionsFilter] [39m[33m[undefined] GET /api/notifications/stream -> 401 (Credenciales inválidas o sesión expirada)[39m
[33m[Nest] 7392  - [39m03/08/2026, 3:32:22 p. m. [33m   WARN[39m [38;5;3m[AllExceptionsFilter] [39m[33m[undefined] GET /api/notifications/stream -> 401 (Credenciales inválidas o sesión expirada)[39m
[33m[Nest] 7392  - [39m03/08/2026, 3:32:26 p. m. [33m   WARN[39m [38;5;3m[AllExceptionsFilter] [39m[33m[undefined] GET /api/notifications/stream -> 401 (Credenciales inválidas o sesión expirada)[39m
[33m[Nest] 7392  - [39m03/08/2026, 3:32:30 p. m. [33m   WARN[39m [38;5;3m[AllExceptionsFilter] [39m[33m[undefined] GET /api/notifications/stream -> 401 (Credenciales inválidas o sesión expirada)[39m
[33m[Nest] 7392  - [39m03/08/2026, 3:32:34 p. m. [33m   WARN[39m [38;5;3m[AllExceptionsFilter] [39m[33m[undefined] GET /api/notifications/stream -> 401 (Credenciales inválidas o sesión expirada)[39m
[33m[Nest] 7392  - [39m03/08/2026, 3:32:38 p. m. [33m   WARN[39m [38;5;3m[AllExceptionsFilter] [39m[33m[undefined] GET /api/notifications/stream -> 401 (Credenciales inválidas o sesión expirada)[39m
[33m[Nest] 7392  - [39m03/08/2026, 3:32:42 p. m. [33m   WARN[39m [38;5;3m[AllExceptionsFilter] [39m[33m[undefined] GET /api/notifications/stream -> 401 (Credenciales inválidas o sesión expirada)[39m
[33m[Nest] 7392  - [39m03/08/2026, 3:32:46 p. m. [33m   WARN[39m [38;5;3m[AllExceptionsFilter] [39m[33m[undefined] GET /api/notifications/stream -> 401 (Credenciales inválidas o sesión expirada)[39m
[33m[Nest] 7392  - [39m03/08/2026, 3:32:50 p. m. [33m   WARN[39m [38;5;3m[AllExceptionsFilter] [39m[33m[undefined] GET /api/notifications/stream -> 401 (Credenciales inválidas o sesión expirada)[39m
[33m[Nest] 7392  - [39m03/08/2026, 3:32:54 p. m. [33m   WARN[39m [38;5;3m[AllExceptionsFilter] [39m[33m[undefined] GET /api/notifications/stream -> 401 (Credenciales inválidas o sesión expirada)[39m
[33m[Nest] 7392  - [39m03/08/2026, 3:32:58 p. m. [33m   WARN[39m [38;5;3m[AllExceptionsFilter] [39m[33m[undefined] GET /api/notifications/stream -> 401 (Credenciales inválidas o sesión expirada)[39m
[33m[Nest] 7392  - [39m03/08/2026, 3:33:02 p. m. [33m   WARN[39m [38;5;3m[AllExceptionsFilter] [39m[33m[undefined] GET /api/notifications/stream -> 401 (Credenciales inválidas o sesión expirada)[39m
[33m[Nest] 7392  - [39m03/08/2026, 3:33:06 p. m. [33m   WARN[39m [38;5;3m[AllExceptionsFilter] [39m[33m[undefined] GET /api/notifications/stream -> 401 (Credenciales inválidas o sesión expirada)[39m
[33m[Nest] 7392  - [39m03/08/2026, 3:33:10 p. m. [33m   WARN[39m [38;5;3m[AllExceptionsFilter] [39m[33m[undefined] GET /api/notifications/stream -> 401 (Credenciales inválidas o sesión expirada)[39m
[33m[Nest] 7392  - [39m03/08/2026, 3:33:14 p. m. [33m   WARN[39m [38;5;3m[AllExceptionsFilter] [39m[33m[undefined] GET /api/notifications/stream -> 401 (Credenciales inválidas o sesión expirada)[39m
[33m[Nest] 7392  - [39m03/08/2026, 3:33:18 p. m. [33m   WARN[39m [38;5;3m[AllExceptionsFilter] [39m[33m[undefined] GET /api/notifications/stream -> 401 (Credenciales inválidas o sesión expirada)[39m
[33m[Nest] 7392  - [39m03/08/2026, 3:33:22 p. m. [33m   WARN[39m [38;5;3m[AllExceptionsFilter] [39m[33m[undefined] GET /api/notifications/stream -> 401 (Credenciales inválidas o sesión expirada)[39m
[33m[Nest] 7392  - [39m03/08/2026, 3:33:26 p. m. [33m   WARN[39m [38;5;3m[AllExceptionsFilter] [39m[33m[undefined] GET /api/notifications/stream -> 401 (Credenciales inválidas o sesión expirada)[39m
[33m[Nest] 7392  - [39m03/08/2026, 3:33:30 p. m. [33m   WARN[39m [38;5;3m[AllExceptionsFilter] [39m[33m[undefined] GET /api/notifications/stream -> 401 (Credenciales inválidas o sesión expirada)[39m
[33m[Nest] 7392  - [39m03/08/2026, 3:33:34 p. m. [33m   WARN[39m [38;5;3m[AllExceptionsFilter] [39m[33m[undefined] GET /api/notifications/stream -> 401 (Credenciales inválidas o sesión expirada)[39m
[33m[Nest] 7392  - [39m03/08/2026, 3:33:38 p. m. [33m   WARN[39m [38;5;3m[AllExceptionsFilter] [39m[33m[undefined] GET /api/notifications/stream -> 401 (Credenciales inválidas o sesión expirada)[39m
[33m[Nest] 7392  - [39m03/08/2026, 3:33:42 p. m. [33m   WARN[39m [38;5;3m[AllExceptionsFilter] [39m[33m[undefined] GET /api/notifications/stream -> 401 (Credenciales inválidas o sesión expirada)[39m
[33m[Nest] 7392  - [39m03/08/2026, 3:33:46 p. m. [33m   WARN[39m [38;5;3m[AllExceptionsFilter] [39m[33m[undefined] GET /api/notifications/stream -> 401 (Credenciales inválidas o sesión expirada)[39m
[33m[Nest] 7392  - [39m03/08/2026, 3:33:50 p. m. [33m   WARN[39m [38;5;3m[AllExceptionsFilter] [39m[33m[undefined] GET /api/notifications/stream -> 401 (Credenciales inválidas o sesión expirada)[39m
[33m[Nest] 7392  - [39m03/08/2026, 3:33:54 p. m. [33m   WARN[39m [38;5;3m[AllExceptionsFilter] [39m[33m[undefined] GET /api/notifications/stream -> 401 (Credenciales inválidas o sesión expirada)[39m
[33m[Nest] 7392  - [39m03/08/2026, 3:33:58 p. m. [33m   WARN[39m [38;5;3m[AllExceptionsFilter] [39m[33m[undefined] GET /api/notifications/stream -> 401 (Credenciales inválidas o sesión expirada)[39m
[33m[Nest] 7392  - [39m03/08/2026, 3:34:02 p. m. [33m   WARN[39m [38;5;3m[AllExceptionsFilter] [39m[33m[undefined] GET /api/notifications/stream -> 401 (Credenciales inválidas o sesión expirada)[39m
[33m[Nest] 7392  - [39m03/08/2026, 3:34:06 p. m. [33m   WARN[39m [38;5;3m[AllExceptionsFilter] [39m[33m[undefined] GET /api/notifications/stream -> 401 (Credenciales inválidas o sesión expirada)[39m
[33m[Nest] 7392  - [39m03/08/2026, 3:34:10 p. m. [33m   WARN[39m [38;5;3m[AllExceptionsFilter] [39m[33m[undefined] GET /api/notifications/stream -> 401 (Credenciales inválidas o sesión expirada)[39m
[33m[Nest] 7392  - [39m03/08/2026, 3:34:14 p. m. [33m   WARN[39m [38;5;3m[AllExceptionsFilter] [39m[33m[undefined] GET /api/notifications/stream -> 401 (Credenciales inválidas o sesión expirada)[39m
[33m[Nest] 7392  - [39m03/08/2026, 3:34:18 p. m. [33m   WARN[39m [38;5;3m[AllExceptionsFilter] [39m[33m[undefined] GET /api/notifications/stream -> 401 (Credenciales inválidas o sesión expirada)[39m
[33m[Nest] 7392  - [39m03/08/2026, 3:34:22 p. m. [33m   WARN[39m [38;5;3m[AllExceptionsFilter] [39m[33m[undefined] GET /api/notifications/stream -> 401 (Credenciales inválidas o sesión expirada)[39m
[33m[Nest] 7392  - [39m03/08/2026, 3:34:26 p. m. [33m   WARN[39m [38;5;3m[AllExceptionsFilter] [39m[33m[undefined] GET /api/notifications/stream -> 401 (Credenciales inválidas o sesión expirada)[39m
[33m[Nest] 7392  - [39m03/08/2026, 3:34:30 p. m. [33m   WARN[39m [38;5;3m[AllExceptionsFilter] [39m[33m[undefined] GET /api/notifications/stream -> 401 (Credenciales inválidas o sesión expirada)[39m
[33m[Nest] 7392  - [39m03/08/2026, 3:34:34 p. m. [33m   WARN[39m [38;5;3m[AllExceptionsFilter] [39m[33m[undefined] GET /api/notifications/stream -> 401 (Credenciales inválidas o sesión expirada)[39m
[33m[Nest] 7392  - [39m03/08/2026, 3:34:38 p. m. [33m   WARN[39m [38;5;3m[AllExceptionsFilter] [39m[33m[undefined] GET /api/notifications/stream -> 401 (Credenciales inválidas o sesión expirada)[39m
[33m[Nest] 7392  - [39m03/08/2026, 3:34:42 p. m. [33m   WARN[39m [38;5;3m[AllExceptionsFilter] [39m[33m[undefined] GET /api/notifications/stream -> 401 (Credenciales inválidas o sesión expirada)[39m
[33m[Nest] 7392  - [39m03/08/2026, 3:34:46 p. m. [33m   WARN[39m [38;5;3m[AllExceptionsFilter] [39m[33m[undefined] GET /api/notifications/stream -> 401 (Credenciales inválidas o sesión expirada)[39m
[33m[Nest] 7392  - [39m03/08/2026, 3:34:50 p. m. [33m   WARN[39m [38;5;3m[AllExceptionsFilter] [39m[33m[undefined] GET /api/notifications/stream -> 401 (Credenciales inválidas o sesión expirada)[39m
[33m[Nest] 7392  - [39m03/08/2026, 3:34:54 p. m. [33m   WARN[39m [38;5;3m[AllExceptionsFilter] [39m[33m[undefined] GET /api/notifications/stream -> 401 (Credenciales inválidas o sesión expirada)[39m
[33m[Nest] 7392  - [39m03/08/2026, 3:34:58 p. m. [33m   WARN[39m [38;5;3m[AllExceptionsFilter] [39m[33m[undefined] GET /api/notifications/stream -> 401 (Credenciales inválidas o sesión expirada)[39m
[33m[Nest] 7392  - [39m03/08/2026, 3:35:02 p. m. [33m   WARN[39m [38;5;3m[AllExceptionsFilter] [39m[33m[undefined] GET /api/notifications/stream -> 401 (Credenciales inválidas o sesión expirada)[39m
[33m[Nest] 7392  - [39m03/08/2026, 3:35:06 p. m. [33m   WARN[39m [38;5;3m[AllExceptionsFilter] [39m[33m[undefined] GET /api/notifications/stream -> 401 (Credenciales inválidas o sesión expirada)[39m
[33m[Nest] 7392  - [39m03/08/2026, 3:35:10 p. m. [33m   WARN[39m [38;5;3m[AllExceptionsFilter] [39m[33m[undefined] GET /api/notifications/stream -> 401 (Credenciales inválidas o sesión expirada)[39m
[33m[Nest] 7392  - [39m03/08/2026, 3:35:14 p. m. [33m   WARN[39m [38;5;3m[AllExceptionsFilter] [39m[33m[undefined] GET /api/notifications/stream -> 401 (Credenciales inválidas o sesión expirada)[39m
[33m[Nest] 7392  - [39m03/08/2026, 3:35:18 p. m. [33m   WARN[39m [38;5;3m[AllExceptionsFilter] [39m[33m[undefined] GET /api/notifications/stream -> 401 (Credenciales inválidas o sesión expirada)[39m
[33m[Nest] 7392  - [39m03/08/2026, 3:35:22 p. m. [33m   WARN[39m [38;5;3m[AllExceptionsFilter] [39m[33m[undefined] GET /api/notifications/stream -> 401 (Credenciales inválidas o sesión expirada)[39m
[33m[Nest] 7392  - [39m03/08/2026, 3:35:26 p. m. [33m   WARN[39m [38;5;3m[AllExceptionsFilter] [39m[33m[undefined] GET /api/notifications/stream -> 401 (Credenciales inválidas o sesión expirada)[39m
[33m[Nest] 7392  - [39m03/08/2026, 3:35:30 p. m. [33m   WARN[39m [38;5;3m[AllExceptionsFilter] [39m[33m[undefined] GET /api/notifications/stream -> 401 (Credenciales inválidas o sesión expirada)[39m
[33m[Nest] 7392  - [39m03/08/2026, 3:35:34 p. m. [33m   WARN[39m [38;5;3m[AllExceptionsFilter] [39m[33m[undefined] GET /api/notifications/stream -> 401 (Credenciales inválidas o sesión expirada)[39m
[33m[Nest] 7392  - [39m03/08/2026, 3:35:38 p. m. [33m   WARN[39m [38;5;3m[AllExceptionsFilter] [39m[33m[undefined] GET /api/notifications/stream -> 401 (Credenciales inválidas o sesión expirada)[39m
[33m[Nest] 7392  - [39m03/08/2026, 3:35:42 p. m. [33m   WARN[39m [38;5;3m[AllExceptionsFilter] [39m[33m[undefined] GET /api/notifications/stream -> 401 (Credenciales inválidas o sesión expirada)[39m
[33m[Nest] 7392  - [39m03/08/2026, 3:35:46 p. m. [33m   WARN[39m [38;5;3m[AllExceptionsFilter] [39m[33m[undefined] GET /api/notifications/stream -> 401 (Credenciales inválidas o sesión expirada)[39m
[33m[Nest] 7392  - [39m03/08/2026, 3:35:50 p. m. [33m   WARN[39m [38;5;3m[AllExceptionsFilter] [39m[33m[undefined] GET /api/notifications/stream -> 401 (Credenciales inválidas o sesión expirada)[39m
[33m[Nest] 7392  - [39m03/08/2026, 3:35:54 p. m. [33m   WARN[39m [38;5;3m[AllExceptionsFilter] [39m[33m[undefined] GET /api/notifications/stream -> 401 (Credenciales inválidas o sesión expirada)[39m
[33m[Nest] 7392  - [39m03/08/2026, 3:35:58 p. m. [33m   WARN[39m [38;5;3m[AllExceptionsFilter] [39m[33m[undefined] GET /api/notifications/stream -> 401 (Credenciales inválidas o sesión expirada)[39m
[33m[Nest] 7392  - [39m03/08/2026, 3:36:02 p. m. [33m   WARN[39m [38;5;3m[AllExceptionsFilter] [39m[33m[undefined] GET /api/notifications/stream -> 401 (Credenciales inválidas o sesión expirada)[39m
[33m[Nest] 7392  - [39m03/08/2026, 3:36:06 p. m. [33m   WARN[39m [38;5;3m[AllExceptionsFilter] [39m[33m[undefined] GET /api/notifications/stream -> 401 (Credenciales inválidas o sesión expirada)[39m
[33m[Nest] 7392  - [39m03/08/2026, 3:36:10 p. m. [33m   WARN[39m [38;5;3m[AllExceptionsFilter] [39m[33m[undefined] GET /api/notifications/stream -> 401 (Credenciales inválidas o sesión expirada)[39m
[33m[Nest] 7392  - [39m03/08/2026, 3:36:14 p. m. [33m   WARN[39m [38;5;3m[AllExceptionsFilter] [39m[33m[undefined] GET /api/notifications/stream -> 401 (Credenciales inválidas o sesión expirada)[39m
[33m[Nest] 7392  - [39m03/08/2026, 3:36:18 p. m. [33m   WARN[39m [38;5;3m[AllExceptionsFilter] [39m[33m[undefined] GET /api/notifications/stream -> 401 (Credenciales inválidas o sesión expirada)[39m
[33m[Nest] 7392  - [39m03/08/2026, 3:36:22 p. m. [33m   WARN[39m [38;5;3m[AllExceptionsFilter] [39m[33m[undefined] GET /api/notifications/stream -> 401 (Credenciales inválidas o sesión expirada)[39m
[33m[Nest] 7392  - [39m03/08/2026, 3:36:26 p. m. [33m   WARN[39m [38;5;3m[AllExceptionsFilter] [39m[33m[undefined] GET /api/notifications/stream -> 401 (Credenciales inválidas o sesión expirada)[39m
[33m[Nest] 7392  - [39m03/08/2026, 3:36:30 p. m. [33m   WARN[39m [38;5;3m[AllExceptionsFilter] [39m[33m[undefined] GET /api/notifications/stream -> 401 (Credenciales inválidas o sesión expirada)[39m
[33m[Nest] 7392  - [39m03/08/2026, 3:36:34 p. m. [33m   WARN[39m [38;5;3m[AllExceptionsFilter] [39m[33m[undefined] GET /api/notifications/stream -> 401 (Credenciales inválidas o sesión expirada)[39m
[33m[Nest] 7392  - [39m03/08/2026, 3:36:38 p. m. [33m   WARN[39m [38;5;3m[AllExceptionsFilter] [39m[33m[undefined] GET /api/notifications/stream -> 401 (Credenciales inválidas o sesión expirada)[39m
[33m[Nest] 7392  - [39m03/08/2026, 3:36:42 p. m. [33m   WARN[39m [38;5;3m[AllExceptionsFilter] [39m[33m[undefined] GET /api/notifications/stream -> 401 (Credenciales inválidas o sesión expirada)[39m
